datetime,open,high,low,close,volume
2026-08-17 09:15:00+05:30,24000.0,24000.298033946514,23996.381393067626,23996.885927353305,5887
2026-08-17 09:16:00+05:30,23996.885927353305,23997.589975360144,23995.944190926893,23996.9267985755,796
2026-08-17 09:17:00+05:30,23996.9267985755,24000.33529606635,23996.599476044485,23998.3735564148,4626
2026-08-17 09:18:00+05:30,23998.3735564148,24000.2935793216,23995.82143117792,23996.06489010653,1789
2026-08-17 09:19:00+05:30,23996.06489010653,23996.16532553791,23990.657839428713,23992.053710596847,4162
2026-08-17 09:20:00+05:30,23992.053710596847,23992.909686642804,23990.1155607649,23990.779614929324,4221
2026-08-17 09:21:00+05:30,23990.779614929324,23991.486932438962,23989.948777542908,23990.440342934777,1172
2026-08-17 09:22:00+05:30,23990.440342934777,23990.748419086416,23985.44831183412,23986.62520866137,5285
2026-08-17 09:23:00+05:30,23986.62520866137,23988.172511157474,23986.018955837517,23986.04378431036,708
2026-08-17 09:24:00+05:30,23986.04378431036,23987.301296116504,23984.698330005373,23985.17375840194,3268
2026-08-17 09:25:00+05:30,23985.17375840194,23986.800008897386,23982.302609082944,23982.572351961895,2045
2026-08-17 09:26:00+05:30,23982.572351961895,23985.806425715222,23980.174971930956,23984.946520528174,4341
2026-08-17 09:27:00+05:30,23984.946520528174,23986.666781137665,23984.906851863983,23985.344721184567,2098
2026-08-17 09:28:00+05:30,23985.344721184567,23985.624828213087,23980.462744756464,23980.769692794143,3285
2026-08-17 09:29:00+05:30,23980.769692794143,23984.103347277432,23979.88404251673,23982.685611107885,5892
2026-08-17 09:30:00+05:30,23982.685611107885,23983.69417890999,23980.017810740927,23981.756288287634,5730
2026-08-17 09:31:00+05:30,23981.756288287634,23985.72395325427,23980.985988632736,23982.805874250855,5695
2026-08-17 09:32:00+05:30,23982.805874250855,23985.18282756542,23982.72184011489,23984.454893722326,4263
2026-08-17 09:33:00+05:30,23984.454893722326,23987.701127293258,23984.228334284777,23987.22526637505,5634
2026-08-17 09:34:00+05:30,23987.22526637505,23988.802950293306,23987.042432108545,23988.36505980297,2570
2026-08-17 09:35:00+05:30,23988.36505980297,23988.821443855923,23987.327092507432,23988.697816089738,1092
2026-08-17 09:36:00+05:30,23988.697816089738,23990.139154748304,23984.101684421596,23985.640674575283,3868
2026-08-17 09:37:00+05:30,23985.640674575283,23988.0002607753,23984.47543092106,23987.567530732624,3170
2026-08-17 09:38:00+05:30,23987.567530732624,23989.559345173824,23986.041036880506,23988.29353637873,5161
2026-08-17 09:39:00+05:30,23988.29353637873,23990.879887532476,23987.906610597827,23989.443838259846,1327
2026-08-17 09:40:00+05:30,23989.443838259846,23989.50875101376,23986.65708939742,23988.263617596287,505
2026-08-17 09:41:00+05:30,23988.263617596287,23989.77478618694,23984.721872758048,23986.92596760428,3723
2026-08-17 09:42:00+05:30,23986.92596760428,23987.244076692594,23985.393425815095,23985.95051932506,1532
2026-08-17 09:43:00+05:30,23985.95051932506,23986.816098222476,23984.073320123185,23984.697031850028,3644
2026-08-17 09:44:00+05:30,23984.697031850028,23984.817562073426,23981.3783483538,23983.65977299384,1268
2026-08-17 09:45:00+05:30,23983.65977299384,23986.404657883802,23981.579537491103,23984.51335006928,4723
2026-08-17 09:46:00+05:30,23984.51335006928,23985.6018088185,23982.220571249683,23982.241757982774,2032
2026-08-17 09:47:00+05:30,23982.241757982774,23983.001968693294,23979.495676205483,23980.687794353784,3110
2026-08-17 09:48:00+05:30,23980.687794353784,23983.228770742287,23980.182805403718,23982.83870822372,5393
2026-08-17 09:49:00+05:30,23982.83870822372,23988.222155445288,23982.52968143501,23986.76464668571,3437
2026-08-17 09:50:00+05:30,23986.76464668571,23987.995663325037,23984.215458237977,23984.233800409776,2694
2026-08-17 09:51:00+05:30,23984.233800409776,23985.625724842994,23984.168531756546,23984.987817058103,4539
2026-08-17 09:52:00+05:30,23984.987817058103,23986.4821731727,23984.434142328322,23985.43976894501,714
2026-08-17 09:53:00+05:30,23985.43976894501,23988.504859453125,23984.69196269658,23986.312898575194,1277
2026-08-17 09:54:00+05:30,23986.312898575194,23988.777240497064,23985.90765283228,23987.674292086453,5373
2026-08-17 09:55:00+05:30,23987.674292086453,23989.97583914948,23985.816258057454,23989.218895109367,1936
2026-08-17 09:56:00+05:30,23989.218895109367,23991.55559142642,23984.489819741455,23985.801291114127,2566
2026-08-17 09:57:00+05:30,23985.801291114127,23987.45227951809,23983.232702545352,23983.271585903887,2514
2026-08-17 09:58:00+05:30,23983.271585903887,23983.88227050468,23980.237306628056,23982.146324420442,4489
2026-08-17 09:59:00+05:30,23982.146324420442,23982.4506652289,23979.87117746599,23980.203290434205,3186
2026-08-17 10:00:00+05:30,23980.203290434205,23980.466194725035,23976.699679067926,23977.99184464362,3124
2026-08-17 10:01:00+05:30,23977.99184464362,23980.277111559157,23976.612065735026,23979.164112619885,4313
2026-08-17 10:02:00+05:30,23979.164112619885,23979.920311398502,23975.39351990899,23977.409153403598,3386
2026-08-17 10:03:00+05:30,23977.409153403598,23982.599695056273,23976.24046460531,23981.499752073225,5036
2026-08-17 10:04:00+05:30,23981.499752073225,23987.120204869338,23980.84101833055,23984.252740849726,1551
2026-08-17 10:05:00+05:30,23984.252740849726,23985.030646214138,23983.052958406774,23983.198716913535,609
2026-08-17 10:06:00+05:30,23983.198716913535,23985.422707762948,23980.27784043753,23982.869817001265,756
2026-08-17 10:07:00+05:30,23982.869817001265,23983.981309793166,23978.283652206657,23981.51471598352,3199
2026-08-17 10:08:00+05:30,23981.51471598352,23981.55861379474,23979.47285319487,23980.052748687845,1558
2026-08-17 10:09:00+05:30,23980.052748687845,23982.5853167063,23979.00588900181,23982.116144040294,655
2026-08-17 10:10:00+05:30,23982.116144040294,23984.717782650598,23982.098144282507,23982.465479859653,5573
2026-08-17 10:11:00+05:30,23982.465479859653,23983.719503756914,23977.583472952778,23979.32365662352,3504
2026-08-17 10:12:00+05:30,23979.32365662352,23980.02049627011,23974.493330425223,23974.49334854502,5644
2026-08-17 10:13:00+05:30,23974.49334854502,23978.125654946612,23973.693328553938,23976.90829318149,2817
2026-08-17 10:14:00+05:30,23976.90829318149,23977.13340082787,23973.045815763187,23975.169156046864,3808
2026-08-17 10:15:00+05:30,23975.169156046864,23979.78036603945,23974.770820415448,23978.75373963357,5977
2026-08-17 10:16:00+05:30,23978.75373963357,23978.867851312407,23977.21133458147,23978.243766748903,5197
2026-08-17 10:17:00+05:30,23978.243766748903,23978.3421866988,23974.72716533802,23978.055523338862,2004
2026-08-17 10:18:00+05:30,23978.055523338862,23982.23543678985,23977.831748896566,23980.650840060578,4678
2026-08-17 10:19:00+05:30,23980.650840060578,23985.635207406707,23980.536927438752,23983.023031027325,4097
2026-08-17 10:20:00+05:30,23983.023031027325,23984.414036465223,23976.27995623027,23977.54724457112,2802
2026-08-17 10:21:00+05:30,23977.54724457112,23978.865083003704,23976.333023220814,23976.78133802304,3244
2026-08-17 10:22:00+05:30,23976.78133802304,23978.719302311416,23976.445064015814,23978.174639256064,3478
2026-08-17 10:23:00+05:30,23978.174639256064,23978.239290052737,23974.92021537855,23976.510402491367,4497
2026-08-17 10:24:00+05:30,23976.510402491367,23977.89641785772,23974.960222991274,23977.715599941068,2754
2026-08-17 10:25:00+05:30,23977.715599941068,23978.497083820144,23975.827401983363,23975.95126130646,3340
2026-08-17 10:26:00+05:30,23975.95126130646,23976.084079586883,23971.784026303387,23972.191463513824,3141
2026-08-17 10:27:00+05:30,23972.191463513824,23972.58680346278,23970.879128040382,23971.219814176562,5502
2026-08-17 10:28:00+05:30,23971.219814176562,23974.250120027264,23969.62130247997,23973.136014130734,2724
2026-08-17 10:29:00+05:30,23973.136014130734,23975.112259639336,23973.07089139524,23974.70952999934,2772
2026-08-17 10:30:00+05:30,23974.70952999934,23975.36885653568,23972.44207277663,23973.826404149026,4251
2026-08-17 10:31:00+05:30,23973.826404149026,23975.95086501004,23970.430794124437,23971.863180070788,5057
2026-08-17 10:32:00+05:30,23971.863180070788,23974.820537250584,23969.783588998213,23973.22177082532,3261
2026-08-17 10:33:00+05:30,23973.22177082532,23974.797540734267,23972.799385178754,23974.646251725837,3674
2026-08-17 10:34:00+05:30,23974.646251725837,23974.98067987853,23972.73543994965,23974.07895992028,5377
2026-08-17 10:35:00+05:30,23974.07895992028,23976.704151051075,23973.989397155412,23976.656657829593,4563
2026-08-17 10:36:00+05:30,23976.656657829593,23977.289227579342,23970.873110915698,23971.26809683245,3329
2026-08-17 10:37:00+05:30,23971.26809683245,23971.35184227954,23969.26434062764,23970.431311354034,1947
2026-08-17 10:38:00+05:30,23970.431311354034,23971.51570101969,23967.665298804168,23968.699926325346,1582
2026-08-17 10:39:00+05:30,23968.699926325346,23969.743634767572,23967.98586244269,23968.84869939834,3421
2026-08-17 10:40:00+05:30,23968.84869939834,23972.263796381016,23967.4149029561,23970.985696066964,1500
2026-08-17 10:41:00+05:30,23970.985696066964,23971.823715939794,23969.897714342336,23970.6657622813,3686
2026-08-17 10:42:00+05:30,23970.6657622813,23972.659701647077,23969.529441022452,23972.42189737398,5624
2026-08-17 10:43:00+05:30,23972.42189737398,23977.062736588847,23971.042561404505,23976.812766574534,3774
2026-08-17 10:44:00+05:30,23976.812766574534,23977.580365115664,23972.6850108529,23973.55354593722,1626
2026-08-17 10:45:00+05:30,23973.55354593722,23974.189767042873,23967.304228951212,23970.43783575718,5098
2026-08-17 10:46:00+05:30,23970.43783575718,23975.916269788628,23969.81048573717,23974.67090687447,5957
2026-08-17 10:47:00+05:30,23974.67090687447,23977.601518555217,23974.02815131093,23975.476393947858,3873
2026-08-17 10:48:00+05:30,23975.476393947858,23975.56479412865,23971.68889793984,23972.569558737818,1937
2026-08-17 10:49:00+05:30,23972.569558737818,23973.426645457817,23970.761914039085,23970.815490276716,5995
2026-08-17 10:50:00+05:30,23970.815490276716,23974.122868274753,23970.612126040625,23972.53145054446,5449
2026-08-17 10:51:00+05:30,23972.53145054446,23976.468538984936,23971.09311227872,23976.4218621803,3808
2026-08-17 10:52:00+05:30,23976.4218621803,23980.00374753216,23974.765326942797,23979.11800452873,3707
2026-08-17 10:53:00+05:30,23979.11800452873,23979.57440722769,23976.470642354485,23978.329268719684,4190
2026-08-17 10:54:00+05:30,23978.329268719684,23980.327930454907,23975.125534718205,23975.37861022608,925
2026-08-17 10:55:00+05:30,23975.37861022608,23976.20398811757,23973.94152293525,23975.082226570383,3257
2026-08-17 10:56:00+05:30,23975.082226570383,23975.57195890948,23973.951495603935,23974.014744901448,3582
2026-08-17 10:57:00+05:30,23974.014744901448,23974.479111280292,23972.228627488614,23972.85607256242,2069
2026-08-17 10:58:00+05:30,23972.85607256242,23973.59587993844,23970.67492504998,23971.196761974148,5535
2026-08-17 10:59:00+05:30,23971.196761974148,23971.248544024475,23967.572390704812,23970.562785005186,5411
2026-08-17 11:00:00+05:30,23970.562785005186,23971.499498559046,23968.890666759453,23971.104028171423,4587
2026-08-17 11:01:00+05:30,23971.104028171423,23972.756190736884,23971.084393224115,23972.490104176683,3077
2026-08-17 11:02:00+05:30,23972.490104176683,23974.95691149601,23971.887122831184,23974.23260827756,1662
2026-08-17 11:03:00+05:30,23974.23260827756,23974.798733466123,23973.16139801891,23974.472217041213,3602
2026-08-17 11:04:00+05:30,23974.472217041213,23975.499250809236,23972.967234357195,23973.419816785336,3529
2026-08-17 11:05:00+05:30,23973.419816785336,23977.32038589988,23971.997077210704,23976.884403499935,882
2026-08-17 11:06:00+05:30,23976.884403499935,23979.251958749603,23975.667271634058,23978.288340585117,5701
2026-08-17 11:07:00+05:30,23978.288340585117,23980.815537139333,23977.45338546152,23978.909442622353,3797
2026-08-17 11:08:00+05:30,23978.909442622353,23979.289856435807,23975.898573462044,23977.192809620283,534
2026-08-17 11:09:00+05:30,23977.192809620283,23980.985824058072,23975.341615733883,23980.533622311323,3908
2026-08-17 11:10:00+05:30,23980.533622311323,23983.090503601263,23979.894517259152,23982.46828982357,4511
2026-08-17 11:11:00+05:30,23982.46828982357,23982.736244543295,23980.611828274275,23981.48065135007,2213
2026-08-17 11:12:00+05:30,23981.48065135007,23983.586976963405,23980.920985638342,23983.331915780673,5181
2026-08-17 11:13:00+05:30,23983.331915780673,23984.66343543449,23980.98093906222,23982.70884080017,4213
2026-08-17 11:14:00+05:30,23982.70884080017,23984.205900404108,23980.5899103105,23981.45828913826,705
2026-08-17 11:15:00+05:30,23981.45828913826,23984.36657469555,23981.0097802085,23982.791774300003,2435
2026-08-17 11:16:00+05:30,23982.791774300003,23985.070612069267,23981.265670930243,23983.048681693588,2136
2026-08-17 11:17:00+05:30,23983.048681693588,23984.030293217624,23981.627713241327,23983.508488787047,3001
2026-08-17 11:18:00+05:30,23983.508488787047,23988.12787128763,23983.141567118193,23986.24423656468,2573
2026-08-17 11:19:00+05:30,23986.24423656468,23988.41146104356,23985.266547090756,23987.581124519857,1023
2026-08-17 11:20:00+05:30,23987.581124519857,23990.719142210724,23987.311885456984,23990.086128080213,4761
2026-08-17 11:21:00+05:30,23990.086128080213,23995.30353613306,23988.515765229833,23994.30526038301,1870
2026-08-17 11:22:00+05:30,23994.30526038301,23995.30914318653,23991.595507741717,23992.682241977716,4510
2026-08-17 11:23:00+05:30,23992.682241977716,23993.617913818787,23991.089106560048,23992.359131055426,5775
2026-08-17 11:24:00+05:30,23992.359131055426,23992.76781569596,23989.05121740768,23989.63462369625,4094
2026-08-17 11:25:00+05:30,23989.63462369625,23989.702182532466,23985.842994226885,23988.023946303318,5665
2026-08-17 11:26:00+05:30,23988.023946303318,23989.3051432782,23985.99133208749,23986.49961209149,3143
2026-08-17 11:27:00+05:30,23986.49961209149,23990.458546289654,23986.39085379451,23990.19151064504,2194
2026-08-17 11:28:00+05:30,23990.19151064504,23994.60805674245,23989.57145608555,23993.82162290106,1359
2026-08-17 11:29:00+05:30,23993.82162290106,23996.050129723637,23992.759296467288,23994.175227123676,2711
2026-08-17 11:30:00+05:30,23994.175227123676,23996.3901544318,23993.41075185038,23995.78287659759,5266
2026-08-17 11:31:00+05:30,23995.78287659759,23996.188433718795,23993.305535470212,23994.38648902663,4916
2026-08-17 11:32:00+05:30,23994.38648902663,23994.64307282162,23992.07081111296,23992.61490892676,916
2026-08-17 11:33:00+05:30,23992.61490892676,23993.392007234215,23991.14824719156,23991.695493123032,5142
2026-08-17 11:34:00+05:30,23991.695493123032,23996.177376920736,23989.77995438844,23994.40871530897,4248
2026-08-17 11:35:00+05:30,23994.40871530897,23996.69291730888,23991.994746795714,23995.563964394863,5849
2026-08-17 11:36:00+05:30,23995.563964394863,23998.249650596666,23994.660818261902,23997.189954534857,1452
2026-08-17 11:37:00+05:30,23997.189954534857,23999.738955569308,23996.114373524,23998.47191734231,5220
2026-08-17 11:38:00+05:30,23998.47191734231,24002.439335384992,23998.387550730087,23998.905592738614,2603
2026-08-17 11:39:00+05:30,23998.905592738614,23999.42519340546,23998.585402860936,23999.212989773736,1460
2026-08-17 11:40:00+05:30,23999.212989773736,23999.712405975908,23996.485334595884,23996.786903235563,3036
2026-08-17 11:41:00+05:30,23996.786903235563,23997.037872188175,23992.720313978207,23994.50548706591,3665
2026-08-17 11:42:00+05:30,23994.50548706591,23996.489286445823,23988.29538829156,23990.668162394915,2425
2026-08-17 11:43:00+05:30,23990.668162394915,23990.73954649934,23988.970304428654,23989.914195291458,709
2026-08-17 11:44:00+05:30,23989.914195291458,23990.118682844146,23984.94314829792,23985.254620083026,2834
2026-08-17 11:45:00+05:30,23985.254620083026,23986.506399094855,23979.812825804027,23980.70576231142,4094
2026-08-17 11:46:00+05:30,23980.70576231142,23982.393315184516,23979.068415088444,23981.042363622495,506
2026-08-17 11:47:00+05:30,23981.042363622495,23984.802314930832,23979.64266359414,23983.19248069303,5698
2026-08-17 11:48:00+05:30,23983.19248069303,23985.85433269178,23983.170014630618,23985.50793939731,4200
2026-08-17 11:49:00+05:30,23985.50793939731,23987.73903090984,23980.076615265014,23980.95368257205,4443
2026-08-17 11:50:00+05:30,23980.95368257205,23981.449248650446,23978.03054979027,23980.101872942527,3605
2026-08-17 11:51:00+05:30,23980.101872942527,23981.95936835092,23978.131267767498,23980.718063392098,4854
2026-08-17 11:52:00+05:30,23980.718063392098,23982.033259846958,23978.60045543688,23980.06834783512,1925
2026-08-17 11:53:00+05:30,23980.06834783512,23984.358751150434,23979.719437311564,23983.6229471431,1139
2026-08-17 11:54:00+05:30,23983.6229471431,23986.61988661728,23981.720845248718,23982.16004417529,4038
2026-08-17 11:55:00+05:30,23982.16004417529,23985.027900870435,23981.153386656675,23983.29593843535,667
2026-08-17 11:56:00+05:30,23983.29593843535,23986.521748201496,23983.241364200607,23985.921416555335,1805
2026-08-17 11:57:00+05:30,23985.921416555335,23986.68615636692,23985.031324739564,23985.125892245258,2125
2026-08-17 11:58:00+05:30,23985.125892245258,23985.166465580904,23984.228243445315,23984.379024603957,2362
2026-08-17 11:59:00+05:30,23984.379024603957,23989.32561315419,23984.06466225409,23987.586294267632,4807
2026-08-17 12:00:00+05:30,23987.586294267632,23990.428099233784,23984.150682228963,23984.87895280037,5083
2026-08-17 12:01:00+05:30,23984.87895280037,23985.79057596797,23981.94778118715,23982.499635618362,886
2026-08-17 12:02:00+05:30,23982.499635618362,23982.60149210327,23981.384239980358,23982.33445204841,3239
2026-08-17 12:03:00+05:30,23982.33445204841,23985.38760148029,23981.245838766823,23984.335379265318,5103
2026-08-17 12:04:00+05:30,23984.335379265318,23984.650067385563,23983.416731704023,23984.383051049797,4663
2026-08-17 12:05:00+05:30,23984.383051049797,23984.68315217015,23980.094791549298,23981.493727295485,4583
2026-08-17 12:06:00+05:30,23981.493727295485,23986.627430894656,23981.249291938977,23985.73234387754,4099
2026-08-17 12:07:00+05:30,23985.73234387754,23986.486844250216,23983.097197065297,23984.4481222576,1060
2026-08-17 12:08:00+05:30,23984.4481222576,23985.423838868955,23983.063842953048,23984.110717840424,1475
2026-08-17 12:09:00+05:30,23984.110717840424,23989.07962894654,23983.12090580749,23987.23295356486,1636
2026-08-17 12:10:00+05:30,23987.23295356486,23990.486375456905,23985.799763989908,23987.545776263818,3375
2026-08-17 12:11:00+05:30,23987.545776263818,23988.266512052585,23984.94691568604,23988.05877506965,5689
2026-08-17 12:12:00+05:30,23988.05877506965,23988.269654218755,23986.09402417615,23986.211180931874,4539
2026-08-17 12:13:00+05:30,23986.211180931874,23990.560074863017,23985.03085821085,23988.123471405255,2150
2026-08-17 12:14:00+05:30,23988.123471405255,23988.670399621784,23986.483894786987,23987.40699350272,1701
2026-08-17 12:15:00+05:30,23987.40699350272,23989.856845005717,23983.18148674369,23984.039328638904,1791
2026-08-17 12:16:00+05:30,23984.039328638904,23989.975869409795,23983.195601753123,23987.433743071368,2336
2026-08-17 12:17:00+05:30,23987.433743071368,23991.168038597232,23985.748837780033,23985.883978313523,4937
2026-08-17 12:18:00+05:30,23985.883978313523,23988.286520855076,23983.545555334338,23984.336504211326,1093
2026-08-17 12:19:00+05:30,23984.336504211326,23987.260108245875,23983.525569783804,23985.790639332532,3615
2026-08-17 12:20:00+05:30,23985.790639332532,23986.326284339404,23980.743428792925,23982.082670692056,3524
2026-08-17 12:21:00+05:30,23982.082670692056,23984.193435984074,23981.10968274967,23981.758463094735,5204
2026-08-17 12:22:00+05:30,23981.758463094735,23982.635414393706,23980.5969958415,23981.702476361254,1216
2026-08-17 12:23:00+05:30,23981.702476361254,23981.925051549722,23976.54622671358,23978.60500320104,2896
2026-08-17 12:24:00+05:30,23978.60500320104,23979.420556428387,23974.246936374057,23976.72124336461,3719
2026-08-17 12:25:00+05:30,23976.72124336461,23978.64960168713,23974.6918983758,23974.775327057938,4396
2026-08-17 12:26:00+05:30,23974.775327057938,23974.908221674763,23973.179523646297,23973.3073790526,743
2026-08-17 12:27:00+05:30,23973.3073790526,23974.230292381202,23971.564269923452,23972.32815402716,3044
2026-08-17 12:28:00+05:30,23972.32815402716,23972.977680268326,23969.4509420857,23970.8781657624,5093
2026-08-17 12:29:00+05:30,23970.8781657624,23971.58783939988,23967.00373036341,23967.457446880362,526
2026-08-17 12:30:00+05:30,23967.457446880362,23968.521370887665,23966.27949102684,23966.65209864301,1955
2026-08-17 12:31:00+05:30,23966.65209864301,23968.743115010064,23961.404743837687,23963.838652901642,3882
2026-08-17 12:32:00+05:30,23963.838652901642,23964.375121645193,23959.012236896288,23959.817087844094,5883
2026-08-17 12:33:00+05:30,23959.817087844094,23961.601402747052,23959.159247697888,23961.391783479987,3747
2026-08-17 12:34:00+05:30,23961.391783479987,23962.93522619475,23958.378555900043,23959.885083822326,555
2026-08-17 12:35:00+05:30,23959.885083822326,23962.04015062237,23957.09912109509,23957.716838557015,2866
2026-08-17 12:36:00+05:30,23957.716838557015,23959.95535989328,23956.062675456684,23958.47918052371,5750
2026-08-17 12:37:00+05:30,23958.47918052371,23959.738301585123,23956.04175950425,23956.239797183025,3161
2026-08-17 12:38:00+05:30,23956.239797183025,23957.11364899151,23955.468903101653,23956.103044681287,4867
2026-08-17 12:39:00+05:30,23956.103044681287,23959.85438822249,23955.945418333475,23958.514057013163,4415
2026-08-17 12:40:00+05:30,23958.514057013163,23960.04064411041,23958.210780419064,23959.69545309825,1059
2026-08-17 12:41:00+05:30,23959.69545309825,23964.285687459073,23958.526070553173,23963.301039781465,5645
2026-08-17 12:42:00+05:30,23963.301039781465,23966.384107213296,23962.236570173012,23966.137247392082,5114
2026-08-17 12:43:00+05:30,23966.137247392082,23967.27663641424,23965.31364372949,23965.702685424378,4597
2026-08-17 12:44:00+05:30,23965.702685424378,23967.658979132597,23965.407654926345,23966.3803014253,2995
2026-08-17 12:45:00+05:30,23966.3803014253,23966.677114249916,23963.91964564634,23965.23731061195,2891
2026-08-17 12:46:00+05:30,23965.23731061195,23966.13249235473,23965.03139281665,23965.728708438975,4386
2026-08-17 12:47:00+05:30,23965.728708438975,23966.167886764237,23965.58638344871,23965.772131155325,1186
2026-08-17 12:48:00+05:30,23965.772131155325,23966.544720564318,23962.87446399453,23963.19450707008,1256
2026-08-17 12:49:00+05:30,23963.19450707008,23963.897686934444,23960.571075699856,23961.040987257384,4910
2026-08-17 12:50:00+05:30,23961.040987257384,23962.298863274293,23960.242055742536,23962.096499180854,5754
2026-08-17 12:51:00+05:30,23962.096499180854,23963.219133124778,23960.472572420087,23961.195555683276,4841
2026-08-17 12:52:00+05:30,23961.195555683276,23961.532098777658,23955.481189342587,23956.555551929603,3652
2026-08-17 12:53:00+05:30,23956.555551929603,23957.358204133463,23955.251943896594,23957.27091590602,2861
2026-08-17 12:54:00+05:30,23957.27091590602,23957.487172802652,23953.53986271539,23955.07301115721,3916
2026-08-17 12:55:00+05:30,23955.07301115721,23956.13009018578,23954.622925232838,23955.986831336788,5779
2026-08-17 12:56:00+05:30,23955.986831336788,23959.271352906897,23952.070608648766,23953.211341050755,4815
2026-08-17 12:57:00+05:30,23953.211341050755,23953.817364221115,23948.53453937436,23949.88755781073,4895
2026-08-17 12:58:00+05:30,23949.88755781073,23951.014597952304,23949.82351273154,23950.806385782038,3123
2026-08-17 12:59:00+05:30,23950.806385782038,23954.888366114756,23950.450127687065,23954.434130637048,5903
2026-08-17 13:00:00+05:30,23954.434130637048,23956.28522350714,23950.301083441842,23951.97787891196,5872
2026-08-17 13:01:00+05:30,23951.97787891196,23953.552782873787,23951.09899522274,23952.720046312817,2444
2026-08-17 13:02:00+05:30,23952.720046312817,23952.749765764773,23950.485326918104,23951.698036705664,688
2026-08-17 13:03:00+05:30,23951.698036705664,23952.436862737988,23951.282371852576,23952.03191768651,2816
2026-08-17 13:04:00+05:30,23952.03191768651,23959.821093356564,23950.897970778395,23958.573607656977,1602
2026-08-17 13:05:00+05:30,23958.573607656977,23962.130999622048,23957.755808970578,23960.707115406345,744
2026-08-17 13:06:00+05:30,23960.707115406345,23962.231592561355,23960.45480222992,23962.22588571383,3739
2026-08-17 13:07:00+05:30,23962.22588571383,23964.14764972432,23960.99687640899,23962.861819706737,1388
2026-08-17 13:08:00+05:30,23962.861819706737,23963.785798998684,23961.87417212355,23962.207105833182,3820
2026-08-17 13:09:00+05:30,23962.207105833182,23964.409857282022,23961.676265442293,23964.066278855702,2307
2026-08-17 13:10:00+05:30,23964.066278855702,23964.54290358865,23960.56455278752,23962.51691448901,1830
2026-08-17 13:11:00+05:30,23962.51691448901,23965.61384621302,23962.11657927906,23964.364203009405,2316
2026-08-17 13:12:00+05:30,23964.364203009405,23964.592414378014,23963.1190715753,23964.18863771348,809
2026-08-17 13:13:00+05:30,23964.18863771348,23965.400054521895,23961.975013271793,23964.678664170842,4005
2026-08-17 13:14:00+05:30,23964.678664170842,23964.80402012941,23960.49402550577,23960.93014611907,4156
2026-08-17 13:15:00+05:30,23960.93014611907,23961.069164780016,23957.47733678694,23957.869936703486,840
2026-08-17 13:16:00+05:30,23957.869936703486,23960.93768504088,23957.36537664815,23958.656743650605,3102
2026-08-17 13:17:00+05:30,23958.656743650605,23959.588035966,23958.160227038712,23959.30611661031,5492
2026-08-17 13:18:00+05:30,23959.30611661031,23960.91454013617,23958.04356441287,23960.456104053155,2723
2026-08-17 13:19:00+05:30,23960.456104053155,23962.406655105548,23957.684054373673,23959.564322102546,1879
2026-08-17 13:20:00+05:30,23959.564322102546,23960.159054446824,23954.000833393646,23956.872160054252,5562
2026-08-17 13:21:00+05:30,23956.872160054252,23958.73435272537,23954.15840830273,23957.55727100035,1521
2026-08-17 13:22:00+05:30,23957.55727100035,23960.331106973834,23953.235335965826,23953.961389578242,5064
2026-08-17 13:23:00+05:30,23953.961389578242,23954.341131102665,23948.875819989975,23952.435305843057,3486
2026-08-17 13:24:00+05:30,23952.435305843057,23952.704305008374,23951.74870470342,23952.218501583662,3981
2026-08-17 13:25:00+05:30,23952.218501583662,23952.623494228894,23948.70173234816,23949.92361398933,1197
2026-08-17 13:26:00+05:30,23949.92361398933,23951.56588251186,23945.06093111558,23946.44062342441,4061
2026-08-17 13:27:00+05:30,23946.44062342441,23946.879473144494,23945.56227317662,23946.004279760768,5490
2026-08-17 13:28:00+05:30,23946.004279760768,23946.891585508307,23944.844942658056,23945.129160180204,5732
2026-08-17 13:29:00+05:30,23945.129160180204,23948.601328331188,23943.714205902936,23946.30245656979,5836
2026-08-17 13:30:00+05:30,23946.30245656979,23947.176704314898,23942.98533050621,23943.503314520924,5860
2026-08-17 13:31:00+05:30,23943.503314520924,23947.258989812373,23942.234583477028,23947.106526434603,1830
2026-08-17 13:32:00+05:30,23947.106526434603,23948.942590343846,23944.037841340174,23945.968857835804,4815
2026-08-17 13:33:00+05:30,23945.968857835804,23947.85965453697,23945.885679546995,23947.35265593654,5470
2026-08-17 13:34:00+05:30,23947.35265593654,23948.320731788903,23944.35576462721,23945.362131957347,2495
2026-08-17 13:35:00+05:30,23945.362131957347,23947.049247483945,23945.028212367186,23946.75883175755,5747
2026-08-17 13:36:00+05:30,23946.75883175755,23949.2917000068,23945.0353068891,23949.14037616242,3045
2026-08-17 13:37:00+05:30,23949.14037616242,23950.220737473926,23944.406492312373,23946.442846692833,5905
2026-08-17 13:38:00+05:30,23946.442846692833,23947.264915665488,23943.137944367943,23944.747675134946,4624
2026-08-17 13:39:00+05:30,23944.747675134946,23950.222232791024,23943.474186057694,23948.620017773042,3268
2026-08-17 13:40:00+05:30,23948.620017773042,23951.2581656474,23948.456476023835,23950.534831872523,1050
2026-08-17 13:41:00+05:30,23950.534831872523,23952.045977619324,23947.404778986896,23949.17955102198,3216
2026-08-17 13:42:00+05:30,23949.17955102198,23949.49376332314,23947.90224919549,23948.647667083987,1558
2026-08-17 13:43:00+05:30,23948.647667083987,23950.139724898818,23944.600544488632,23944.982984173363,1379
2026-08-17 13:44:00+05:30,23944.982984173363,23946.180485154367,23943.697206050663,23945.090505511307,601
2026-08-17 13:45:00+05:30,23945.090505511307,23950.17603650827,23944.014643011822,23949.75906223848,4055
2026-08-17 13:46:00+05:30,23949.75906223848,23950.809185566966,23947.197454109617,23948.146560683843,558
2026-08-17 13:47:00+05:30,23948.146560683843,23949.427466085897,23946.90536765991,23948.27687664588,4862
2026-08-17 13:48:00+05:30,23948.27687664588,23952.804553322112,23946.26688477304,23951.231493610027,591
2026-08-17 13:49:00+05:30,23951.231493610027,23952.127879040283,23950.907725953362,23951.878707317406,698
2026-08-17 13:50:00+05:30,23951.878707317406,23952.381194774734,23951.47301043763,23951.84339582388,4213
2026-08-17 13:51:00+05:30,23951.84339582388,23955.956400337192,23951.17948461035,23954.72266353709,2849
2026-08-17 13:52:00+05:30,23954.72266353709,23957.259428065412,23954.478120722175,23956.467486044083,4463
2026-08-17 13:53:00+05:30,23956.467486044083,23958.678499383583,23955.801641368485,23957.397082717187,590
2026-08-17 13:54:00+05:30,23957.397082717187,23958.249131507317,23955.53129322353,23956.272794504126,4511
2026-08-17 13:55:00+05:30,23956.272794504126,23956.768717111747,23955.2073024173,23956.571400954916,4557
2026-08-17 13:56:00+05:30,23956.571400954916,23959.049596814646,23956.35271212074,23958.564521664335,5269
2026-08-17 13:57:00+05:30,23958.564521664335,23958.91427355289,23956.31761997644,23956.91392070128,5625
2026-08-17 13:58:00+05:30,23956.91392070128,23959.545137122393,23955.977503190643,23959.355295108104,1913
2026-08-17 13:59:00+05:30,23959.355295108104,23961.298479795147,23959.0486960342,23960.586183275132,1371
2026-08-17 14:00:00+05:30,23960.586183275132,23961.29779900095,23958.957936751696,23959.698075461005,1839
2026-08-17 14:01:00+05:30,23959.698075461005,23960.44387161623,23959.39208036041,23959.509829143997,4133
2026-08-17 14:02:00+05:30,23959.509829143997,23959.690577131958,23958.645348336384,23958.803963215516,3099
2026-08-17 14:03:00+05:30,23958.803963215516,23960.610910120544,23953.64407591031,23954.316826941587,2805
2026-08-17 14:04:00+05:30,23954.316826941587,23957.29295328637,23954.145316382866,23957.231887821024,5564
2026-08-17 14:05:00+05:30,23957.231887821024,23959.718357242367,23955.274806060486,23959.35414384777,1760
2026-08-17 14:06:00+05:30,23959.35414384777,23961.030568781163,23958.65275802049,23960.18169399253,5209
2026-08-17 14:07:00+05:30,23960.18169399253,23963.85328411657,23960.097606161802,23962.5804396826,704
2026-08-17 14:08:00+05:30,23962.5804396826,23964.734371733124,23961.3730087683,23964.622810786783,5648
2026-08-17 14:09:00+05:30,23964.622810786783,23967.822166039445,23963.615844202737,23967.511968606388,2854
2026-08-17 14:10:00+05:30,23967.511968606388,23969.39503171124,23966.005539371003,23969.19857567009,5433
2026-08-17 14:11:00+05:30,23969.19857567009,23969.528639867305,23968.554481341507,23969.26656429158,1176
2026-08-17 14:12:00+05:30,23969.26656429158,23971.976826920923,23968.97478518272,23971.675886236142,3941
2026-08-17 14:13:00+05:30,23971.675886236142,23972.71536340173,23968.22972857756,23969.955412940944,2743
2026-08-17 14:14:00+05:30,23969.955412940944,23973.72416035229,23969.775841366205,23971.92738161346,1638
2026-08-17 14:15:00+05:30,23971.92738161346,23976.299650435223,23970.938783916634,23974.001662720926,2449
2026-08-17 14:16:00+05:30,23974.001662720926,23976.061775082482,23970.718524803287,23971.250746601214,633
2026-08-17 14:17:00+05:30,23971.250746601214,23972.268888018363,23971.046351983365,23971.754623809786,5802
2026-08-17 14:18:00+05:30,23971.754623809786,23974.814554702585,23971.36381537788,23973.224369419793,1043
2026-08-17 14:19:00+05:30,23973.224369419793,23974.523449486845,23971.49941681018,23972.02358646959,3305
2026-08-17 14:20:00+05:30,23972.02358646959,23975.02680135441,23972.016691609067,23972.146240594706,863
2026-08-17 14:21:00+05:30,23972.146240594706,23972.214372756232,23971.834510415167,23972.076695807915,3735
2026-08-17 14:22:00+05:30,23972.076695807915,23973.058565640094,23970.713147519604,23970.88712863533,5294
2026-08-17 14:23:00+05:30,23970.88712863533,23973.402935027083,23969.871859657906,23972.278621197296,4653
2026-08-17 14:24:00+05:30,23972.278621197296,23972.52455512389,23970.931058147784,23971.821038772017,5512
2026-08-17 14:25:00+05:30,23971.821038772017,23972.726875183584,23969.573338271635,23971.117074111116,3764
2026-08-17 14:26:00+05:30,23971.117074111116,23971.11755689238,23968.155693803932,23970.385028999535,2982
2026-08-17 14:27:00+05:30,23970.385028999535,23970.837669721874,23968.73575090811,23969.108103058057,4645
2026-08-17 14:28:00+05:30,23969.108103058057,23970.997635030348,23968.68476716497,23970.845817932808,2626
2026-08-17 14:29:00+05:30,23970.845817932808,23976.499671379654,23969.49809442439,23974.24079396844,2483
2026-08-17 14:30:00+05:30,23974.24079396844,23975.13535712653,23972.264370790945,23972.502731586963,1671
2026-08-17 14:31:00+05:30,23972.502731586963,23972.544223317025,23970.057896803854,23970.789466910526,945
2026-08-17 14:32:00+05:30,23970.789466910526,23972.019817158234,23969.44732712539,23970.918507970662,5336
2026-08-17 14:33:00+05:30,23970.918507970662,23972.041893782254,23969.64217971233,23970.106560803913,2746
2026-08-17 14:34:00+05:30,23970.106560803913,23973.464803160976,23969.154623815128,23972.108598950497,5990
2026-08-17 14:35:00+05:30,23972.108598950497,23975.564577391156,23969.615862107956,23974.646115314983,5405
2026-08-17 14:36:00+05:30,23974.646115314983,23975.32456484832,23974.435530377297,23975.183645412268,3038
2026-08-17 14:37:00+05:30,23975.183645412268,23975.46785100684,23971.360287089494,23971.391566111222,1531
2026-08-17 14:38:00+05:30,23971.391566111222,23971.564018221794,23967.58882719121,23969.781888133875,5964
2026-08-17 14:39:00+05:30,23969.781888133875,23970.801739685765,23967.82885606808,23968.450536820856,4370
2026-08-17 14:40:00+05:30,23968.450536820856,23970.35108141807,23967.87840104811,23969.28402660622,5491
2026-08-17 14:41:00+05:30,23969.28402660622,23971.106660226313,23966.6413397723,23966.878927929705,5484
2026-08-17 14:42:00+05:30,23966.878927929705,23969.616489324155,23966.583539158186,23968.699318136838,2289
2026-08-17 14:43:00+05:30,23968.699318136838,23970.532283039334,23968.001035337616,23968.23063681195,4814
2026-08-17 14:44:00+05:30,23968.23063681195,23970.46713797475,23967.17652237974,23968.00902233295,5740
2026-08-17 14:45:00+05:30,23968.00902233295,23969.608315915466,23967.072123276106,23967.952576577973,1363
2026-08-17 14:46:00+05:30,23967.952576577973,23968.47166617689,23965.393379585366,23965.99106535042,2455
2026-08-17 14:47:00+05:30,23965.99106535042,23966.408578449962,23963.598233516608,23965.49000100669,4205
2026-08-17 14:48:00+05:30,23965.49000100669,23967.143872794386,23960.555290221546,23961.801957476928,5496
2026-08-17 14:49:00+05:30,23961.801957476928,23962.146090218008,23961.640148860573,23961.72262390669,2436
2026-08-17 14:50:00+05:30,23961.72262390669,23962.24124164948,23961.540372596093,23961.97293277762,1921
2026-08-17 14:51:00+05:30,23961.97293277762,23963.14057455377,23958.188854753487,23958.889498329532,1440
2026-08-17 14:52:00+05:30,23958.889498329532,23961.15255927776,23957.70316021715,23957.911653422772,1947
2026-08-17 14:53:00+05:30,23957.911653422772,23958.437178623513,23955.738435961128,23956.96789118691,3492
2026-08-17 14:54:00+05:30,23956.96789118691,23959.579412051742,23956.78547085654,23958.903345400526,5891
2026-08-17 14:55:00+05:30,23958.903345400526,23961.328557428344,23957.941597822977,23961.00575681669,3401
2026-08-17 14:56:00+05:30,23961.00575681669,23966.024581680616,23959.657974323738,23964.299379188757,5349
2026-08-17 14:57:00+05:30,23964.299379188757,23966.35085920692,23962.74048706019,23964.48242381167,5362
2026-08-17 14:58:00+05:30,23964.48242381167,23969.133803272212,23963.95549423106,23965.742345551596,2774
2026-08-17 14:59:00+05:30,23965.742345551596,23969.22868823132,23965.190533396973,23968.076702758484,4518
2026-08-17 15:00:00+05:30,23968.076702758484,23968.299402637113,23966.6537816824,23968.00196011538,4895
2026-08-17 15:01:00+05:30,23968.00196011538,23970.89632939195,23966.92934762711,23970.316144312466,2788
2026-08-17 15:02:00+05:30,23970.316144312466,23971.918025255974,23964.888435978613,23967.126227500565,2290
2026-08-17 15:03:00+05:30,23967.126227500565,23968.73032935101,23966.366697780373,23967.454822322008,1745
2026-08-17 15:04:00+05:30,23967.454822322008,23969.717206508976,23967.451778078597,23969.30323103394,4642
2026-08-17 15:05:00+05:30,23969.30323103394,23970.960174645912,23965.17333952657,23965.61298606251,644
2026-08-17 15:06:00+05:30,23965.61298606251,23966.31407018645,23965.128913103563,23965.33777760048,2817
2026-08-17 15:07:00+05:30,23965.33777760048,23966.00137580156,23965.215035265363,23965.35214965166,4943
2026-08-17 15:08:00+05:30,23965.35214965166,23966.455288340363,23964.440792827554,23964.637688555595,1450
2026-08-17 15:09:00+05:30,23964.637688555595,23965.772941472307,23962.070436316477,23962.443826565162,4729
2026-08-17 15:10:00+05:30,23962.443826565162,23965.27689084505,23960.795582043567,23964.94130785059,755
2026-08-17 15:11:00+05:30,23964.94130785059,23965.17489608392,23963.441544909958,23964.06767026008,4534
2026-08-17 15:12:00+05:30,23964.06767026008,23966.183511132742,23963.517397814372,23966.17751664321,5564
2026-08-17 15:13:00+05:30,23966.17751664321,23966.384071843073,23962.36895659503,23962.73658941407,2461
2026-08-17 15:14:00+05:30,23962.73658941407,23963.727281698615,23960.772424858114,23961.243586053115,1497
2026-08-17 15:15:00+05:30,23961.243586053115,23963.199692400714,23961.23004460187,23962.054113882332,897
2026-08-17 15:16:00+05:30,23962.054113882332,23962.17390931151,23959.911021674852,23961.479541578734,715
2026-08-17 15:17:00+05:30,23961.479541578734,23963.929731449352,23959.75822411604,23963.21061863885,4473
2026-08-17 15:18:00+05:30,23963.21061863885,23964.379505708832,23962.905868385747,23963.328371498803,5092
2026-08-17 15:19:00+05:30,23963.328371498803,23964.140469625607,23962.76565670508,23962.91013974727,3704
2026-08-17 15:20:00+05:30,23962.91013974727,23963.62792416532,23961.383466035502,23961.70943041259,3638
2026-08-17 15:21:00+05:30,23961.70943041259,23961.83796377781,23960.169898310367,23960.624689014832,4180
2026-08-17 15:22:00+05:30,23960.624689014832,23960.87151324123,23957.201893446552,23957.24041608241,4518
2026-08-17 15:23:00+05:30,23957.24041608241,23959.19321990191,23951.891565465678,23952.75653758556,2182
2026-08-17 15:24:00+05:30,23952.75653758556,23954.242966559115,23951.365396554847,23953.04317002568,1340
2026-08-17 15:25:00+05:30,23953.04317002568,23959.59359069028,23953.026627875155,23957.946758804086,5407
2026-08-17 15:26:00+05:30,23957.946758804086,23959.555527930006,23954.864868860204,23955.125048824044,4865
2026-08-17 15:27:00+05:30,23955.125048824044,23958.80626660209,23953.08766756304,23957.317480315192,2077
2026-08-17 15:28:00+05:30,23957.317480315192,23957.901614486243,23956.561461226636,23956.968809328984,3159
2026-08-17 15:29:00+05:30,23956.968809328984,23959.19628148639,23956.928678382734,23957.11318825751,3015
2026-08-18 09:15:00+05:30,23957.11318825751,23960.821787943347,23956.62861935586,23959.56229572301,4673
2026-08-18 09:16:00+05:30,23959.56229572301,23961.17669822949,23956.59296973953,23958.00451396283,2402
2026-08-18 09:17:00+05:30,23958.00451396283,23961.428353450927,23957.203981582777,23961.08903484228,4980
2026-08-18 09:18:00+05:30,23961.08903484228,23962.197244574585,23960.655943592967,23961.48714652361,4587
2026-08-18 09:19:00+05:30,23961.48714652361,23963.534059030866,23959.52990069914,23959.708203853603,4452
2026-08-18 09:20:00+05:30,23959.708203853603,23961.913449501957,23959.129461212506,23961.69648381848,5218
2026-08-18 09:21:00+05:30,23961.69648381848,23963.181073698324,23961.354722671735,23962.137199068227,1018
2026-08-18 09:22:00+05:30,23962.137199068227,23966.481938898236,23960.930575082348,23963.66952965375,2766
2026-08-18 09:23:00+05:30,23963.66952965375,23965.01185779975,23960.59643266039,23962.60735481461,4620
2026-08-18 09:24:00+05:30,23962.60735481461,23963.634881871578,23961.122425369787,23962.41755075038,518
2026-08-18 09:25:00+05:30,23962.41755075038,23963.138101967932,23960.45580062207,23961.828136853444,3394
2026-08-18 09:26:00+05:30,23961.828136853444,23962.0425590743,23960.673804429254,23961.904117093072,1418
2026-08-18 09:27:00+05:30,23961.904117093072,23963.534369591154,23960.208568602862,23961.810919773336,5778
2026-08-18 09:28:00+05:30,23961.810919773336,23962.713439896026,23961.279921922753,23962.280954308244,4378
2026-08-18 09:29:00+05:30,23962.280954308244,23965.463726644797,23961.45971940193,23962.503443298214,3339
2026-08-18 09:30:00+05:30,23962.503443298214,23965.411815151452,23961.244195311636,23963.40224660939,5361
2026-08-18 09:31:00+05:30,23963.40224660939,23964.74096271873,23962.747236479256,23963.802726821974,4417
2026-08-18 09:32:00+05:30,23963.802726821974,23965.057868432326,23963.303350833125,23964.575956701286,2364
2026-08-18 09:33:00+05:30,23964.575956701286,23965.172754598334,23960.160189703794,23960.478095536364,5910
2026-08-18 09:34:00+05:30,23960.478095536364,23963.759351618897,23959.640368075008,23963.480493604457,2047
2026-08-18 09:35:00+05:30,23963.480493604457,23965.84465169727,23963.419606669024,23963.666149787663,1645
2026-08-18 09:36:00+05:30,23963.666149787663,23964.56758135776,23958.459569125374,23959.545701687908,5066
2026-08-18 09:37:00+05:30,23959.545701687908,23960.324167109604,23957.65910212135,23957.959717297163,3226
2026-08-18 09:38:00+05:30,23957.959717297163,23958.477559977095,23956.336469549045,23956.85954782047,3004
2026-08-18 09:39:00+05:30,23956.85954782047,23959.5749914957,23954.913736510818,23957.373901020645,2713
2026-08-18 09:40:00+05:30,23957.373901020645,23957.705982364176,23953.837253761852,23955.543140655744,3219
2026-08-18 09:41:00+05:30,23955.543140655744,23958.54607353784,23955.205018249304,23956.162024419737,4233
2026-08-18 09:42:00+05:30,23956.162024419737,23957.48490558738,23954.805270601275,23955.074477729828,3447
2026-08-18 09:43:00+05:30,23955.074477729828,23958.63242579138,23954.827957052246,23957.563599462803,3382
2026-08-18 09:44:00+05:30,23957.563599462803,23958.884034974642,23956.21454364207,23957.795340106248,3179
2026-08-18 09:45:00+05:30,23957.795340106248,23958.115010056554,23956.933708204328,23956.98845810039,5614
2026-08-18 09:46:00+05:30,23956.98845810039,23957.503387171404,23955.381137575834,23956.202652639997,680
2026-08-18 09:47:00+05:30,23956.202652639997,23956.46809964315,23954.925067751003,23956.180799859332,5987
2026-08-18 09:48:00+05:30,23956.180799859332,23960.545776756564,23955.93005602088,23958.7168818782,3355
2026-08-18 09:49:00+05:30,23958.7168818782,23960.246512975922,23955.11340213505,23957.38234124674,5804
2026-08-18 09:50:00+05:30,23957.38234124674,23961.33698010592,23956.224324559444,23960.829244196968,1978
2026-08-18 09:51:00+05:30,23960.829244196968,23962.240764468843,23960.729044806816,23961.70903571815,3479
2026-08-18 09:52:00+05:30,23961.70903571815,23962.3103782442,23959.359612069522,23962.05220059814,4572
2026-08-18 09:53:00+05:30,23962.05220059814,23965.177722560722,23961.214941827384,23962.742556031088,1411
2026-08-18 09:54:00+05:30,23962.742556031088,23963.92725597798,23962.01068181612,23962.895884522346,2475
2026-08-18 09:55:00+05:30,23962.895884522346,23964.65748344029,23961.933120096146,23962.06920433141,1892
2026-08-18 09:56:00+05:30,23962.06920433141,23967.867421968527,23960.92483231821,23965.6310370008,2480
2026-08-18 09:57:00+05:30,23965.6310370008,23966.551700166263,23963.401708512076,23966.060446548916,3031
2026-08-18 09:58:00+05:30,23966.060446548916,23966.653894268507,23964.084359905966,23964.777838451595,5366
2026-08-18 09:59:00+05:30,23964.777838451595,23965.412677604585,23961.41776327611,23962.853943230093,3382
2026-08-18 10:00:00+05:30,23962.853943230093,23964.2552177545,23959.09138189761,23960.802547364103,3688
2026-08-18 10:01:00+05:30,23960.802547364103,23963.56735600096,23959.504981662696,23960.92924721031,4786
2026-08-18 10:02:00+05:30,23960.92924721031,23963.939175092528,23958.99746062456,23961.949547394528,1620
2026-08-18 10:03:00+05:30,23961.949547394528,23964.13839471206,23959.308924105484,23959.882406066255,2430
2026-08-18 10:04:00+05:30,23959.882406066255,23961.194415730643,23953.851673682006,23954.439057092255,4857
2026-08-18 10:05:00+05:30,23954.439057092255,23954.709453692678,23952.19237114137,23953.322947986257,3618
2026-08-18 10:06:00+05:30,23953.322947986257,23955.693222745853,23950.445076456224,23951.51589245645,4222
2026-08-18 10:07:00+05:30,23951.51589245645,23954.903537368344,23950.986987838747,23954.308781672018,4500
2026-08-18 10:08:00+05:30,23954.308781672018,23957.14836009396,23952.358430269833,23953.74879835205,5729
2026-08-18 10:09:00+05:30,23953.74879835205,23955.484766688252,23953.190741621154,23953.31069882044,1437
2026-08-18 10:10:00+05:30,23953.31069882044,23955.654443557123,23952.402647997176,23955.27015193367,5867
2026-08-18 10:11:00+05:30,23955.27015193367,23958.069955026604,23954.734335109715,23957.800988403134,4186
2026-08-18 10:12:00+05:30,23957.800988403134,23959.20663701605,23953.606848869054,23956.239351571447,2518
2026-08-18 10:13:00+05:30,23956.239351571447,23957.425085622923,23956.21560244726,23957.030235406124,2609
2026-08-18 10:14:00+05:30,23957.030235406124,23962.494762161255,23956.301360419853,23959.973047420433,5931
2026-08-18 10:15:00+05:30,23959.973047420433,23960.962306755275,23957.40262178442,23957.580344513375,1802
2026-08-18 10:16:00+05:30,23957.580344513375,23958.85890299506,23956.92986988521,23957.457033857863,1671
2026-08-18 10:17:00+05:30,23957.457033857863,23958.765034061485,23957.06063146213,23957.696218096233,3268
2026-08-18 10:18:00+05:30,23957.696218096233,23963.881568874836,23956.52583625761,23963.75540960631,4214
2026-08-18 10:19:00+05:30,23963.75540960631,23966.436728797456,23962.97846563574,23966.033972871217,4603
2026-08-18 10:20:00+05:30,23966.033972871217,23973.109252186223,23963.963576558686,23971.40731915767,2543
2026-08-18 10:21:00+05:30,23971.40731915767,23974.582146279547,23970.054799311903,23973.597244128694,5425
2026-08-18 10:22:00+05:30,23973.597244128694,23979.70231093865,23972.249925759872,23977.49934235614,4143
2026-08-18 10:23:00+05:30,23977.49934235614,23978.280280526797,23973.15769505979,23974.43231793189,5897
2026-08-18 10:24:00+05:30,23974.43231793189,23975.56168392791,23974.298936639854,23974.826126171723,4307
2026-08-18 10:25:00+05:30,23974.826126171723,23976.886329071676,23972.012990962423,23972.139727847814,5018
2026-08-18 10:26:00+05:30,23972.139727847814,23975.038305731585,23971.932569522607,23974.834496611464,583
2026-08-18 10:27:00+05:30,23974.834496611464,23978.911272438872,23974.728380321827,23976.83503103952,3233
2026-08-18 10:28:00+05:30,23976.83503103952,23977.04944043431,23974.35976979633,23975.502398733064,560
2026-08-18 10:29:00+05:30,23975.502398733064,23976.251758305712,23974.721331904228,23975.29788112765,1533
2026-08-18 10:30:00+05:30,23975.29788112765,23975.958007808968,23974.398041502423,23975.143863243862,5849
2026-08-18 10:31:00+05:30,23975.143863243862,23975.450691461283,23972.668104385975,23973.031083948783,4612
2026-08-18 10:32:00+05:30,23973.031083948783,23973.944141221433,23970.485598978787,23973.669990793507,2556
2026-08-18 10:33:00+05:30,23973.669990793507,23975.00216350681,23972.38364015348,23974.919369469608,1124
2026-08-18 10:34:00+05:30,23974.919369469608,23976.334482725786,23969.585025895627,23971.289523167496,5931
2026-08-18 10:35:00+05:30,23971.289523167496,23972.36496749163,23970.35831707773,23972.355571036805,3588
2026-08-18 10:36:00+05:30,23972.355571036805,23972.425908096935,23969.55037178019,23970.498985724327,2239
2026-08-18 10:37:00+05:30,23970.498985724327,23971.411808449095,23965.518322725355,23966.460923541454,5887
2026-08-18 10:38:00+05:30,23966.460923541454,23967.554314793204,23966.045412150972,23967.53960390242,2902
2026-08-18 10:39:00+05:30,23967.53960390242,23969.035860363732,23966.62417685032,23968.048822264132,2498
2026-08-18 10:40:00+05:30,23968.048822264132,23968.197249333916,23964.254847439028,23965.476925668212,5233
2026-08-18 10:41:00+05:30,23965.476925668212,23968.820447684702,23964.33968427712,23968.33952788754,3561
2026-08-18 10:42:00+05:30,23968.33952788754,23973.961090329827,23966.59352327896,23971.74564130531,731
2026-08-18 10:43:00+05:30,23971.74564130531,23972.366613042508,23969.341448518684,23970.170501119785,724
2026-08-18 10:44:00+05:30,23970.170501119785,23971.145311968936,23966.955031951005,23969.032107758252,3527
2026-08-18 10:45:00+05:30,23969.032107758252,23969.217652481373,23966.456486747764,23967.110009177104,4606
2026-08-18 10:46:00+05:30,23967.110009177104,23970.80877817127,23966.27670266173,23970.570453136705,4199
2026-08-18 10:47:00+05:30,23970.570453136705,23972.174972309167,23970.441983636938,23971.72337475766,5342
2026-08-18 10:48:00+05:30,23971.72337475766,23972.64424543649,23970.549894850163,23971.7543474203,3485
2026-08-18 10:49:00+05:30,23971.7543474203,23972.251095385698,23969.707955044374,23970.76705070474,2059
2026-08-18 10:50:00+05:30,23970.76705070474,23973.61142541458,23970.458118712908,23973.17898620632,4634
2026-08-18 10:51:00+05:30,23973.17898620632,23980.215077161665,23971.63281689675,23978.449686033677,5868
2026-08-18 10:52:00+05:30,23978.449686033677,23979.631321170244,23974.992149457416,23978.79870737348,1134
2026-08-18 10:53:00+05:30,23978.79870737348,23981.29241546018,23978.586940433226,23980.531261803873,4142
2026-08-18 10:54:00+05:30,23980.531261803873,23982.54488385823,23979.70141484981,23981.417974789332,5423
2026-08-18 10:55:00+05:30,23981.417974789332,23986.606794348205,23980.46187644816,23985.584232032546,2903
2026-08-18 10:56:00+05:30,23985.584232032546,23985.78035912175,23980.448121505666,23981.129774259894,2071
2026-08-18 10:57:00+05:30,23981.129774259894,23985.393426280414,23980.656164475735,23984.98656181232,3576
2026-08-18 10:58:00+05:30,23984.98656181232,23985.043387080466,23981.94720799059,23982.09648767541,4106
2026-08-18 10:59:00+05:30,23982.09648767541,23984.728335581847,23981.449791105686,23984.598708210528,4383
2026-08-18 11:00:00+05:30,23984.598708210528,23988.76706574131,23984.383841550716,23987.930937595436,1069
2026-08-18 11:01:00+05:30,23987.930937595436,23988.568492455674,23986.82675826507,23986.98318484842,734
2026-08-18 11:02:00+05:30,23986.98318484842,23987.802820359,23984.571460545805,23984.76733416631,4018
2026-08-18 11:03:00+05:30,23984.76733416631,23986.19074519692,23980.571297896448,23982.045872311068,5924
2026-08-18 11:04:00+05:30,23982.045872311068,23982.072812174494,23981.32117667105,23981.468214355875,729
2026-08-18 11:05:00+05:30,23981.468214355875,23984.26162733353,23980.171135804365,23983.489946712136,3318
2026-08-18 11:06:00+05:30,23983.489946712136,23985.845512644857,23982.73507067629,23983.12820128147,3601
2026-08-18 11:07:00+05:30,23983.12820128147,23983.39331583328,23979.7826524069,23981.25648488889,3757
2026-08-18 11:08:00+05:30,23981.25648488889,23981.523297423224,23979.459661449433,23979.77224075843,3199
2026-08-18 11:09:00+05:30,23979.77224075843,23981.526434225943,23978.89653474459,23980.2134315957,2135
2026-08-18 11:10:00+05:30,23980.2134315957,23983.17412727641,23977.39134848513,23978.977575397636,2089
2026-08-18 11:11:00+05:30,23978.977575397636,23981.6403852966,23978.72684811445,23981.36916698958,4306
2026-08-18 11:12:00+05:30,23981.36916698958,23982.790925466288,23980.906519536482,23981.921544212448,2282
2026-08-18 11:13:00+05:30,23981.921544212448,23982.913435920134,23978.80024055612,23979.71941494431,4185
2026-08-18 11:14:00+05:30,23979.71941494431,23982.712302281412,23979.028626570696,23982.33837477386,755
2026-08-18 11:15:00+05:30,23982.33837477386,23986.574730052293,23981.733935211618,23984.737698615503,2186
2026-08-18 11:16:00+05:30,23984.737698615503,23987.016248981297,23983.538916581703,23986.354771469,2531
2026-08-18 11:17:00+05:30,23986.354771469,23987.39910197449,23984.872257456333,23984.874679819957,760
2026-08-18 11:18:00+05:30,23984.874679819957,23985.011442972394,23980.03067428952,23982.48959420062,1401
2026-08-18 11:19:00+05:30,23982.48959420062,23985.798107327548,23982.363196403247,23984.560647139006,2306
2026-08-18 11:20:00+05:30,23984.560647139006,23984.735410791924,23983.103389191645,23984.037296276056,3065
2026-08-18 11:21:00+05:30,23984.037296276056,23985.62694582211,23983.384417175497,23983.828915859656,4531
2026-08-18 11:22:00+05:30,23983.828915859656,23986.05713250586,23983.004244461783,23985.51869618333,3529
2026-08-18 11:23:00+05:30,23985.51869618333,23985.529644590486,23982.64108646486,23983.886131137893,602
2026-08-18 11:24:00+05:30,23983.886131137893,23984.196103423394,23981.68544917593,23983.96254236724,2230
2026-08-18 11:25:00+05:30,23983.96254236724,23985.730768143978,23983.21038657539,23985.15033187884,4534
2026-08-18 11:26:00+05:30,23985.15033187884,23987.226703976605,23984.155086268933,23987.01468767228,2833
2026-08-18 11:27:00+05:30,23987.01468767228,23989.344700004218,23986.774357956056,23986.99837823273,2345
2026-08-18 11:28:00+05:30,23986.99837823273,23988.379191251268,23986.392224089017,23987.9163790865,2053
2026-08-18 11:29:00+05:30,23987.9163790865,23988.07089004949,23983.099188293752,23983.57779341949,1641
2026-08-18 11:30:00+05:30,23983.57779341949,23985.06424377691,23983.038100580667,23983.45577316138,620
2026-08-18 11:31:00+05:30,23983.45577316138,23987.694245057195,23983.38646153355,23987.42375496408,5279
2026-08-18 11:32:00+05:30,23987.42375496408,23988.38070481075,23984.34257008856,23986.872162023585,5544
2026-08-18 11:33:00+05:30,23986.872162023585,23987.961137262337,23985.57213509171,23986.325479794494,3109
2026-08-18 11:34:00+05:30,23986.325479794494,23988.299193290528,23984.449899950934,23984.630920926542,2211
2026-08-18 11:35:00+05:30,23984.630920926542,23987.532628405654,23984.60141895132,23985.915657076086,1533
2026-08-18 11:36:00+05:30,23985.915657076086,23986.525036636085,23982.528330512592,23982.693967259238,4254
2026-08-18 11:37:00+05:30,23982.693967259238,23983.06452090142,23979.244342713304,23980.611687190798,4517
2026-08-18 11:38:00+05:30,23980.611687190798,23982.452654271772,23980.111860569603,23980.90844864386,510
2026-08-18 11:39:00+05:30,23980.90844864386,23982.76226730485,23976.573175588877,23978.881474141617,4283
2026-08-18 11:40:00+05:30,23978.881474141617,23983.184118752477,23978.245403226127,23981.70963226271,3141
2026-08-18 11:41:00+05:30,23981.70963226271,23985.359967007615,23981.13360521616,23985.084215982857,4692
2026-08-18 11:42:00+05:30,23985.084215982857,23988.065519580952,23983.240021208756,23987.730702139623,2427
2026-08-18 11:43:00+05:30,23987.730702139623,23987.96080968637,23986.232427523722,23987.54755079192,2606
2026-08-18 11:44:00+05:30,23987.54755079192,23988.555003388752,23983.340894349127,23985.34078299018,3942
2026-08-18 11:45:00+05:30,23985.34078299018,23987.614547003028,23984.343222614076,23986.11221399853,4314
2026-08-18 11:46:00+05:30,23986.11221399853,23989.783119712665,23986.104270775475,23987.60736380203,5826
2026-08-18 11:47:00+05:30,23987.60736380203,23990.98066041034,23986.159664757688,23990.272074592063,1219
2026-08-18 11:48:00+05:30,23990.272074592063,23992.49045179894,23988.825468754523,23991.97206900342,2368
2026-08-18 11:49:00+05:30,23991.97206900342,23997.98938458955,23990.60248680626,23996.27892713105,4619
2026-08-18 11:50:00+05:30,23996.27892713105,23999.00247133026,23995.949507594865,23998.35578955027,5603
2026-08-18 11:51:00+05:30,23998.35578955027,23999.39342403344,23996.754463139834,23997.576728238848,640
2026-08-18 11:52:00+05:30,23997.576728238848,24000.39877490612,23996.09020343874,23999.038621650812,5573
2026-08-18 11:53:00+05:30,23999.038621650812,23999.710171953277,23994.104756404024,23994.223999028753,2570
2026-08-18 11:54:00+05:30,23994.223999028753,23995.949197078404,23988.112648459097,23988.43929736099,3107
2026-08-18 11:55:00+05:30,23988.43929736099,23989.22161496178,23988.08845879424,23989.01345513606,500
2026-08-18 11:56:00+05:30,23989.01345513606,23989.51057693842,23988.256782461187,23989.41493028284,2373
2026-08-18 11:57:00+05:30,23989.41493028284,23995.142628036632,23988.878243325154,23994.89763878281,5862
2026-08-18 11:58:00+05:30,23994.89763878281,23995.444633730018,23993.51752510141,23993.751690161207,2821
2026-08-18 11:59:00+05:30,23993.751690161207,23993.87762423027,23992.502128523436,23993.502376032717,2074
2026-08-18 12:00:00+05:30,23993.502376032717,23997.21716028592,23993.46855110618,23996.70725844669,1181
2026-08-18 12:01:00+05:30,23996.70725844669,23996.851839170828,23994.13395572367,23994.34438190488,5010
2026-08-18 12:02:00+05:30,23994.34438190488,23995.601039405832,23994.2299313147,23994.304976592553,3161
2026-08-18 12:03:00+05:30,23994.304976592553,23995.195607648417,23991.0557090328,23991.82287021747,3184
2026-08-18 12:04:00+05:30,23991.82287021747,23992.90747688271,23990.230373966493,23990.602629108856,3950
2026-08-18 12:05:00+05:30,23990.602629108856,23993.160204059688,23990.31367197099,23992.735352295298,2609
2026-08-18 12:06:00+05:30,23992.735352295298,23993.555839999663,23991.535758534686,23992.394941930444,5392
2026-08-18 12:07:00+05:30,23992.394941930444,23994.99994369274,23992.328099620634,23994.441887655896,4322
2026-08-18 12:08:00+05:30,23994.441887655896,23997.0908352157,23990.95807513756,23995.859755005804,3713
2026-08-18 12:09:00+05:30,23995.859755005804,24000.64611686062,23995.28823818126,23998.599495418053,2428
2026-08-18 12:10:00+05:30,23998.599495418053,23999.67001583483,23997.669681720763,23997.827044572827,4040
2026-08-18 12:11:00+05:30,23997.827044572827,24000.15731372028,23996.108081454564,23998.74550609942,4534
2026-08-18 12:12:00+05:30,23998.74550609942,24000.187039059718,23996.846948379585,23997.288829900383,4888
2026-08-18 12:13:00+05:30,23997.288829900383,24002.496272456723,23996.95163157564,24000.471727318,1992
2026-08-18 12:14:00+05:30,24000.471727318,24001.082299778358,23999.51774966021,24000.69324653585,2154
2026-08-18 12:15:00+05:30,24000.69324653585,24001.765138471244,23999.25480389092,24000.811008701363,2532
2026-08-18 12:16:00+05:30,24000.811008701363,24004.039605939026,23999.477830298878,24003.13471260268,5606
2026-08-18 12:17:00+05:30,24003.13471260268,24003.829231478674,24000.738897467018,24001.24734369354,517
2026-08-18 12:18:00+05:30,24001.24734369354,24003.42402166607,24000.17059430951,24000.24201882209,4823
2026-08-18 12:19:00+05:30,24000.24201882209,24000.87942436361,23996.45871221181,23997.781167504083,3499
2026-08-18 12:20:00+05:30,23997.781167504083,24000.709145927674,23996.213545974028,23998.998783562027,1863
2026-08-18 12:21:00+05:30,23998.998783562027,23999.191382443307,23997.39467785366,23997.465871589535,3664
2026-08-18 12:22:00+05:30,23997.465871589535,23997.851857316986,23992.5572354556,23993.819440541436,1359
2026-08-18 12:23:00+05:30,23993.819440541436,23994.507825086308,23989.525123933803,23992.68487295226,1417
2026-08-18 12:24:00+05:30,23992.68487295226,23992.71749684739,23987.60000929669,23990.055164556885,2605
2026-08-18 12:25:00+05:30,23990.055164556885,23990.191563646862,23989.199091473518,23989.567090879253,2975
2026-08-18 12:26:00+05:30,23989.567090879253,23989.930674943316,23985.28337428222,23986.00753254676,3960
2026-08-18 12:27:00+05:30,23986.00753254676,23986.704447204895,23985.697843565762,23985.85652872285,4446
2026-08-18 12:28:00+05:30,23985.85652872285,23986.26334163325,23978.23058899387,23980.108932996103,5573
2026-08-18 12:29:00+05:30,23980.108932996103,23980.400086826183,23979.889529528493,23980.059612479803,4645
2026-08-18 12:30:00+05:30,23980.059612479803,23981.927000943797,23976.79735429474,23977.344483748508,4799
2026-08-18 12:31:00+05:30,23977.344483748508,23981.08542457625,23976.851585710574,23981.047764660194,3553
2026-08-18 12:32:00+05:30,23981.047764660194,23984.987971675542,23979.893428056897,23984.74875616922,1952
2026-08-18 12:33:00+05:30,23984.74875616922,23984.98601208581,23979.16242240289,23980.91439252754,4952
2026-08-18 12:34:00+05:30,23980.91439252754,23981.383213738187,23979.070876715698,23979.973176590902,5067
2026-08-18 12:35:00+05:30,23979.973176590902,23981.185770431468,23979.680269199456,23980.219405500746,5402
2026-08-18 12:36:00+05:30,23980.219405500746,23981.53076094298,23978.125198028487,23979.13363755311,4127
2026-08-18 12:37:00+05:30,23979.13363755311,23983.966909395804,23978.766615681176,23980.830121845473,3670
2026-08-18 12:38:00+05:30,23980.830121845473,23983.37815758023,23978.283982592682,23981.02605695937,5337
2026-08-18 12:39:00+05:30,23981.02605695937,23981.432697163065,23979.797060021887,23980.16665613125,1960
2026-08-18 12:40:00+05:30,23980.16665613125,23982.138494086037,23979.73414651196,23980.246080714136,2662
2026-08-18 12:41:00+05:30,23980.246080714136,23982.81911044098,23979.019568960506,23981.72287903935,2930
2026-08-18 12:42:00+05:30,23981.72287903935,23982.22693328709,23979.773156786312,23980.450179845826,4471
2026-08-18 12:43:00+05:30,23980.450179845826,23981.219266593725,23978.609367555433,23978.748132121123,4935
2026-08-18 12:44:00+05:30,23978.748132121123,23980.294854524942,23977.87218278046,23980.182265091167,1598
2026-08-18 12:45:00+05:30,23980.182265091167,23981.104438752544,23978.468387664394,23980.445867479542,2902
2026-08-18 12:46:00+05:30,23980.445867479542,23981.482607962313,23977.830097506376,23979.407388313215,3715
2026-08-18 12:47:00+05:30,23979.407388313215,23982.958442391613,23979.319997540537,23982.60280545879,2773
2026-08-18 12:48:00+05:30,23982.60280545879,23983.439881674753,23978.65653918685,23980.6963927825,1505
2026-08-18 12:49:00+05:30,23980.6963927825,23985.586209249,23978.268724016678,23982.34073364133,4788
2026-08-18 12:50:00+05:30,23982.34073364133,23983.627233768784,23979.84066682565,23980.64562079555,4763
2026-08-18 12:51:00+05:30,23980.64562079555,23981.67051590241,23975.7130026853,23976.710730947947,4487
2026-08-18 12:52:00+05:30,23976.710730947947,23983.406571724856,23975.25981239186,23981.371357101554,4566
2026-08-18 12:53:00+05:30,23981.371357101554,23982.97816712577,23978.142882630502,23981.86156208303,966
2026-08-18 12:54:00+05:30,23981.86156208303,23982.874128483654,23980.113419443023,23982.651014197632,1550
2026-08-18 12:55:00+05:30,23982.651014197632,23982.988793024128,23979.87416730848,23980.328676744295,3181
2026-08-18 12:56:00+05:30,23980.328676744295,23981.371405843198,23977.323355902754,23978.016869761348,1954
2026-08-18 12:57:00+05:30,23978.016869761348,23979.854134321213,23975.426742487292,23979.38418687244,5010
2026-08-18 12:58:00+05:30,23979.38418687244,23979.672637119962,23977.11573286288,23978.657323426145,4463
2026-08-18 12:59:00+05:30,23978.657323426145,23981.474792428435,23978.37441071839,23979.501996133073,1418
2026-08-18 13:00:00+05:30,23979.501996133073,23980.494499944,23973.599114284887,23974.413678135672,2271
2026-08-18 13:01:00+05:30,23974.413678135672,23976.35602908057,23968.833870865546,23970.449471937016,4508
2026-08-18 13:02:00+05:30,23970.449471937016,23971.095970655373,23968.259367886247,23968.694770142058,2334
2026-08-18 13:03:00+05:30,23968.694770142058,23973.50668440609,23967.57882549889,23970.489193862715,4404
2026-08-18 13:04:00+05:30,23970.489193862715,23970.56391279617,23968.490109280065,23968.869768105797,4456
2026-08-18 13:05:00+05:30,23968.869768105797,23969.62780246176,23966.10478909316,23966.15583106394,4209
2026-08-18 13:06:00+05:30,23966.15583106394,23966.490691473882,23964.483571116496,23965.851930411707,4280
2026-08-18 13:07:00+05:30,23965.851930411707,23969.854282086995,23963.440944850667,23968.731440416683,5524
2026-08-18 13:08:00+05:30,23968.731440416683,23969.963853704,23967.43420050301,23968.53313625651,3327
2026-08-18 13:09:00+05:30,23968.53313625651,23970.956848577254,23962.29317758311,23963.4240177734,2228
2026-08-18 13:10:00+05:30,23963.4240177734,23965.141243704726,23962.912633562442,23963.821650013266,4397
2026-08-18 13:11:00+05:30,23963.821650013266,23963.907281898966,23959.638563309036,23960.58239636183,3844
2026-08-18 13:12:00+05:30,23960.58239636183,23961.684021165784,23956.352740799484,23956.37956258752,3106
2026-08-18 13:13:00+05:30,23956.37956258752,23959.29007779422,23954.347090956395,23959.26468609005,3021
2026-08-18 13:14:00+05:30,23959.26468609005,23960.77848053544,23959.241207845367,23960.768215712545,4509
2026-08-18 13:15:00+05:30,23960.768215712545,23963.174152009586,23958.609960995243,23960.435928696275,879
2026-08-18 13:16:00+05:30,23960.435928696275,23964.14425801679,23959.94830325633,23963.324503807566,5481
2026-08-18 13:17:00+05:30,23963.324503807566,23964.169007007415,23962.897009575037,23963.69002310648,3250
2026-08-18 13:18:00+05:30,23963.69002310648,23965.063592149676,23961.315238471154,23961.77140634622,621
2026-08-18 13:19:00+05:30,23961.77140634622,23962.605930718422,23960.772933647477,23961.40779465883,1671
2026-08-18 13:20:00+05:30,23961.40779465883,23963.954039383207,23960.249007005943,23963.105626877204,5965
2026-08-18 13:21:00+05:30,23963.105626877204,23965.138840741067,23962.017977951888,23963.034877456306,2954
2026-08-18 13:22:00+05:30,23963.034877456306,23965.83135340732,23959.08884271117,23960.980899954375,1374
2026-08-18 13:23:00+05:30,23960.980899954375,23961.80931714348,23959.305043008368,23960.09340024398,857
2026-08-18 13:24:00+05:30,23960.09340024398,23962.80232563984,23959.867925208135,23962.547343981776,4235
2026-08-18 13:25:00+05:30,23962.547343981776,23964.566435067296,23962.35929534239,23964.362264599276,3079
2026-08-18 13:26:00+05:30,23964.362264599276,23966.631544297074,23964.330375860318,23966.244839795883,2567
2026-08-18 13:27:00+05:30,23966.244839795883,23967.348497006176,23963.03752533835,23964.689868558115,4776
2026-08-18 13:28:00+05:30,23964.689868558115,23967.685143533516,23964.469155897463,23966.890837144787,3282
2026-08-18 13:29:00+05:30,23966.890837144787,23971.414758306855,23966.68106600007,23970.981494387957,2892
2026-08-18 13:30:00+05:30,23970.981494387957,23972.823940021142,23970.403321760597,23971.23349863104,2860
2026-08-18 13:31:00+05:30,23971.23349863104,23973.40587555861,23970.18982374263,23971.131780988824,5215
2026-08-18 13:32:00+05:30,23971.131780988824,23976.74570848034,23970.845423733634,23975.114879702887,2576
2026-08-18 13:33:00+05:30,23975.114879702887,23979.24188160685,23974.513531132547,23978.367552424654,4329
2026-08-18 13:34:00+05:30,23978.367552424654,23981.31624271485,23978.20097668901,23980.354173433436,1263
2026-08-18 13:35:00+05:30,23980.354173433436,23981.815207054027,23976.913378388927,23977.060776362287,3943
2026-08-18 13:36:00+05:30,23977.060776362287,23977.964956234122,23971.18114875788,23972.126762697626,4128
2026-08-18 13:37:00+05:30,23972.126762697626,23975.004642611195,23971.91760726304,23972.783770008347,3278
2026-08-18 13:38:00+05:30,23972.783770008347,23975.104957419833,23971.662224052317,23974.489180367833,821
2026-08-18 13:39:00+05:30,23974.489180367833,23979.49775282888,23973.524564725627,23978.972883766786,3278
2026-08-18 13:40:00+05:30,23978.972883766786,23982.353773020684,23977.593488120903,23981.412630875435,2272
2026-08-18 13:41:00+05:30,23981.412630875435,23982.15189955906,23977.42261906731,23978.622222890448,1605
2026-08-18 13:42:00+05:30,23978.622222890448,23979.82817084644,23974.664531015147,23976.188003866573,1469
2026-08-18 13:43:00+05:30,23976.188003866573,23981.056554673938,23975.02125538971,23980.394408086595,5671
2026-08-18 13:44:00+05:30,23980.394408086595,23983.343510140607,23974.645307508017,23976.06025778154,1105
2026-08-18 13:45:00+05:30,23976.06025778154,23981.125688100794,23973.91004736057,23978.696197466757,2408
2026-08-18 13:46:00+05:30,23978.696197466757,23980.44230983194,23978.18061727361,23980.153983853288,1765
2026-08-18 13:47:00+05:30,23980.153983853288,23980.283110849094,23977.508671697415,23977.877196624173,4460
2026-08-18 13:48:00+05:30,23977.877196624173,23981.015525969025,23975.540555528387,23980.61255253656,5317
2026-08-18 13:49:00+05:30,23980.61255253656,23985.79757547374,23980.181861404108,23984.636659146974,4968
2026-08-18 13:50:00+05:30,23984.636659146974,23985.836397651423,23981.807981341266,23982.485531807848,1385
2026-08-18 13:51:00+05:30,23982.485531807848,23984.40201249204,23980.00647881362,23984.205243220742,4159
2026-08-18 13:52:00+05:30,23984.205243220742,23986.54942706383,23982.261360008983,23985.289751233995,2789
2026-08-18 13:53:00+05:30,23985.289751233995,23985.70272199974,23984.554685044794,23985.55210228109,5422
2026-08-18 13:54:00+05:30,23985.55210228109,23986.223483666432,23979.277563341533,23981.22671792182,3729
2026-08-18 13:55:00+05:30,23981.22671792182,23981.476791099285,23978.59749244951,23980.055811929742,4677
2026-08-18 13:56:00+05:30,23980.055811929742,23981.06237572725,23977.48457210876,23979.591679796733,1866
2026-08-18 13:57:00+05:30,23979.591679796733,23982.775905729613,23977.08952399309,23982.752376235032,4525
2026-08-18 13:58:00+05:30,23982.752376235032,23983.607762916763,23980.205023244038,23981.835705881866,5558
2026-08-18 13:59:00+05:30,23981.835705881866,23982.39115288195,23981.0655990064,23981.793204058857,1069
2026-08-18 14:00:00+05:30,23981.793204058857,23982.46423228876,23979.60635987378,23979.76574057012,4738
2026-08-18 14:01:00+05:30,23979.76574057012,23980.738678672526,23977.76938125604,23979.16801379375,2694
2026-08-18 14:02:00+05:30,23979.16801379375,23980.756055073118,23974.81962226796,23975.019854197995,4205
2026-08-18 14:03:00+05:30,23975.019854197995,23976.892330565148,23974.184342976943,23975.76919782212,2013
2026-08-18 14:04:00+05:30,23975.76919782212,23976.814105102472,23970.956763275455,23972.343207440448,2130
2026-08-18 14:05:00+05:30,23972.343207440448,23974.719649178634,23972.334044560215,23972.830955199217,715
2026-08-18 14:06:00+05:30,23972.830955199217,23973.65723628208,23969.80530811757,23972.272051195847,4565
2026-08-18 14:07:00+05:30,23972.272051195847,23974.391168652448,23971.41781311871,23971.45987527578,5634
2026-08-18 14:08:00+05:30,23971.45987527578,23973.907427288126,23970.44730418028,23971.174472123614,5102
2026-08-18 14:09:00+05:30,23971.174472123614,23976.69929617975,23969.906351091515,23975.46114806117,5572
2026-08-18 14:10:00+05:30,23975.46114806117,23979.49062139289,23975.46062291824,23978.613124996522,5328
2026-08-18 14:11:00+05:30,23978.613124996522,23979.732177512382,23976.487195800386,23979.052110599907,5984
2026-08-18 14:12:00+05:30,23979.052110599907,23980.56708451782,23978.761243997153,23980.415531709266,3174
2026-08-18 14:13:00+05:30,23980.415531709266,23982.952232521875,23976.525777323204,23979.238572227237,1035
2026-08-18 14:14:00+05:30,23979.238572227237,23980.695609054157,23978.306653161497,23980.421730041733,3409
2026-08-18 14:15:00+05:30,23980.421730041733,23981.805717108047,23978.41888365022,23978.571302209188,5991
2026-08-18 14:16:00+05:30,23978.571302209188,23979.65796879362,23976.563070473145,23976.64187814869,4854
2026-08-18 14:17:00+05:30,23976.64187814869,23981.52926357486,23975.10158251447,23977.34235301115,5201
2026-08-18 14:18:00+05:30,23977.34235301115,23980.231284511898,23975.985259092613,23980.016152455017,3649
2026-08-18 14:19:00+05:30,23980.016152455017,23980.503606518494,23976.98210003859,23978.68456869101,5517
2026-08-18 14:20:00+05:30,23978.68456869101,23978.89910602293,23976.631433362007,23977.70869024105,2235
2026-08-18 14:21:00+05:30,23977.70869024105,23978.549505879375,23973.660194270316,23974.204683927997,3020
2026-08-18 14:22:00+05:30,23974.204683927997,23974.228381289653,23973.388124013723,23973.46139095122,1163
2026-08-18 14:23:00+05:30,23973.46139095122,23975.016285295693,23972.23638614902,23972.93377945852,3752
2026-08-18 14:24:00+05:30,23972.93377945852,23976.06741179283,23971.494784641654,23975.96584001803,550
2026-08-18 14:25:00+05:30,23975.96584001803,23976.02769278746,23971.992482773276,23972.241372458404,3991
2026-08-18 14:26:00+05:30,23972.241372458404,23973.475403060722,23968.185195403174,23968.957487949952,4937
2026-08-18 14:27:00+05:30,23968.957487949952,23971.782527174102,23967.855031371826,23969.611874269507,2442
2026-08-18 14:28:00+05:30,23969.611874269507,23972.948389396457,23967.77816826913,23971.991724461008,4221
2026-08-18 14:29:00+05:30,23971.991724461008,23972.49944879811,23969.593233165753,23969.739768017876,2963
2026-08-18 14:30:00+05:30,23969.739768017876,23974.758924039415,23967.536783613446,23973.32743795904,5857
2026-08-18 14:31:00+05:30,23973.32743795904,23974.262099432126,23970.43797233637,23973.34292361297,2522
2026-08-18 14:32:00+05:30,23973.34292361297,23974.545255045494,23971.84610982039,23974.50221023461,1094
2026-08-18 14:33:00+05:30,23974.50221023461,23975.310833452924,23973.58083975092,23974.325131025318,5602
2026-08-18 14:34:00+05:30,23974.325131025318,23974.47935568597,23972.271612219338,23974.118936306175,3259
2026-08-18 14:35:00+05:30,23974.118936306175,23978.631803529788,23972.618718063095,23976.78886051269,1120
2026-08-18 14:36:00+05:30,23976.78886051269,23982.370395390764,23976.172306347667,23980.850530225038,1116
2026-08-18 14:37:00+05:30,23980.850530225038,23983.35309278759,23978.63255281102,23981.73636120578,4745
2026-08-18 14:38:00+05:30,23981.73636120578,23982.415490662494,23980.924501403253,23982.09208801912,5052
2026-08-18 14:39:00+05:30,23982.09208801912,23984.90635403237,23981.946655850184,23984.339579421816,1268
2026-08-18 14:40:00+05:30,23984.339579421816,23984.975883878873,23983.20085690363,23984.834397170085,5302
2026-08-18 14:41:00+05:30,23984.834397170085,23987.7086418111,23984.80612011043,23987.04873872317,2637
2026-08-18 14:42:00+05:30,23987.04873872317,23987.281844011715,23983.596491288816,23984.623177586735,5344
2026-08-18 14:43:00+05:30,23984.623177586735,23984.76644441938,23983.490001708695,23983.9011935755,956
2026-08-18 14:44:00+05:30,23983.9011935755,23987.29049838877,23982.84596635646,23985.812174331262,2579
2026-08-18 14:45:00+05:30,23985.812174331262,23989.600251801443,23984.8659601181,23989.54473772621,3710
2026-08-18 14:46:00+05:30,23989.54473772621,23990.391477631296,23985.10787830423,23986.1234761022,781
2026-08-18 14:47:00+05:30,23986.1234761022,23987.794100526244,23985.714263888935,23986.957161239883,1342
2026-08-18 14:48:00+05:30,23986.957161239883,23988.656248413292,23982.84790848828,23983.772687681285,5579
2026-08-18 14:49:00+05:30,23983.772687681285,23984.2681226922,23979.099419931405,23980.325913157285,5675
2026-08-18 14:50:00+05:30,23980.325913157285,23981.915827357185,23979.3395740564,23981.85453157965,4636
2026-08-18 14:51:00+05:30,23981.85453157965,23983.75533812918,23979.12256422377,23979.49463825119,2427
2026-08-18 14:52:00+05:30,23979.49463825119,23986.766138267045,23978.998959509998,23986.47163417065,3447
2026-08-18 14:53:00+05:30,23986.47163417065,23987.67427477675,23986.44785902783,23986.480181138493,647
2026-08-18 14:54:00+05:30,23986.480181138493,23988.749047702644,23984.144577996143,23984.60706853859,3227
2026-08-18 14:55:00+05:30,23984.60706853859,23986.059164111808,23984.11189107376,23985.01572160594,4197
2026-08-18 14:56:00+05:30,23985.01572160594,23985.747212358398,23984.333480825422,23984.378257378412,719
2026-08-18 14:57:00+05:30,23984.378257378412,23985.129861328493,23981.748603431948,23984.012103253008,1123
2026-08-18 14:58:00+05:30,23984.012103253008,23984.934260812563,23979.32682415379,23981.874654469924,2134
2026-08-18 14:59:00+05:30,23981.874654469924,23988.89996966784,23980.32753188609,23985.910233126466,3622
2026-08-18 15:00:00+05:30,23985.910233126466,23986.14400048445,23985.28485189234,23985.9890348736,5894
2026-08-18 15:01:00+05:30,23985.9890348736,23986.558813683376,23980.141118619937,23984.07769994297,3885
2026-08-18 15:02:00+05:30,23984.07769994297,23986.960425818765,23981.68734368617,23982.487371914256,557
2026-08-18 15:03:00+05:30,23982.487371914256,23983.256361227126,23979.425391268025,23980.434880748304,2803
2026-08-18 15:04:00+05:30,23980.434880748304,23982.009609967845,23977.006942857017,23977.82841886196,5330
2026-08-18 15:05:00+05:30,23977.82841886196,23980.39859103273,23976.326954943463,23979.444393384096,1422
2026-08-18 15:06:00+05:30,23979.444393384096,23980.377287907042,23977.57852940492,23980.021401916365,5493
2026-08-18 15:07:00+05:30,23980.021401916365,23982.571921515235,23979.515657923956,23981.681926067504,4217
2026-08-18 15:08:00+05:30,23981.681926067504,23981.731214970943,23980.152689009206,23981.37849519862,758
2026-08-18 15:09:00+05:30,23981.37849519862,23984.281934622446,23980.21613980446,23983.010348370586,2448
2026-08-18 15:10:00+05:30,23983.010348370586,23985.466444583883,23982.534619643196,23984.825471274708,1556
2026-08-18 15:11:00+05:30,23984.825471274708,23986.49475843079,23980.46547191631,23982.12878694386,1033
2026-08-18 15:12:00+05:30,23982.12878694386,23986.094405925644,23979.317062355596,23984.923135388057,2024
2026-08-18 15:13:00+05:30,23984.923135388057,23987.910237560325,23984.839526539425,23986.48148869682,2473
2026-08-18 15:14:00+05:30,23986.48148869682,23988.643784434702,23983.653222071614,23984.357808008273,1827
2026-08-18 15:15:00+05:30,23984.357808008273,23985.495045994507,23984.226545546455,23984.686482929897,1788
2026-08-18 15:16:00+05:30,23984.686482929897,23991.80802502517,23983.115809409457,23990.475358211075,4113
2026-08-18 15:17:00+05:30,23990.475358211075,23994.09859956144,23987.699508302372,23993.508426302025,4135
2026-08-18 15:18:00+05:30,23993.508426302025,23994.699968374185,23992.732317415142,23992.7654180577,5637
2026-08-18 15:19:00+05:30,23992.7654180577,23993.0993294993,23990.041201159373,23991.461512218557,5240
2026-08-18 15:20:00+05:30,23991.461512218557,23991.512344735558,23988.83040267043,23990.030530482174,1087
2026-08-18 15:21:00+05:30,23990.030530482174,23991.58567818656,23987.968483062155,23988.7621350079,970
2026-08-18 15:22:00+05:30,23988.7621350079,23988.87759824993,23987.460636279746,23988.024407732275,3832
2026-08-18 15:23:00+05:30,23988.024407732275,23988.481385020834,23986.23841743168,23986.91861014097,1299
2026-08-18 15:24:00+05:30,23986.91861014097,23987.76673355656,23983.537370242768,23985.891196519955,944
2026-08-18 15:25:00+05:30,23985.891196519955,23986.495429010534,23983.547131099465,23984.773389667105,2276
2026-08-18 15:26:00+05:30,23984.773389667105,23985.041982371866,23983.16000338266,23983.40180489912,4441
2026-08-18 15:27:00+05:30,23983.40180489912,23984.639358778622,23981.618593536812,23982.47122347576,4962
2026-08-18 15:28:00+05:30,23982.47122347576,23984.163953058673,23979.862528290192,23983.244278897175,2192
2026-08-18 15:29:00+05:30,23983.244278897175,23984.396453584446,23980.582142176336,23984.197693853872,5936
2026-08-19 09:15:00+05:30,23984.197693853872,23985.720796615213,23983.184665605957,23983.67880974019,4023
2026-08-19 09:16:00+05:30,23983.67880974019,23987.080999713882,23983.478538291227,23984.704757909763,3349
2026-08-19 09:17:00+05:30,23984.704757909763,23986.673376261824,23984.20229258899,23985.67419335513,619
2026-08-19 09:18:00+05:30,23985.67419335513,23985.91287609229,23984.253486354755,23985.67594409461,3531
2026-08-19 09:19:00+05:30,23985.67594409461,23987.65318348532,23984.523046391463,23985.190068078016,1002
2026-08-19 09:20:00+05:30,23985.190068078016,23986.88187156947,23982.89448710447,23983.668276005737,3481
2026-08-19 09:21:00+05:30,23983.668276005737,23985.7145920687,23982.89011259907,23983.96003433274,804
2026-08-19 09:22:00+05:30,23983.96003433274,23987.308377599093,23983.844319707197,23987.132251448074,2149
2026-08-19 09:23:00+05:30,23987.132251448074,23989.54245754497,23981.760047680742,23981.836915743144,3617
2026-08-19 09:24:00+05:30,23981.836915743144,23982.32273148282,23979.55668584835,23980.871082783422,5784
2026-08-19 09:25:00+05:30,23980.871082783422,23982.88383766191,23980.49181019177,23982.69518720133,4083
2026-08-19 09:26:00+05:30,23982.69518720133,23982.9524933254,23978.43904829883,23978.90693795719,4931
2026-08-19 09:27:00+05:30,23978.90693795719,23983.230649416393,23978.73403955351,23982.250390252026,1351
2026-08-19 09:28:00+05:30,23982.250390252026,23990.11536966501,23979.921965167367,23988.960307694786,5051
2026-08-19 09:29:00+05:30,23988.960307694786,23992.099556973608,23986.703426742875,23991.119508844175,3821
2026-08-19 09:30:00+05:30,23991.119508844175,23992.18048148012,23989.373894002114,23990.12019084331,3793
2026-08-19 09:31:00+05:30,23990.12019084331,23990.83366471398,23987.538788803646,23988.64904015288,3239
2026-08-19 09:32:00+05:30,23988.64904015288,23990.70356443847,23987.510628072567,23989.70054696561,3097
2026-08-19 09:33:00+05:30,23989.70054696561,23990.33672846473,23987.544708070727,23988.267713630627,5744
2026-08-19 09:34:00+05:30,23988.267713630627,23989.650775603834,23987.86414976322,23989.22818307314,5863
2026-08-19 09:35:00+05:30,23989.22818307314,23989.54531334228,23987.380489528186,23987.47523890111,1586
2026-08-19 09:36:00+05:30,23987.47523890111,23987.984137566105,23984.666074430457,23985.958824270743,4453
2026-08-19 09:37:00+05:30,23985.958824270743,23987.33960703659,23985.331541122512,23986.223472171965,1740
2026-08-19 09:38:00+05:30,23986.223472171965,23988.126303490433,23983.960237583848,23987.41037188955,2732
2026-08-19 09:39:00+05:30,23987.41037188955,23987.770688989458,23984.078431543305,23984.53152020352,2032
2026-08-19 09:40:00+05:30,23984.53152020352,23986.53895690532,23984.087688728712,23985.714391460515,728
2026-08-19 09:41:00+05:30,23985.714391460515,23987.0040647019,23985.03708931205,23986.74090894386,5833
2026-08-19 09:42:00+05:30,23986.74090894386,23986.977576520912,23983.876593984085,23986.645457677547,558
2026-08-19 09:43:00+05:30,23986.645457677547,23987.2053693815,23983.181783716926,23983.483931687784,1880
2026-08-19 09:44:00+05:30,23983.483931687784,23985.584663461694,23981.636638021337,23983.59948688716,4323
2026-08-19 09:45:00+05:30,23983.59948688716,23989.16490519013,23982.767607549966,23987.687428097623,3060
2026-08-19 09:46:00+05:30,23987.687428097623,23987.981216409135,23987.566124810775,23987.977853418786,5864
2026-08-19 09:47:00+05:30,23987.977853418786,23990.132077015794,23987.4523746537,23988.943115560905,1422
2026-08-19 09:48:00+05:30,23988.943115560905,23990.62315638452,23985.091469320316,23987.43576847106,5769
2026-08-19 09:49:00+05:30,23987.43576847106,23990.92439068987,23987.03172741084,23989.60548549857,4507
2026-08-19 09:50:00+05:30,23989.60548549857,23989.97608785223,23987.55408112034,23988.45374105572,5878
2026-08-19 09:51:00+05:30,23988.45374105572,23992.602326458225,23987.81103637114,23992.006908012685,3291
2026-08-19 09:52:00+05:30,23992.006908012685,23993.228875830337,23988.006787956365,23988.892368401102,3045
2026-08-19 09:53:00+05:30,23988.892368401102,23991.158287919792,23988.581824985384,23990.874292447796,5642
2026-08-19 09:54:00+05:30,23990.874292447796,23991.2899301015,23986.90842326372,23988.56374659547,672
2026-08-19 09:55:00+05:30,23988.56374659547,23990.091560298224,23988.100210075863,23988.3448916865,4832
2026-08-19 09:56:00+05:30,23988.3448916865,23988.436536709778,23985.07841906372,23985.953991236787,2277
2026-08-19 09:57:00+05:30,23985.953991236787,23987.812803949953,23981.211346810738,23983.307532861923,4967
2026-08-19 09:58:00+05:30,23983.307532861923,23987.179602120334,23983.298796741754,23986.665160565863,2627
2026-08-19 09:59:00+05:30,23986.665160565863,23990.026912363577,23985.65701512549,23989.640009026658,2658
2026-08-19 10:00:00+05:30,23989.640009026658,23990.8535610374,23989.530585461973,23990.36753920914,4566
2026-08-19 10:01:00+05:30,23990.36753920914,23991.27725434991,23986.383843631396,23987.116023296567,3529
2026-08-19 10:02:00+05:30,23987.116023296567,23989.91829867563,23985.78946247159,23988.886394266796,4871
2026-08-19 10:03:00+05:30,23988.886394266796,23990.076230239294,23988.207086285944,23989.80175552402,5341
2026-08-19 10:04:00+05:30,23989.80175552402,23990.987361290714,23987.63612918213,23987.736892967056,714
2026-08-19 10:05:00+05:30,23987.736892967056,23989.204799646122,23981.824910618903,23982.783729946426,4314
2026-08-19 10:06:00+05:30,23982.783729946426,23985.61019533337,23982.73727917649,23985.209014842232,979
2026-08-19 10:07:00+05:30,23985.209014842232,23986.5513200156,23983.331908349264,23984.189470377107,944
2026-08-19 10:08:00+05:30,23984.189470377107,23984.7069765539,23983.080783447152,23984.200190266864,866
2026-08-19 10:09:00+05:30,23984.200190266864,23986.018259395758,23982.124894120276,23983.55047817843,2309
2026-08-19 10:10:00+05:30,23983.55047817843,23984.62923412259,23982.169952149696,23983.219433274804,4319
2026-08-19 10:11:00+05:30,23983.219433274804,23985.77373655482,23981.451654852084,23984.02462888832,2135
2026-08-19 10:12:00+05:30,23984.02462888832,23984.737928849634,23982.77855922406,23983.359158341584,3336
2026-08-19 10:13:00+05:30,23983.359158341584,23984.285599438615,23982.4480664465,23982.518837056417,2382
2026-08-19 10:14:00+05:30,23982.518837056417,23985.019896438112,23980.12765335348,23981.571523637926,5625
2026-08-19 10:15:00+05:30,23981.571523637926,23982.93527695626,23980.81179869694,23981.9665161748,991
2026-08-19 10:16:00+05:30,23981.9665161748,23982.14587136685,23977.15457539787,23979.688348169446,763
2026-08-19 10:17:00+05:30,23979.688348169446,23980.678861624256,23978.88442240761,23980.30018142506,2723
2026-08-19 10:18:00+05:30,23980.30018142506,23980.7182809815,23979.374532160695,23979.557362717056,2306
2026-08-19 10:19:00+05:30,23979.557362717056,23981.503845635336,23979.045478727658,23979.969506860594,1362
2026-08-19 10:20:00+05:30,23979.969506860594,23981.785198098707,23979.085383207002,23981.187626738312,5977
2026-08-19 10:21:00+05:30,23981.187626738312,23982.089682070568,23980.45089561899,23982.06550625694,2342
2026-08-19 10:22:00+05:30,23982.06550625694,23982.348232466786,23977.446583079058,23978.64506067852,2779
2026-08-19 10:23:00+05:30,23978.64506067852,23982.626084746887,23976.672124567984,23982.598973741875,917
2026-08-19 10:24:00+05:30,23982.598973741875,23983.199821485512,23978.210803275084,23980.168700531824,4603
2026-08-19 10:25:00+05:30,23980.168700531824,23982.41031302587,23978.383524838664,23978.961220893452,5403
2026-08-19 10:26:00+05:30,23978.961220893452,23981.0154897896,23978.194246368028,23978.829778369538,3839
2026-08-19 10:27:00+05:30,23978.829778369538,23981.518025133286,23977.697795472806,23981.320925562733,3649
2026-08-19 10:28:00+05:30,23981.320925562733,23984.55522030327,23979.7673343109,23983.59648277169,2841
2026-08-19 10:29:00+05:30,23983.59648277169,23988.20352039033,23983.324176583057,23987.891767113877,5164
2026-08-19 10:30:00+05:30,23987.891767113877,23988.222868173343,23987.29256228088,23987.98174281248,5746
2026-08-19 10:31:00+05:30,23987.98174281248,23991.25136030357,23987.065336512846,23988.843622031025,1601
2026-08-19 10:32:00+05:30,23988.843622031025,23990.047763324346,23986.880352042666,23988.161946289136,4968
2026-08-19 10:33:00+05:30,23988.161946289136,23988.89208718223,23985.995102393943,23987.906787359923,3865
2026-08-19 10:34:00+05:30,23987.906787359923,23989.636384285972,23986.652834265133,23987.692097168845,4120
2026-08-19 10:35:00+05:30,23987.692097168845,23990.10666270411,23987.121120702108,23989.828070904878,987
2026-08-19 10:36:00+05:30,23989.828070904878,23992.426712938686,23989.247429098847,23992.154092646593,3095
2026-08-19 10:37:00+05:30,23992.154092646593,23994.122654934417,23991.29104034154,23993.534387329357,4465
2026-08-19 10:38:00+05:30,23993.534387329357,23995.348243026623,23992.646165355978,23993.921766013053,5520
2026-08-19 10:39:00+05:30,23993.921766013053,23996.683576918218,23993.84068227379,23996.09790569132,5361
2026-08-19 10:40:00+05:30,23996.09790569132,23998.59478829738,23995.721045814982,23997.955586281674,1861
2026-08-19 10:41:00+05:30,23997.955586281674,23999.339967766304,23995.794135134503,23996.38194854277,1168
2026-08-19 10:42:00+05:30,23996.38194854277,24001.181644805478,23993.49137313891,24000.209386602193,5663
2026-08-19 10:43:00+05:30,24000.209386602193,24001.035968504166,23999.778827980997,23999.938277486868,4533
2026-08-19 10:44:00+05:30,23999.938277486868,24000.60963675634,23999.009118151294,24000.093533575615,1253
2026-08-19 10:45:00+05:30,24000.093533575615,24003.415664611213,23998.609092112907,24003.26421975243,3242
2026-08-19 10:46:00+05:30,24003.26421975243,24005.559091206338,24001.927565290316,24004.41627334395,1907
2026-08-19 10:47:00+05:30,24004.41627334395,24005.58947857334,24003.953881298017,24005.113737333366,5090
2026-08-19 10:48:00+05:30,24005.113737333366,24006.009640076067,24000.59371899094,24001.784404791317,4980
2026-08-19 10:49:00+05:30,24001.784404791317,24003.88652649923,24000.98706392459,24003.66138045092,1642
2026-08-19 10:50:00+05:30,24003.66138045092,24006.42019812843,24003.42095229014,24003.623477585526,736
2026-08-19 10:51:00+05:30,24003.623477585526,24008.797420392668,24002.1872351209,24007.11316107761,5777
2026-08-19 10:52:00+05:30,24007.11316107761,24009.03533434142,24004.868514800877,24008.131193441794,1601
2026-08-19 10:53:00+05:30,24008.131193441794,24008.728731861094,24006.413034096007,24007.73457486324,841
2026-08-19 10:54:00+05:30,24007.73457486324,24010.345752198205,24006.169288402176,24010.140780796773,3720
2026-08-19 10:55:00+05:30,24010.140780796773,24013.357181304953,24010.060035542818,24012.92360034334,5933
2026-08-19 10:56:00+05:30,24012.92360034334,24013.883711698425,24011.136402099433,24013.478238145068,860
2026-08-19 10:57:00+05:30,24013.478238145068,24015.399954468856,24013.030258352086,24015.216465158326,5121
2026-08-19 10:58:00+05:30,24015.216465158326,24017.97143787702,24013.967541393355,24017.610496439625,3540
2026-08-19 10:59:00+05:30,24017.610496439625,24017.909556752787,24015.912634538105,24016.726924290575,4101
2026-08-19 11:00:00+05:30,24016.726924290575,24018.957152240968,24016.68501331776,24017.696592863194,1298
2026-08-19 11:01:00+05:30,24017.696592863194,24020.591590183863,24017.04899397534,24020.02714061886,5480
2026-08-19 11:02:00+05:30,24020.02714061886,24020.81395054558,24017.756281705166,24019.35661059962,4740
2026-08-19 11:03:00+05:30,24019.35661059962,24019.552163099066,24017.602424211436,24019.276337763815,3563
2026-08-19 11:04:00+05:30,24019.276337763815,24022.798924969466,24017.116039222095,24021.501536845753,5728
2026-08-19 11:05:00+05:30,24021.501536845753,24022.74242047645,24020.990729091165,24022.49894636393,2137
2026-08-19 11:06:00+05:30,24022.49894636393,24023.984859567277,24021.181828366167,24023.52834899622,1824
2026-08-19 11:07:00+05:30,24023.52834899622,24024.87135694459,24022.649746318508,24023.49057198417,1599
2026-08-19 11:08:00+05:30,24023.49057198417,24025.880442162368,24021.875150510168,24025.8200926274,1831
2026-08-19 11:09:00+05:30,24025.8200926274,24027.18310386183,24022.043149562818,24024.216239294943,1343
2026-08-19 11:10:00+05:30,24024.216239294943,24028.30791689093,24023.29568800215,24027.048996330857,5635
2026-08-19 11:11:00+05:30,24027.048996330857,24028.92020503049,24023.157327633744,24025.58847225598,4807
2026-08-19 11:12:00+05:30,24025.58847225598,24026.907751362076,24024.570228349545,24026.540766244572,1647
2026-08-19 11:13:00+05:30,24026.540766244572,24031.81131738179,24025.25994238683,24031.34833768835,4061
2026-08-19 11:14:00+05:30,24031.34833768835,24032.31604061098,24030.743834298446,24031.064154895503,4378
2026-08-19 11:15:00+05:30,24031.064154895503,24032.11662067474,24030.99620670247,24031.879481987617,2811
2026-08-19 11:16:00+05:30,24031.879481987617,24032.818275172016,24029.365250401388,24030.862333821173,3139
2026-08-19 11:17:00+05:30,24030.862333821173,24031.091091477236,24028.499738633756,24030.407527921296,4542
2026-08-19 11:18:00+05:30,24030.407527921296,24034.301225538875,24029.250360678285,24033.997032075487,1308
2026-08-19 11:19:00+05:30,24033.997032075487,24034.628706158644,24032.29249372478,24033.54825364492,908
2026-08-19 11:20:00+05:30,24033.54825364492,24033.56640713459,24031.12837706706,24031.485812709,1293
2026-08-19 11:21:00+05:30,24031.485812709,24035.00967486266,24029.86209988372,24034.03766421567,3589
2026-08-19 11:22:00+05:30,24034.03766421567,24034.355791419344,24030.550326499968,24031.337079593748,2884
2026-08-19 11:23:00+05:30,24031.337079593748,24031.864644873545,24029.417627440303,24030.43694476055,1537
2026-08-19 11:24:00+05:30,24030.43694476055,24032.499380291894,24027.041881021658,24028.19918731785,2650
2026-08-19 11:25:00+05:30,24028.19918731785,24030.007399116057,24026.86736650048,24029.484641390023,1342
2026-08-19 11:26:00+05:30,24029.484641390023,24031.9884581442,24028.795643688412,24031.477893449322,3432
2026-08-19 11:27:00+05:30,24031.477893449322,24034.422180611637,24030.64077166513,24034.08659831514,4620
2026-08-19 11:28:00+05:30,24034.08659831514,24035.950958049158,24027.489648101684,24029.1074244569,5071
2026-08-19 11:29:00+05:30,24029.1074244569,24031.821586586393,24027.619089901098,24030.906629589186,4321
2026-08-19 11:30:00+05:30,24030.906629589186,24035.383229116436,24030.090543396956,24034.93654432601,833
2026-08-19 11:31:00+05:30,24034.93654432601,24035.25036050146,24032.39658393913,24033.100374139263,5565
2026-08-19 11:32:00+05:30,24033.100374139263,24033.34543041952,24030.599374787827,24032.08870952782,5683
2026-08-19 11:33:00+05:30,24032.08870952782,24032.226586275287,24030.04081359431,24032.204565760727,5829
2026-08-19 11:34:00+05:30,24032.204565760727,24032.54512980143,24029.227403490622,24029.491213966274,3387
2026-08-19 11:35:00+05:30,24029.491213966274,24033.11524432575,24025.89790847241,24026.827980895418,1989
2026-08-19 11:36:00+05:30,24026.827980895418,24027.008983515178,24023.776080265587,24025.338184419918,664
2026-08-19 11:37:00+05:30,24025.338184419918,24029.8060627609,24023.483554347018,24029.272647423117,1775
2026-08-19 11:38:00+05:30,24029.272647423117,24029.468996185165,24029.22063760318,24029.37929303203,1910
2026-08-19 11:39:00+05:30,24029.37929303203,24030.18157864157,24029.10789430421,24029.148786254114,2645
2026-08-19 11:40:00+05:30,24029.148786254114,24031.225884572912,24028.54412438946,24030.467296217998,4410
2026-08-19 11:41:00+05:30,24030.467296217998,24032.59720919691,24028.85124674914,24030.280194051793,1834
2026-08-19 11:42:00+05:30,24030.280194051793,24030.670498291485,24028.04228549941,24030.20825059549,606
2026-08-19 11:43:00+05:30,24030.20825059549,24031.370061897247,24029.488619917403,24029.74206797075,2446
2026-08-19 11:44:00+05:30,24029.74206797075,24033.211570757016,24029.197626874033,24031.393416396375,3563
2026-08-19 11:45:00+05:30,24031.393416396375,24032.637369590706,24030.5011468604,24032.352321727423,5829
2026-08-19 11:46:00+05:30,24032.352321727423,24037.39399528331,24031.89577133715,24036.295322586942,851
2026-08-19 11:47:00+05:30,24036.295322586942,24040.446846991817,24035.14190111674,24039.928051884344,4107
2026-08-19 11:48:00+05:30,24039.928051884344,24040.240209038126,24038.04066820222,24038.583237759292,3096
2026-08-19 11:49:00+05:30,24038.583237759292,24039.8431253157,24034.837832098285,24035.45135472442,523
2026-08-19 11:50:00+05:30,24035.45135472442,24037.06406663549,24034.928394613024,24036.632451376117,2370
2026-08-19 11:51:00+05:30,24036.632451376117,24037.107960897985,24032.920202439225,24033.999207962363,2285
2026-08-19 11:52:00+05:30,24033.999207962363,24035.149406755092,24030.136532818175,24031.480631270002,4440
2026-08-19 11:53:00+05:30,24031.480631270002,24032.762411069398,24026.582735809392,24028.482429928477,3421
2026-08-19 11:54:00+05:30,24028.482429928477,24029.24885076626,24025.979412429617,24026.921251067128,2280
2026-08-19 11:55:00+05:30,24026.921251067128,24028.6400848193,24025.980262708115,24026.601626077554,2396
2026-08-19 11:56:00+05:30,24026.601626077554,24027.772346941587,24023.126848532745,24024.626881186898,3436
2026-08-19 11:57:00+05:30,24024.626881186898,24026.80358184231,24023.551541228604,24025.865853454983,3909
2026-08-19 11:58:00+05:30,24025.865853454983,24028.410109688033,24025.050675548096,24026.978569586066,4460
2026-08-19 11:59:00+05:30,24026.978569586066,24028.844216528185,24023.518813388448,24024.482597474118,1742
2026-08-19 12:00:00+05:30,24024.482597474118,24024.816384256992,24022.607768121707,24024.12328448841,4328
2026-08-19 12:01:00+05:30,24024.12328448841,24026.88023971677,24022.768638858928,24026.00187081628,2382
2026-08-19 12:02:00+05:30,24026.00187081628,24026.243067408697,24018.4331177577,24019.487267767745,1897
2026-08-19 12:03:00+05:30,24019.487267767745,24019.68218454993,24016.387742593528,24017.67029814322,5610
2026-08-19 12:04:00+05:30,24017.67029814322,24020.79615084732,24015.42192817047,24020.78802046042,1807
2026-08-19 12:05:00+05:30,24020.78802046042,24021.88035326249,24018.768601671047,24019.598602974027,4775
2026-08-19 12:06:00+05:30,24019.598602974027,24022.56352329388,24018.170239143907,24021.39758767875,1717
2026-08-19 12:07:00+05:30,24021.39758767875,24023.01952706955,24019.386919223798,24020.78932529009,1951
2026-08-19 12:08:00+05:30,24020.78932529009,24023.87091557471,24019.56664769424,24021.113378470458,4501
2026-08-19 12:09:00+05:30,24021.113378470458,24023.820657624576,24019.772385898585,24023.441278585324,3933
2026-08-19 12:10:00+05:30,24023.441278585324,24024.08526722591,24021.590459563446,24023.864504610974,3312
2026-08-19 12:11:00+05:30,24023.864504610974,24026.77938476057,24023.499436231457,24025.750742606393,1684
2026-08-19 12:12:00+05:30,24025.750742606393,24026.464325479068,24023.703387142436,24024.569522751066,2357
2026-08-19 12:13:00+05:30,24024.569522751066,24026.27934946195,24020.28711274623,24022.528679728865,3441
2026-08-19 12:14:00+05:30,24022.528679728865,24022.97008225707,24017.083668435687,24017.740878576937,3658
2026-08-19 12:15:00+05:30,24017.740878576937,24022.792930761923,24016.377182878503,24021.387674059708,5654
2026-08-19 12:16:00+05:30,24021.387674059708,24022.835270182204,24020.38124784901,24022.06343487756,2142
2026-08-19 12:17:00+05:30,24022.06343487756,24022.14053128646,24020.69832134873,24021.370593424377,4464
2026-08-19 12:18:00+05:30,24021.370593424377,24026.82692653661,24018.390901711606,24024.823684185085,775
2026-08-19 12:19:00+05:30,24024.823684185085,24025.292450828605,24023.627539794783,24025.136382301956,3835
2026-08-19 12:20:00+05:30,24025.136382301956,24025.378081546718,24020.526549382044,24021.340777939993,1038
2026-08-19 12:21:00+05:30,24021.340777939993,24022.952834580105,24021.0606545202,24022.351425692636,4663
2026-08-19 12:22:00+05:30,24022.351425692636,24024.777028916313,24022.18250582372,24023.433028843647,2833
2026-08-19 12:23:00+05:30,24023.433028843647,24025.28121614329,24020.16970327509,24022.017384705356,1771
2026-08-19 12:24:00+05:30,24022.017384705356,24024.588397642732,24019.082397765214,24019.75778092234,4198
2026-08-19 12:25:00+05:30,24019.75778092234,24019.83623900152,24016.42898573219,24016.764398359737,3793
2026-08-19 12:26:00+05:30,24016.764398359737,24019.103366313848,24014.187772941772,24015.22720357278,1817
2026-08-19 12:27:00+05:30,24015.22720357278,24016.60642621612,24015.18267426398,24015.839416248702,3000
2026-08-19 12:28:00+05:30,24015.839416248702,24016.8024062415,24015.742054228398,24016.008316021012,4396
2026-08-19 12:29:00+05:30,24016.008316021012,24017.7685572477,24015.601495705137,24017.330768762014,3632
2026-08-19 12:30:00+05:30,24017.330768762014,24017.724387468264,24015.85408497963,24017.258742285896,1866
2026-08-19 12:31:00+05:30,24017.258742285896,24019.88799982617,24016.463542263602,24018.63750479322,1983
2026-08-19 12:32:00+05:30,24018.63750479322,24018.868766932177,24018.436548487636,24018.51242785941,5350
2026-08-19 12:33:00+05:30,24018.51242785941,24018.66150498291,24013.41265036736,24014.932678213805,5483
2026-08-19 12:34:00+05:30,24014.932678213805,24015.678827422686,24013.71252890595,24013.831967410853,5474
2026-08-19 12:35:00+05:30,24013.831967410853,24014.059819327405,24010.294675265388,24012.37060419746,2934
2026-08-19 12:36:00+05:30,24012.37060419746,24012.97442332792,24010.90553151786,24012.80421539961,2470
2026-08-19 12:37:00+05:30,24012.80421539961,24014.620513856793,24012.759211062243,24013.931647168374,5289
2026-08-19 12:38:00+05:30,24013.931647168374,24013.995027881065,24009.573992115078,24010.852868160717,1501
2026-08-19 12:39:00+05:30,24010.852868160717,24013.894771366653,24009.040263421677,24012.73744082528,3484
2026-08-19 12:40:00+05:30,24012.73744082528,24018.734518138728,24012.222774498263,24017.156499079985,2028
2026-08-19 12:41:00+05:30,24017.156499079985,24019.58813850469,24013.41467948683,24018.968417568896,5793
2026-08-19 12:42:00+05:30,24018.968417568896,24022.298727687015,24018.319079490066,24020.214338081027,5854
2026-08-19 12:43:00+05:30,24020.214338081027,24020.74299329265,24019.304431830027,24019.982446243303,1693
2026-08-19 12:44:00+05:30,24019.982446243303,24021.280237894323,24015.080211866087,24016.131715743886,5541
2026-08-19 12:45:00+05:30,24016.131715743886,24017.966177556715,24011.090960953596,24011.76352747292,5762
2026-08-19 12:46:00+05:30,24011.76352747292,24013.08603388838,24011.383155004947,24012.028713016734,1337
2026-08-19 12:47:00+05:30,24012.028713016734,24014.121092368776,24011.967097631117,24013.44928543726,3632
2026-08-19 12:48:00+05:30,24013.44928543726,24014.177664418938,24012.67565430289,24013.30626628692,2337
2026-08-19 12:49:00+05:30,24013.30626628692,24014.6500471972,24006.814239812953,24009.236086754478,4009
2026-08-19 12:50:00+05:30,24009.236086754478,24010.862057991744,24009.004529273818,24009.482589462386,5800
2026-08-19 12:51:00+05:30,24009.482589462386,24009.59201766824,24006.98505707791,24008.29089930965,1895
2026-08-19 12:52:00+05:30,24008.29089930965,24016.136556462745,24007.29961826911,24013.210436418314,1538
2026-08-19 12:53:00+05:30,24013.210436418314,24013.380255271273,24008.240261992956,24009.953066084767,5166
2026-08-19 12:54:00+05:30,24009.953066084767,24013.2557026035,24009.30941945561,24012.957723271742,4501
2026-08-19 12:55:00+05:30,24012.957723271742,24016.252973223905,24012.036206411653,24015.54215273196,3865
2026-08-19 12:56:00+05:30,24015.54215273196,24015.745381311055,24011.80154330738,24012.90630870048,3990
2026-08-19 12:57:00+05:30,24012.90630870048,24014.41240861871,24012.26492481948,24013.221951130054,1021
2026-08-19 12:58:00+05:30,24013.221951130054,24016.35042609235,24013.162296369308,24015.444247816602,1348
2026-08-19 12:59:00+05:30,24015.444247816602,24017.65153546559,24014.16769638359,24014.745622056278,2385
2026-08-19 13:00:00+05:30,24014.745622056278,24015.834129188745,24010.996634193863,24011.74085518453,5350
2026-08-19 13:01:00+05:30,24011.74085518453,24012.66329935847,24011.1006495406,24011.208709615792,5711
2026-08-19 13:02:00+05:30,24011.208709615792,24012.3847628579,24009.955931248365,24010.789290616147,3110
2026-08-19 13:03:00+05:30,24010.789290616147,24012.601753755443,24006.72733744428,24009.929946707707,667
2026-08-19 13:04:00+05:30,24009.929946707707,24010.801160373034,24008.935828758327,24010.303143237546,1730
2026-08-19 13:05:00+05:30,24010.303143237546,24012.62146726531,24007.807946899196,24009.2192646474,714
2026-08-19 13:06:00+05:30,24009.2192646474,24011.80252112593,24008.62979035901,24010.468100939197,2269
2026-08-19 13:07:00+05:30,24010.468100939197,24015.311159000372,24010.43205791502,24014.168251893454,4660
2026-08-19 13:08:00+05:30,24014.168251893454,24016.402264870943,24013.971491255437,24014.86298761204,2049
2026-08-19 13:09:00+05:30,24014.86298761204,24016.760477314387,24013.929600168503,24015.357159719628,956
2026-08-19 13:10:00+05:30,24015.357159719628,24017.549085771156,24014.00689009565,24014.163308140196,3499
2026-08-19 13:11:00+05:30,24014.163308140196,24015.66991720266,24011.806980224592,24011.897590418404,4262
2026-08-19 13:12:00+05:30,24011.897590418404,24013.047432564184,24011.678866905713,24012.940082851885,1064
2026-08-19 13:13:00+05:30,24012.940082851885,24013.79585234934,24012.4938938434,24012.75851802826,4232
2026-08-19 13:14:00+05:30,24012.75851802826,24013.91461434845,24011.305590388878,24012.623000601452,1126
2026-08-19 13:15:00+05:30,24012.623000601452,24015.068138028208,24011.301976788898,24011.785117848307,1171
2026-08-19 13:16:00+05:30,24011.785117848307,24013.116814706245,24010.627855441973,24012.405639867444,4097
2026-08-19 13:17:00+05:30,24012.405639867444,24013.14035082067,24009.323991304936,24010.59420475253,1791
2026-08-19 13:18:00+05:30,24010.59420475253,24012.945627180274,24009.822674167743,24010.22920275154,848
2026-08-19 13:19:00+05:30,24010.22920275154,24013.257925738704,24008.979365158928,24013.084022906594,4288
2026-08-19 13:20:00+05:30,24013.084022906594,24015.436932230154,24010.292074717658,24010.855485361364,4993
2026-08-19 13:21:00+05:30,24010.855485361364,24011.691590730108,24007.497792910137,24007.62839932219,2256
2026-08-19 13:22:00+05:30,24007.62839932219,24011.064105201433,24006.046284192144,24009.693398522013,2089
2026-08-19 13:23:00+05:30,24009.693398522013,24010.987449474673,24008.174916314492,24010.510048285778,4376
2026-08-19 13:24:00+05:30,24010.510048285778,24012.072784336968,24009.83681156527,24009.929304463883,5006
2026-08-19 13:25:00+05:30,24009.929304463883,24012.02455367262,24008.060069893003,24011.182898231495,4847
2026-08-19 13:26:00+05:30,24011.182898231495,24014.051473673855,24008.664047262082,24011.267309648287,4258
2026-08-19 13:27:00+05:30,24011.267309648287,24012.536742702272,24008.375259436893,24008.995739738686,4882
2026-08-19 13:28:00+05:30,24008.995739738686,24009.45343647485,24005.126583341065,24007.130958483045,4593
2026-08-19 13:29:00+05:30,24007.130958483045,24009.526388175593,24006.381966623725,24008.106039160724,3527
2026-08-19 13:30:00+05:30,24008.106039160724,24008.944341555296,24005.05509022557,24005.736286698168,3235
2026-08-19 13:31:00+05:30,24005.736286698168,24009.527965452533,24004.009934591424,24009.22042330599,971
2026-08-19 13:32:00+05:30,24009.22042330599,24009.38674356174,24006.35561428686,24007.051182480398,1461
2026-08-19 13:33:00+05:30,24007.051182480398,24008.399933858498,24005.602575706675,24008.382240655716,821
2026-08-19 13:34:00+05:30,24008.382240655716,24011.557205709203,24005.931462304605,24010.722838559774,879
2026-08-19 13:35:00+05:30,24010.722838559774,24013.149592513848,24010.17221600717,24012.24862710602,4450
2026-08-19 13:36:00+05:30,24012.24862710602,24015.21247707824,24012.19029313547,24013.199814226726,4004
2026-08-19 13:37:00+05:30,24013.199814226726,24018.110141603807,24012.946378914374,24016.451619971114,4356
2026-08-19 13:38:00+05:30,24016.451619971114,24019.393096562286,24016.159598540395,24018.54031648667,5243
2026-08-19 13:39:00+05:30,24018.54031648667,24018.783696144346,24014.578901768546,24015.625600669955,5631
2026-08-19 13:40:00+05:30,24015.625600669955,24016.938992811425,24014.07648061436,24014.17720193548,5416
2026-08-19 13:41:00+05:30,24014.17720193548,24017.271414338033,24013.844987693057,24016.77905358108,4789
2026-08-19 13:42:00+05:30,24016.77905358108,24019.5888868653,24016.20909747566,24018.162075684828,4176
2026-08-19 13:43:00+05:30,24018.162075684828,24019.323308196093,24015.93266325784,24019.190710064246,3309
2026-08-19 13:44:00+05:30,24019.190710064246,24020.114426037562,24016.01341662105,24017.470073091816,3624
2026-08-19 13:45:00+05:30,24017.470073091816,24019.870098008698,24015.86888698786,24019.151465835308,4503
2026-08-19 13:46:00+05:30,24019.151465835308,24021.074672685656,24018.844059345043,24020.702196683258,1199
2026-08-19 13:47:00+05:30,24020.702196683258,24022.605680905603,24019.71981656046,24021.9280001269,1245
2026-08-19 13:48:00+05:30,24021.9280001269,24023.055434376933,24021.813115667243,24021.940873327236,5355
2026-08-19 13:49:00+05:30,24021.940873327236,24022.604468934052,24018.722216524347,24019.594917245275,3990
2026-08-19 13:50:00+05:30,24019.594917245275,24020.3740117123,24018.06578022304,24018.525571937982,5749
2026-08-19 13:51:00+05:30,24018.525571937982,24019.967925105084,24017.90340701083,24018.297359288907,2298
2026-08-19 13:52:00+05:30,24018.297359288907,24020.39538865262,24018.131775832735,24018.91724168101,4406
2026-08-19 13:53:00+05:30,24018.91724168101,24020.220340786425,24018.37208836985,24019.138158844613,3449
2026-08-19 13:54:00+05:30,24019.138158844613,24020.471794908837,24016.384601449077,24017.502702953057,3608
2026-08-19 13:55:00+05:30,24017.502702953057,24022.844373749464,24016.90700727144,24022.76590594689,4771
2026-08-19 13:56:00+05:30,24022.76590594689,24023.00363987259,24020.685143489703,24020.806561635036,5865
2026-08-19 13:57:00+05:30,24020.806561635036,24025.25382201688,24020.31306455992,24023.09551582286,4484
2026-08-19 13:58:00+05:30,24023.09551582286,24023.609423510847,24019.320347603352,24020.368025089865,1842
2026-08-19 13:59:00+05:30,24020.368025089865,24021.253757080292,24020.067040428406,24020.85001218342,5184
2026-08-19 14:00:00+05:30,24020.85001218342,24023.238704904765,24017.03205292309,24018.54723640269,3090
2026-08-19 14:01:00+05:30,24018.54723640269,24020.327778855346,24018.2647112601,24020.280561061903,3692
2026-08-19 14:02:00+05:30,24020.280561061903,24020.716252206992,24018.367372769924,24019.26991400286,5351
2026-08-19 14:03:00+05:30,24019.26991400286,24021.319085956173,24018.668594371447,24021.127753623667,3107
2026-08-19 14:04:00+05:30,24021.127753623667,24022.16851153496,24018.24651642128,24018.584878692993,5094
2026-08-19 14:05:00+05:30,24018.584878692993,24019.354914154283,24015.082976724043,24016.157621853148,2874
2026-08-19 14:06:00+05:30,24016.157621853148,24018.205732260696,24013.722131524788,24016.829158448567,2864
2026-08-19 14:07:00+05:30,24016.829158448567,24019.66313999344,24016.101079556778,24019.500123247566,3152
2026-08-19 14:08:00+05:30,24019.500123247566,24024.452083592787,24019.09070864975,24024.389309983755,1674
2026-08-19 14:09:00+05:30,24024.389309983755,24030.988503702793,24022.913784019827,24030.284805351635,5108
2026-08-19 14:10:00+05:30,24030.284805351635,24031.419868770623,24028.259168722903,24029.143413263264,5583
2026-08-19 14:11:00+05:30,24029.143413263264,24030.023833497133,24025.975274519278,24029.568718565348,4456
2026-08-19 14:12:00+05:30,24029.568718565348,24031.02523432668,24028.48344439808,24030.123542026537,891
2026-08-19 14:13:00+05:30,24030.123542026537,24032.729483479012,24029.63761233312,24031.200153354886,5418
2026-08-19 14:14:00+05:30,24031.200153354886,24033.645846882824,24030.328579952842,24032.948256681306,2674
2026-08-19 14:15:00+05:30,24032.948256681306,24033.955706811368,24032.78324397467,24033.167282238144,2141
2026-08-19 14:16:00+05:30,24033.167282238144,24035.614498236388,24033.149115464556,24034.630521451192,4947
2026-08-19 14:17:00+05:30,24034.630521451192,24034.695951541627,24032.375880940926,24033.13453118023,2964
2026-08-19 14:18:00+05:30,24033.13453118023,24033.78008732548,24031.230290220217,24033.085841135915,1915
2026-08-19 14:19:00+05:30,24033.085841135915,24034.379675193795,24032.599415973884,24033.306680198668,3721
2026-08-19 14:20:00+05:30,24033.306680198668,24039.57505636453,24032.994855927365,24037.963789308105,1005
2026-08-19 14:21:00+05:30,24037.963789308105,24041.96014224935,24036.880410171492,24040.052534903338,1826
2026-08-19 14:22:00+05:30,24040.052534903338,24042.232114917133,24039.51235812393,24040.84476166406,539
2026-08-19 14:23:00+05:30,24040.84476166406,24042.716670904683,24036.379026392602,24038.25368375491,3003
2026-08-19 14:24:00+05:30,24038.25368375491,24041.075281113637,24038.20599008211,24040.48711899636,1688
2026-08-19 14:25:00+05:30,24040.48711899636,24042.098690713425,24039.885630447654,24040.683069373044,4063
2026-08-19 14:26:00+05:30,24040.683069373044,24042.34862230811,24038.04439331989,24039.742523517885,3454
2026-08-19 14:27:00+05:30,24039.742523517885,24040.887160205413,24038.888642288654,24038.89516054484,502
2026-08-19 14:28:00+05:30,24038.89516054484,24039.943998378276,24036.276193859674,24036.874921970277,2463
2026-08-19 14:29:00+05:30,24036.874921970277,24037.670431310507,24033.489694736152,24034.240152494993,1339
2026-08-19 14:30:00+05:30,24034.240152494993,24034.323577431824,24028.727662616886,24029.320834623508,2360
2026-08-19 14:31:00+05:30,24029.320834623508,24029.48219315611,24027.838097771146,24028.297114172696,660
2026-08-19 14:32:00+05:30,24028.297114172696,24030.804798333855,24027.698721042438,24029.28683494583,654
2026-08-19 14:33:00+05:30,24029.28683494583,24030.071449155614,24028.432770704283,24028.713988565567,3013
2026-08-19 14:34:00+05:30,24028.713988565567,24029.165390751208,24028.706301774273,24029.065359529955,1034
2026-08-19 14:35:00+05:30,24029.065359529955,24029.273322053723,24026.863897827123,24028.57738367045,634
2026-08-19 14:36:00+05:30,24028.57738367045,24028.62374348904,24027.40740716163,24027.976096078706,656
2026-08-19 14:37:00+05:30,24027.976096078706,24028.74742304163,24024.590663061008,24024.82877416692,4785
2026-08-19 14:38:00+05:30,24024.82877416692,24027.81703336174,24024.815963266297,24025.759271376137,2701
2026-08-19 14:39:00+05:30,24025.759271376137,24029.30993141305,24025.42906488252,24027.063673652632,2668
2026-08-19 14:40:00+05:30,24027.063673652632,24028.5273284524,24026.874791799004,24027.27781453503,3160
2026-08-19 14:41:00+05:30,24027.27781453503,24030.359077176014,24026.746293432105,24029.51722034293,2521
2026-08-19 14:42:00+05:30,24029.51722034293,24030.88644361496,24028.42281298267,24028.996167213805,1522
2026-08-19 14:43:00+05:30,24028.996167213805,24030.805869709806,24028.829133764328,24030.603474628988,3909
2026-08-19 14:44:00+05:30,24030.603474628988,24032.158449461687,24030.198780637602,24031.551832994963,4803
2026-08-19 14:45:00+05:30,24031.551832994963,24032.51605620296,24028.05736183161,24029.386467163076,4902
2026-08-19 14:46:00+05:30,24029.386467163076,24030.44907037098,24022.040239011523,24022.785416277362,5149
2026-08-19 14:47:00+05:30,24022.785416277362,24029.246973964357,24021.911024443867,24028.75579805058,2266
2026-08-19 14:48:00+05:30,24028.75579805058,24030.392625492987,24024.990266992805,24025.726481595146,4741
2026-08-19 14:49:00+05:30,24025.726481595146,24027.026606696632,24020.7224316848,24022.184698950172,5162
2026-08-19 14:50:00+05:30,24022.184698950172,24023.88838154512,24019.32477697115,24019.44282295745,4762
2026-08-19 14:51:00+05:30,24019.44282295745,24019.63843506751,24018.67644261902,24018.771140670466,1652
2026-08-19 14:52:00+05:30,24018.771140670466,24021.168000727634,24018.146843469265,24020.11940851683,5218
2026-08-19 14:53:00+05:30,24020.11940851683,24022.61421452162,24018.961389425738,24021.888971848482,3858
2026-08-19 14:54:00+05:30,24021.888971848482,24023.811368560546,24021.640086958585,24023.800957505013,1760
2026-08-19 14:55:00+05:30,24023.800957505013,24024.466041203697,24021.86876577813,24021.912127180953,5539
2026-08-19 14:56:00+05:30,24021.912127180953,24024.234831540045,24021.286509712143,24022.18026732767,3727
2026-08-19 14:57:00+05:30,24022.18026732767,24024.162686119616,24022.05910164641,24022.263834869267,1410
2026-08-19 14:58:00+05:30,24022.263834869267,24025.678797832938,24022.066869928927,24024.562082883705,1604
2026-08-19 14:59:00+05:30,24024.562082883705,24026.161817467255,24023.434039633594,24023.612117191456,5639
2026-08-19 15:00:00+05:30,24023.612117191456,24023.7696930107,24015.840473853877,24018.851256283666,5353
2026-08-19 15:01:00+05:30,24018.851256283666,24022.517499527326,24018.53243401018,24020.351256517002,2474
2026-08-19 15:02:00+05:30,24020.351256517002,24022.98650783854,24020.08076291621,24020.80538488278,1020
2026-08-19 15:03:00+05:30,24020.80538488278,24020.955927811086,24018.965327888036,24020.318136808997,2990
2026-08-19 15:04:00+05:30,24020.318136808997,24021.980482315463,24019.33627232595,24020.771787830512,590
2026-08-19 15:05:00+05:30,24020.771787830512,24023.033424856927,24018.129612251083,24018.496551717526,3679
2026-08-19 15:06:00+05:30,24018.496551717526,24021.65747979588,24017.71648588398,24020.48494363132,5173
2026-08-19 15:07:00+05:30,24020.48494363132,24021.90153771164,24019.556161114677,24019.673337789845,2385
2026-08-19 15:08:00+05:30,24019.673337789845,24020.08125652649,24013.406521041667,24014.604271952292,1805
2026-08-19 15:09:00+05:30,24014.604271952292,24016.872249594995,24012.43597674491,24016.847205806145,840
2026-08-19 15:10:00+05:30,24016.847205806145,24019.256966657395,24014.653912113226,24015.254183685618,3944
2026-08-19 15:11:00+05:30,24015.254183685618,24015.63444675182,24011.591846541633,24014.83222430604,1682
2026-08-19 15:12:00+05:30,24014.83222430604,24015.63684013137,24010.952830627964,24012.811993671963,4455
2026-08-19 15:13:00+05:30,24012.811993671963,24013.841611749773,24009.85305447333,24011.433090277656,5136
2026-08-19 15:14:00+05:30,24011.433090277656,24011.82984390729,24010.25662323946,24011.62116957591,2563
2026-08-19 15:15:00+05:30,24011.62116957591,24011.63920706036,24007.78076186026,24008.54378881016,2626
2026-08-19 15:16:00+05:30,24008.54378881016,24011.696139163974,24008.154484090566,24010.370967642506,3121
2026-08-19 15:17:00+05:30,24010.370967642506,24013.860836763597,24008.91079735918,24012.67724148319,5388
2026-08-19 15:18:00+05:30,24012.67724148319,24013.830215293114,24011.21401550367,24013.39689325176,2064
2026-08-19 15:19:00+05:30,24013.39689325176,24015.205509841875,24011.249743356857,24012.351729490605,3073
2026-08-19 15:20:00+05:30,24012.351729490605,24017.16597163942,24011.997291631258,24013.87667939534,3886
2026-08-19 15:21:00+05:30,24013.87667939534,24017.34546010287,24013.586759153095,24015.502854798026,1706
2026-08-19 15:22:00+05:30,24015.502854798026,24017.384644603146,24015.27979265842,24016.544321854668,2873
2026-08-19 15:23:00+05:30,24016.544321854668,24017.731766722063,24014.765284156198,24016.54805961632,4006
2026-08-19 15:24:00+05:30,24016.54805961632,24018.25202584052,24015.061260870054,24018.201896150804,3322
2026-08-19 15:25:00+05:30,24018.201896150804,24018.614192137095,24016.035424511432,24016.835422706055,3878
2026-08-19 15:26:00+05:30,24016.835422706055,24018.855670187626,24012.68888384916,24014.101605505344,5178
2026-08-19 15:27:00+05:30,24014.101605505344,24014.455013673407,24010.30398114412,24011.469451999317,2022
2026-08-19 15:28:00+05:30,24011.469451999317,24012.91197821742,24010.973030283243,24012.11656336705,1200
2026-08-19 15:29:00+05:30,24012.11656336705,24013.215990399898,24010.705320605015,24012.89081592525,4733
2026-08-20 09:15:00+05:30,24012.89081592525,24016.734371620933,24011.89846648835,24013.440481700516,1575
2026-08-20 09:16:00+05:30,24013.440481700516,24015.97117019361,24013.289147549698,24015.129026732342,5470
2026-08-20 09:17:00+05:30,24015.129026732342,24019.74081583475,24014.577110241087,24019.236732199588,5853
2026-08-20 09:18:00+05:30,24019.236732199588,24022.168928688505,24018.860730849585,24021.373145887625,3937
2026-08-20 09:19:00+05:30,24021.373145887625,24021.83735641508,24020.214669488156,24020.6759470278,2397
2026-08-20 09:20:00+05:30,24020.6759470278,24021.548858515966,24016.737445807183,24018.78645464192,2505
2026-08-20 09:21:00+05:30,24018.78645464192,24020.180627184935,24017.626155588267,24018.239357541675,1758
2026-08-20 09:22:00+05:30,24018.239357541675,24019.541871993355,24018.224001793045,24019.484153805,4321
2026-08-20 09:23:00+05:30,24019.484153805,24023.304955305663,24019.13328285129,24021.24577415955,3949
2026-08-20 09:24:00+05:30,24021.24577415955,24025.520481692245,24020.006062775617,24023.87507533462,3171
2026-08-20 09:25:00+05:30,24023.87507533462,24025.780377207382,24020.22620879636,24020.562597305663,5325
2026-08-20 09:26:00+05:30,24020.562597305663,24021.971712290047,24019.907187191744,24021.481401308247,5388
2026-08-20 09:27:00+05:30,24021.481401308247,24026.10317078847,24020.76486189058,24024.453907731986,5668
2026-08-20 09:28:00+05:30,24024.453907731986,24026.157182062343,24020.98297757121,24022.62515174904,4293
2026-08-20 09:29:00+05:30,24022.62515174904,24026.493101265325,24021.85503500221,24024.46862152692,1026
2026-08-20 09:30:00+05:30,24024.46862152692,24027.55513364763,24024.050527911866,24026.585589347666,3946
2026-08-20 09:31:00+05:30,24026.585589347666,24029.225081329805,24025.615222057135,24028.870098642088,5469
2026-08-20 09:32:00+05:30,24028.870098642088,24032.61095295408,24026.074651144507,24026.92790540135,2561
2026-08-20 09:33:00+05:30,24026.92790540135,24027.388557874234,24025.51110327924,24027.2980991992,2759
2026-08-20 09:34:00+05:30,24027.2980991992,24028.28843335917,24026.34678625426,24026.644212570758,3953
2026-08-20 09:35:00+05:30,24026.644212570758,24027.489918280793,24026.084750377555,24026.502437189756,4132
2026-08-20 09:36:00+05:30,24026.502437189756,24026.837416825878,24023.876901759413,24024.212360907415,5696
2026-08-20 09:37:00+05:30,24024.212360907415,24024.930245077667,24021.720114035223,24021.93873773576,4173
2026-08-20 09:38:00+05:30,24021.93873773576,24025.482874579466,24021.319726112255,24025.05263509457,3308
2026-08-20 09:39:00+05:30,24025.05263509457,24026.780607862987,24022.86690273679,24026.347347478284,4475
2026-08-20 09:40:00+05:30,24026.347347478284,24027.94965196828,24025.61143857866,24026.278606273532,4033
2026-08-20 09:41:00+05:30,24026.278606273532,24029.705537078673,24024.74404898893,24029.34876300049,2197
2026-08-20 09:42:00+05:30,24029.34876300049,24030.345731696998,24029.199723826874,24030.24156179639,981
2026-08-20 09:43:00+05:30,24030.24156179639,24030.377271089365,24026.772568878438,24026.972610122102,543
2026-08-20 09:44:00+05:30,24026.972610122102,24027.78540379855,24026.669022378814,24027.761850127936,4530
2026-08-20 09:45:00+05:30,24027.761850127936,24030.25552195139,24026.844052220364,24030.244509821492,5600
2026-08-20 09:46:00+05:30,24030.244509821492,24031.78408863142,24026.906477963104,24028.821111023943,868
2026-08-20 09:47:00+05:30,24028.821111023943,24029.986806422854,24026.445665088715,24029.389850744472,545
2026-08-20 09:48:00+05:30,24029.389850744472,24032.382482615707,24028.693231326357,24029.76548635005,5165
2026-08-20 09:49:00+05:30,24029.76548635005,24031.70979346539,24024.490185747727,24025.067368428023,848
2026-08-20 09:50:00+05:30,24025.067368428023,24026.597779845437,24020.72659527824,24021.099012509952,2763
2026-08-20 09:51:00+05:30,24021.099012509952,24022.731381956753,24018.966295008206,24020.65826850935,3409
2026-08-20 09:52:00+05:30,24020.65826850935,24022.799241049805,24019.13674979724,24020.995470260605,518
2026-08-20 09:53:00+05:30,24020.995470260605,24023.883017530374,24019.826494894074,24023.672514550843,4822
2026-08-20 09:54:00+05:30,24023.672514550843,24025.92987019715,24018.451490154086,24019.842515274777,2982
2026-08-20 09:55:00+05:30,24019.842515274777,24020.844588327996,24019.055213498305,24019.899550699072,4734
2026-08-20 09:56:00+05:30,24019.899550699072,24019.983721976838,24017.187738652636,24018.4114828027,3085
2026-08-20 09:57:00+05:30,24018.4114828027,24018.49930339896,24017.11039317702,24017.75482595141,1741
2026-08-20 09:58:00+05:30,24017.75482595141,24017.79953442505,24014.531742111354,24015.177196348803,1761
2026-08-20 09:59:00+05:30,24015.177196348803,24016.19500873054,24012.876826606796,24013.996673395606,3435
2026-08-20 10:00:00+05:30,24013.996673395606,24016.92622567615,24012.497616678593,24016.9212027845,3832
2026-08-20 10:01:00+05:30,24016.9212027845,24018.703091876367,24016.461350911395,24016.80362500886,1068
2026-08-20 10:02:00+05:30,24016.80362500886,24017.750143400757,24014.313350307548,24014.713039275375,4864
2026-08-20 10:03:00+05:30,24014.713039275375,24015.597611413898,24013.919773644768,24015.193506957065,4677
2026-08-20 10:04:00+05:30,24015.193506957065,24016.972753635302,24014.511322107974,24016.84685620545,593
2026-08-20 10:05:00+05:30,24016.84685620545,24017.371678432773,24010.437242504777,24011.126894452394,4760
2026-08-20 10:06:00+05:30,24011.126894452394,24013.87200404339,24009.863167700423,24012.569805193656,1651
2026-08-20 10:07:00+05:30,24012.569805193656,24014.849951900193,24012.404705821646,24013.31681071926,4080
2026-08-20 10:08:00+05:30,24013.31681071926,24013.63959484564,24011.47814935326,24011.827842157567,2571
2026-08-20 10:09:00+05:30,24011.827842157567,24012.925531626854,24009.97102340508,24011.561292433405,4578
2026-08-20 10:10:00+05:30,24011.561292433405,24014.13763892883,24010.172446806137,24013.871412168417,3681
2026-08-20 10:11:00+05:30,24013.871412168417,24018.345328854844,24012.424060659647,24017.52766986873,5064
2026-08-20 10:12:00+05:30,24017.52766986873,24018.906918931116,24015.86831419592,24017.838667578624,3824
2026-08-20 10:13:00+05:30,24017.838667578624,24020.63193843971,24016.841937906443,24020.57703309672,5357
2026-08-20 10:14:00+05:30,24020.57703309672,24021.58548506644,24019.933990174675,24021.495523079244,5372
2026-08-20 10:15:00+05:30,24021.495523079244,24022.09156596342,24020.75513014737,24021.182873889687,4842
2026-08-20 10:16:00+05:30,24021.182873889687,24024.03538638694,24019.646858505213,24023.046700430128,5865
2026-08-20 10:17:00+05:30,24023.046700430128,24023.27877888109,24018.600717933114,24018.7704895697,5670
2026-08-20 10:18:00+05:30,24018.7704895697,24020.842187298324,24018.549912027083,24020.62225236714,4657
2026-08-20 10:19:00+05:30,24020.62225236714,24023.93202438563,24020.615433066927,24022.70529511188,3917
2026-08-20 10:20:00+05:30,24022.70529511188,24024.061834503336,24019.769941104783,24020.880050268144,1602
2026-08-20 10:21:00+05:30,24020.880050268144,24024.407689341817,24020.60590576611,24023.620943208232,5293
2026-08-20 10:22:00+05:30,24023.620943208232,24026.237929913506,24022.417258645088,24024.42760615363,4980
2026-08-20 10:23:00+05:30,24024.42760615363,24024.96940938901,24024.32336495651,24024.447187960428,5291
2026-08-20 10:24:00+05:30,24024.447187960428,24025.562833973825,24021.304301186316,24022.370641429196,3830
2026-08-20 10:25:00+05:30,24022.370641429196,24026.31010663187,24020.116601637263,24024.832921255518,1671
2026-08-20 10:26:00+05:30,24024.832921255518,24024.847832503492,24020.822905955192,24024.231866824666,3696
2026-08-20 10:27:00+05:30,24024.231866824666,24027.84197785633,24022.670741103477,24026.618633192567,5026
2026-08-20 10:28:00+05:30,24026.618633192567,24031.041642052056,24025.72661532201,24030.846035396105,3258
2026-08-20 10:29:00+05:30,24030.846035396105,24032.501039377792,24029.102440991774,24032.431386733697,2551
2026-08-20 10:30:00+05:30,24032.431386733697,24035.730492420324,24030.71893115413,24035.13564404588,2155
2026-08-20 10:31:00+05:30,24035.13564404588,24036.442267208527,24033.30426816557,24034.307672143816,3659
2026-08-20 10:32:00+05:30,24034.307672143816,24034.513895300744,24032.21907081894,24032.756698213103,2556
2026-08-20 10:33:00+05:30,24032.756698213103,24035.2980564032,24031.46870956318,24032.030693253266,2244
2026-08-20 10:34:00+05:30,24032.030693253266,24033.310764653284,24029.627346471556,24031.323157442195,5830
2026-08-20 10:35:00+05:30,24031.323157442195,24034.93126857497,24030.080562405594,24033.029330917976,1407
2026-08-20 10:36:00+05:30,24033.029330917976,24036.068389492662,24032.202442779148,24034.57916263575,3686
2026-08-20 10:37:00+05:30,24034.57916263575,24035.358776788184,24033.995650894172,24034.9874382762,2033
2026-08-20 10:38:00+05:30,24034.9874382762,24037.324907692808,24033.236796054884,24034.051736416528,4451
2026-08-20 10:39:00+05:30,24034.051736416528,24034.352997732036,24033.18076775264,24034.288443022615,3803
2026-08-20 10:40:00+05:30,24034.288443022615,24034.378169086045,24033.92220641107,24034.34275907159,4923
2026-08-20 10:41:00+05:30,24034.34275907159,24035.38457661983,24033.334217108368,24033.395652469862,2445
2026-08-20 10:42:00+05:30,24033.395652469862,24034.313621991903,24032.580226011665,24033.099698924365,627
2026-08-20 10:43:00+05:30,24033.099698924365,24035.98035942268,24032.28923685034,24035.565659343883,4697
2026-08-20 10:44:00+05:30,24035.565659343883,24037.446981153284,24033.81864380425,24034.67582413698,2685
2026-08-20 10:45:00+05:30,24034.67582413698,24035.72928041685,24032.332538107825,24033.33189285758,3935
2026-08-20 10:46:00+05:30,24033.33189285758,24037.630477207957,24031.160034725664,24037.27343228237,3312
2026-08-20 10:47:00+05:30,24037.27343228237,24038.101363841055,24036.196166909063,24037.641200173002,1794
2026-08-20 10:48:00+05:30,24037.641200173002,24039.731299093426,24033.38058381677,24035.73041976277,3637
2026-08-20 10:49:00+05:30,24035.73041976277,24037.647780292304,24035.314746406584,24035.524396216933,5924
2026-08-20 10:50:00+05:30,24035.524396216933,24038.2042008803,24034.104790943413,24037.694039932307,3639
2026-08-20 10:51:00+05:30,24037.694039932307,24039.048587581467,24036.396012072586,24038.007551061593,1764
2026-08-20 10:52:00+05:30,24038.007551061593,24040.702437584798,24037.31259163339,24038.92012528059,982
2026-08-20 10:53:00+05:30,24038.92012528059,24039.893882185857,24036.172527358187,24038.31573603775,5825
2026-08-20 10:54:00+05:30,24038.31573603775,24038.739656210426,24034.62508695234,24036.315021821683,874
2026-08-20 10:55:00+05:30,24036.315021821683,24037.679179519593,24028.15369194033,24029.10827994113,888
2026-08-20 10:56:00+05:30,24029.10827994113,24029.247262315523,24026.80361607332,24027.652174577557,5799
2026-08-20 10:57:00+05:30,24027.652174577557,24028.287904635396,24027.185274378575,24027.574171154152,930
2026-08-20 10:58:00+05:30,24027.574171154152,24029.88016618157,24024.215154213878,24024.45000653641,1497
2026-08-20 10:59:00+05:30,24024.45000653641,24026.00024539185,24023.890660595243,24025.82288857812,5985
2026-08-20 11:00:00+05:30,24025.82288857812,24027.410918906848,24024.20787543055,24024.976193788003,1115
2026-08-20 11:01:00+05:30,24024.976193788003,24030.270877404575,24023.891518771215,24029.60545079511,2073
2026-08-20 11:02:00+05:30,24029.60545079511,24030.21018497523,24028.359695000185,24029.02311581986,5380
2026-08-20 11:03:00+05:30,24029.02311581986,24032.20252494479,24028.22331925477,24030.14489202221,3684
2026-08-20 11:04:00+05:30,24030.14489202221,24032.365963971915,24028.150234415843,24028.90487028471,5858
2026-08-20 11:05:00+05:30,24028.90487028471,24029.056372546096,24028.025175683586,24028.60175156263,3248
2026-08-20 11:06:00+05:30,24028.60175156263,24029.32749300323,24026.752887318893,24027.03398742138,2822
2026-08-20 11:07:00+05:30,24027.03398742138,24027.60281442964,24025.02672921072,24025.882708990066,3399
2026-08-20 11:08:00+05:30,24025.882708990066,24028.26196656522,24025.15491625376,24027.78815190862,977
2026-08-20 11:09:00+05:30,24027.78815190862,24029.570673724407,24027.77416429244,24028.27060680365,5847
2026-08-20 11:10:00+05:30,24028.27060680365,24032.14077707859,24026.733483641234,24031.260338191452,1653
2026-08-20 11:11:00+05:30,24031.260338191452,24031.370191799197,24029.397813925814,24029.667756360635,3026
2026-08-20 11:12:00+05:30,24029.667756360635,24030.178895905436,24026.576427474825,24029.208857024616,1187
2026-08-20 11:13:00+05:30,24029.208857024616,24031.344657897174,24029.18181849931,24030.746589416518,5985
2026-08-20 11:14:00+05:30,24030.746589416518,24031.938877833796,24028.890617208668,24029.191398366034,2681
2026-08-20 11:15:00+05:30,24029.191398366034,24030.316488883615,24025.927270095228,24027.92622220404,2486
2026-08-20 11:16:00+05:30,24027.92622220404,24029.50512380715,24027.27649083229,24028.726655824103,4680
2026-08-20 11:17:00+05:30,24028.726655824103,24031.082876337972,24028.22902540942,24029.287765480956,1658
2026-08-20 11:18:00+05:30,24029.287765480956,24029.620938470212,24027.18557568362,24027.38095420174,5470
2026-08-20 11:19:00+05:30,24027.38095420174,24028.708822167002,24021.849201947232,24023.397169407737,1121
2026-08-20 11:20:00+05:30,24023.397169407737,24023.690956165414,24020.896555578933,24021.51528410148,3344
2026-08-20 11:21:00+05:30,24021.51528410148,24027.243305187294,24021.506246072862,24025.958882680286,1895
2026-08-20 11:22:00+05:30,24025.958882680286,24031.19873769435,24025.74738480333,24030.03638333576,4737
2026-08-20 11:23:00+05:30,24030.03638333576,24031.171853142463,24025.963458613023,24027.11062489342,1862
2026-08-20 11:24:00+05:30,24027.11062489342,24028.045591079142,24024.36643565728,24026.179935525408,1163
2026-08-20 11:25:00+05:30,24026.179935525408,24029.410163642653,24025.53006970741,24028.975468353874,2406
2026-08-20 11:26:00+05:30,24028.975468353874,24028.978088585554,24025.75702595184,24026.853543324356,780
2026-08-20 11:27:00+05:30,24026.853543324356,24028.98257847575,24026.469373445678,24027.932079838192,3864
2026-08-20 11:28:00+05:30,24027.932079838192,24032.948918103786,24027.32524249101,24032.37116727286,4937
2026-08-20 11:29:00+05:30,24032.37116727286,24033.046635312257,24029.723779620108,24030.232780878836,3368
2026-08-20 11:30:00+05:30,24030.232780878836,24030.99771424954,24029.263439171395,24029.71510719364,4048
2026-08-20 11:31:00+05:30,24029.71510719364,24030.892832900394,24024.464996789397,24024.716917666996,1312
2026-08-20 11:32:00+05:30,24024.716917666996,24029.84132798035,24024.311889792825,24028.647581790217,2496
2026-08-20 11:33:00+05:30,24028.647581790217,24031.554848876942,24027.578690589897,24030.902319743498,3134
2026-08-20 11:34:00+05:30,24030.902319743498,24031.374228007917,24030.27777871994,24031.309705446234,975
2026-08-20 11:35:00+05:30,24031.309705446234,24033.2223122224,24028.9841434201,24029.98632884197,5259
2026-08-20 11:36:00+05:30,24029.98632884197,24032.795792205357,24028.14452469874,24030.728318948426,842
2026-08-20 11:37:00+05:30,24030.728318948426,24030.89405280002,24029.071256341205,24030.041593094622,3140
2026-08-20 11:38:00+05:30,24030.041593094622,24032.318107824594,24025.927084813833,24027.229425441663,1806
2026-08-20 11:39:00+05:30,24027.229425441663,24028.09583742262,24023.79334983477,24024.687657205923,3142
2026-08-20 11:40:00+05:30,24024.687657205923,24026.316399816467,24020.848344894883,24025.668609352244,5432
2026-08-20 11:41:00+05:30,24025.668609352244,24027.128318717085,24024.075906745773,24024.11717691257,5143
2026-08-20 11:42:00+05:30,24024.11717691257,24027.45093783734,24024.10779617592,24025.04402795855,1504
2026-08-20 11:43:00+05:30,24025.04402795855,24025.47090928396,24023.13802739124,24023.763917329517,1933
2026-08-20 11:44:00+05:30,24023.763917329517,24024.46231334993,24020.796267462076,24022.554798450743,1105
2026-08-20 11:45:00+05:30,24022.554798450743,24022.881111691768,24021.764444820048,24022.034822638525,2276
2026-08-20 11:46:00+05:30,24022.034822638525,24023.425046371325,24021.606963124836,24022.482538694523,4018
2026-08-20 11:47:00+05:30,24022.482538694523,24026.284708380575,24021.56485603846,24026.020033892015,2864
2026-08-20 11:48:00+05:30,24026.020033892015,24026.815637564403,24024.541517174654,24025.011808214036,4822
2026-08-20 11:49:00+05:30,24025.011808214036,24025.59862758336,24018.609714401646,24019.1357018279,5920
2026-08-20 11:50:00+05:30,24019.1357018279,24020.778056333253,24016.446373917115,24019.93314797017,5403
2026-08-20 11:51:00+05:30,24019.93314797017,24020.620934990908,24016.26471581239,24018.118854373053,818
2026-08-20 11:52:00+05:30,24018.118854373053,24020.26450086793,24017.14076514819,24019.91787536715,3984
2026-08-20 11:53:00+05:30,24019.91787536715,24021.638745664106,24019.361746845225,24021.5077149871,4857
2026-08-20 11:54:00+05:30,24021.5077149871,24022.560439861714,24019.781888340145,24022.324498937684,5053
2026-08-20 11:55:00+05:30,24022.324498937684,24024.085354746847,24021.494055283423,24022.014926543037,3268
2026-08-20 11:56:00+05:30,24022.014926543037,24025.091436855157,24019.182948795544,24022.564895794025,5177
2026-08-20 11:57:00+05:30,24022.564895794025,24024.306161873406,24019.34358292851,24021.36778649865,4965
2026-08-20 11:58:00+05:30,24021.36778649865,24022.847421917824,24019.94600701069,24022.32737612276,3181
2026-08-20 11:59:00+05:30,24022.32737612276,24023.982246663127,24020.76341627191,24023.593116658085,2778
2026-08-20 12:00:00+05:30,24023.593116658085,24028.50405182324,24022.885013117062,24027.75201021347,3220
2026-08-20 12:01:00+05:30,24027.75201021347,24029.965210218284,24027.359945329397,24028.76309102146,4443
2026-08-20 12:02:00+05:30,24028.76309102146,24033.83615767285,24026.679902232085,24033.447200465343,5465
2026-08-20 12:03:00+05:30,24033.447200465343,24036.73494647795,24032.030464121042,24036.56693751826,1733
2026-08-20 12:04:00+05:30,24036.56693751826,24038.13697126816,24036.168050787554,24037.08673401241,2791
2026-08-20 12:05:00+05:30,24037.08673401241,24040.964361204096,24032.461959516502,24034.691853369575,1076
2026-08-20 12:06:00+05:30,24034.691853369575,24037.145337968657,24033.050597278678,24036.775169897894,5934
2026-08-20 12:07:00+05:30,24036.775169897894,24036.900059758762,24034.600378414674,24034.78224671903,4434
2026-08-20 12:08:00+05:30,24034.78224671903,24036.33711921848,24033.610204129916,24036.28745953407,963
2026-08-20 12:09:00+05:30,24036.28745953407,24037.775099168586,24034.46936975826,24035.25026439671,1759
2026-08-20 12:10:00+05:30,24035.25026439671,24036.970877569613,24034.17719636181,24036.668145043117,1145
2026-08-20 12:11:00+05:30,24036.668145043117,24040.5209012923,24034.10146472207,24039.80950416386,4012
2026-08-20 12:12:00+05:30,24039.80950416386,24042.29390254888,24039.545238762465,24041.449608773248,1233
2026-08-20 12:13:00+05:30,24041.449608773248,24042.067059643738,24037.700656491583,24038.418669092815,4222
2026-08-20 12:14:00+05:30,24038.418669092815,24039.810636811457,24037.06245868974,24039.1365443212,5426
2026-08-20 12:15:00+05:30,24039.1365443212,24039.36276486895,24034.596768664407,24035.645882796114,4684
2026-08-20 12:16:00+05:30,24035.645882796114,24039.362953820728,24035.253353422973,24038.701889392076,5886
2026-08-20 12:17:00+05:30,24038.701889392076,24040.368439080965,24037.680397527638,24038.64921201583,1202
2026-08-20 12:18:00+05:30,24038.64921201583,24040.970426992335,24036.02792271735,24037.689445229775,4441
2026-08-20 12:19:00+05:30,24037.689445229775,24039.87465809004,24034.60178061415,24035.054969273395,2151
2026-08-20 12:20:00+05:30,24035.054969273395,24035.355363687406,24033.05018964978,24034.591925580677,609
2026-08-20 12:21:00+05:30,24034.591925580677,24038.972599794382,24034.342062844582,24037.242432743238,3011
2026-08-20 12:22:00+05:30,24037.242432743238,24041.53605194624,24036.380883858223,24040.268067371762,3334
2026-08-20 12:23:00+05:30,24040.268067371762,24040.291551540726,24037.701759160853,24038.575597004452,5506
2026-08-20 12:24:00+05:30,24038.575597004452,24041.162210848954,24036.89006946085,24040.52831827279,3835
2026-08-20 12:25:00+05:30,24040.52831827279,24041.78491356057,24038.78888209415,24040.90329364518,4121
2026-08-20 12:26:00+05:30,24040.90329364518,24044.54044412111,24040.62825422333,24043.39567246379,1187
2026-08-20 12:27:00+05:30,24043.39567246379,24046.341425266568,24042.916125126703,24046.02409622444,1851
2026-08-20 12:28:00+05:30,24046.02409622444,24046.49363818885,24042.975756458014,24043.103004840785,3855
2026-08-20 12:29:00+05:30,24043.103004840785,24044.680397229702,24042.179921827355,24044.510574626256,657
2026-08-20 12:30:00+05:30,24044.510574626256,24049.238056450915,24043.15874860647,24047.326563284594,644
2026-08-20 12:31:00+05:30,24047.326563284594,24048.720009037253,24047.048666595812,24048.04579653408,562
2026-08-20 12:32:00+05:30,24048.04579653408,24052.334740770653,24047.542155731568,24051.70713967653,2343
2026-08-20 12:33:00+05:30,24051.70713967653,24052.27984402978,24044.597101866795,24045.08619296435,3377
2026-08-20 12:34:00+05:30,24045.08619296435,24045.20375605734,24042.353001613807,24043.695080400044,1239
2026-08-20 12:35:00+05:30,24043.695080400044,24044.566032165105,24042.898629941563,24044.43839258882,5993
2026-08-20 12:36:00+05:30,24044.43839258882,24046.855623981108,24043.364449979315,24046.59113607457,3717
2026-08-20 12:37:00+05:30,24046.59113607457,24047.276244917346,24040.907395196315,24043.677648141496,5542
2026-08-20 12:38:00+05:30,24043.677648141496,24043.964291995166,24035.655155424833,24037.753259402736,1228
2026-08-20 12:39:00+05:30,24037.753259402736,24039.927049402617,24037.591332805132,24038.929509252488,2093
2026-08-20 12:40:00+05:30,24038.929509252488,24042.502083927946,24038.01106042471,24039.99418721919,1288
2026-08-20 12:41:00+05:30,24039.99418721919,24043.338067236728,24039.293410605136,24041.862544078405,2986
2026-08-20 12:42:00+05:30,24041.862544078405,24045.281126326252,24041.786635407254,24045.086454290824,1271
2026-08-20 12:43:00+05:30,24045.086454290824,24045.854107973868,24041.811102986754,24043.2919643434,1043
2026-08-20 12:44:00+05:30,24043.2919643434,24045.95827068035,24038.47764578305,24041.463586747675,5465
2026-08-20 12:45:00+05:30,24041.463586747675,24047.401101705695,24039.26542404303,24045.557254539326,3628
2026-08-20 12:46:00+05:30,24045.557254539326,24049.003386851902,24045.14666917368,24048.669895185343,2476
2026-08-20 12:47:00+05:30,24048.669895185343,24049.5507458658,24043.045352434852,24045.588259012387,1435
2026-08-20 12:48:00+05:30,24045.588259012387,24047.349771753084,24042.60163948617,24043.067093446403,4544
2026-08-20 12:49:00+05:30,24043.067093446403,24046.68893930597,24042.016244856244,24045.509685807123,952
2026-08-20 12:50:00+05:30,24045.509685807123,24049.688744325325,24044.96823678767,24046.392744613935,591
2026-08-20 12:51:00+05:30,24046.392744613935,24047.29144187178,24046.02031835194,24046.804014690904,2507
2026-08-20 12:52:00+05:30,24046.804014690904,24048.118255016227,24046.28632089224,24046.709443734555,1426
2026-08-20 12:53:00+05:30,24046.709443734555,24049.401272718107,24046.41031380369,24048.657678851654,4768
2026-08-20 12:54:00+05:30,24048.657678851654,24049.97815230093,24046.487993734496,24049.32909967416,585
2026-08-20 12:55:00+05:30,24049.32909967416,24050.470458219275,24047.46299388826,24047.565076051047,5166
2026-08-20 12:56:00+05:30,24047.565076051047,24049.616985274417,24045.79525434299,24046.924497740805,3267
2026-08-20 12:57:00+05:30,24046.924497740805,24048.1902792889,24042.147286590927,24042.91695261619,5127
2026-08-20 12:58:00+05:30,24042.91695261619,24045.177120460507,24042.2731119289,24045.076582710954,3839
2026-08-20 12:59:00+05:30,24045.076582710954,24046.497824257374,24042.88767614483,24044.424709008283,3065
2026-08-20 13:00:00+05:30,24044.424709008283,24044.87682908367,24042.235044523557,24042.39489760364,3767
2026-08-20 13:01:00+05:30,24042.39489760364,24043.08674412786,24038.953828324065,24039.92544080259,5016
2026-08-20 13:02:00+05:30,24039.92544080259,24044.02282127387,24038.741528493116,24041.7683466714,5176
2026-08-20 13:03:00+05:30,24041.7683466714,24041.84306120791,24037.735571764868,24038.529621019752,1328
2026-08-20 13:04:00+05:30,24038.529621019752,24040.949970834125,24037.030760885697,24040.8437415309,4761
2026-08-20 13:05:00+05:30,24040.8437415309,24044.80855771303,24040.617885297972,24044.009797756287,2873
2026-08-20 13:06:00+05:30,24044.009797756287,24046.626929336933,24042.362513697855,24046.212248808963,3818
2026-08-20 13:07:00+05:30,24046.212248808963,24046.75135151666,24043.941410594613,24044.261061300214,3850
2026-08-20 13:08:00+05:30,24044.261061300214,24044.274706527784,24042.19454043066,24042.48113006479,5003
2026-08-20 13:09:00+05:30,24042.48113006479,24042.56136784802,24038.258137809087,24039.5811924921,4331
2026-08-20 13:10:00+05:30,24039.5811924921,24039.80646273785,24037.242548940776,24039.028739380985,1974
2026-08-20 13:11:00+05:30,24039.028739380985,24039.374562192723,24036.62309410209,24038.848123396914,3513
2026-08-20 13:12:00+05:30,24038.848123396914,24039.868176950797,24036.409001728072,24037.5898785363,4468
2026-08-20 13:13:00+05:30,24037.5898785363,24041.159588137336,24035.98339165368,24039.577607437113,1704
2026-08-20 13:14:00+05:30,24039.577607437113,24040.88444587317,24037.35078912001,24040.71901455438,898
2026-08-20 13:15:00+05:30,24040.71901455438,24041.23198902427,24038.182235011605,24038.271475049278,1456
2026-08-20 13:16:00+05:30,24038.271475049278,24038.29446010049,24036.050445008408,24036.472232347438,2379
2026-08-20 13:17:00+05:30,24036.472232347438,24038.321160384512,24031.93751679538,24033.228604466425,5873
2026-08-20 13:18:00+05:30,24033.228604466425,24034.06121147513,24030.12984836382,24030.325678237718,1530
2026-08-20 13:19:00+05:30,24030.325678237718,24035.105677320575,24028.80216721487,24034.26403180591,542
2026-08-20 13:20:00+05:30,24034.26403180591,24035.015464638887,24031.94253704045,24032.298948988722,3678
2026-08-20 13:21:00+05:30,24032.298948988722,24035.26659935658,24031.678517935663,24034.78527945023,4772
2026-08-20 13:22:00+05:30,24034.78527945023,24035.347038065232,24032.405313758616,24032.592865203664,2669
2026-08-20 13:23:00+05:30,24032.592865203664,24036.790281669,24031.516735928526,24036.288550294736,2215
2026-08-20 13:24:00+05:30,24036.288550294736,24036.578809232222,24032.11039599557,24034.171163401617,3032
2026-08-20 13:25:00+05:30,24034.171163401617,24035.44926092297,24033.170316594755,24034.389422908254,3722
2026-08-20 13:26:00+05:30,24034.389422908254,24037.060535256012,24031.692923614584,24033.094769480653,5736
2026-08-20 13:27:00+05:30,24033.094769480653,24034.916786516205,24031.74870379845,24032.24969412871,4066
2026-08-20 13:28:00+05:30,24032.24969412871,24033.19550597406,24029.65230799573,24029.821960264373,2377
2026-08-20 13:29:00+05:30,24029.821960264373,24030.600855016553,24028.712710479464,24029.071979293713,3115
2026-08-20 13:30:00+05:30,24029.071979293713,24033.36469507877,24027.22004752107,24032.892789458096,2259
2026-08-20 13:31:00+05:30,24032.892789458096,24033.197315616297,24029.036357642173,24030.608422991896,3502
2026-08-20 13:32:00+05:30,24030.608422991896,24033.69459965613,24028.313512631703,24032.955479926,1021
2026-08-20 13:33:00+05:30,24032.955479926,24033.84561587661,24027.163071575247,24027.44078501975,2073
2026-08-20 13:34:00+05:30,24027.44078501975,24028.91198424874,24024.23928470269,24026.88600303213,1675
2026-08-20 13:35:00+05:30,24026.88600303213,24030.02745287273,24025.360505677967,24029.654355142564,2039
2026-08-20 13:36:00+05:30,24029.654355142564,24031.598050721008,24028.19256672695,24030.134198780608,4708
2026-08-20 13:37:00+05:30,24030.134198780608,24032.06093111747,24026.018976443047,24027.094302286037,4727
2026-08-20 13:38:00+05:30,24027.094302286037,24027.444977439354,24022.361805831988,24022.967406635813,5917
2026-08-20 13:39:00+05:30,24022.967406635813,24023.565591668303,24020.153881016315,24022.34981163986,4690
2026-08-20 13:40:00+05:30,24022.34981163986,24023.40692876332,24021.11213899009,24022.486065873632,3313
2026-08-20 13:41:00+05:30,24022.486065873632,24022.68829255873,24017.203215175887,24018.50713794604,5465
2026-08-20 13:42:00+05:30,24018.50713794604,24021.967013128866,24016.99888230886,24020.16868547713,956
2026-08-20 13:43:00+05:30,24020.16868547713,24020.597873210518,24019.05822882186,24019.856650429723,4810
2026-08-20 13:44:00+05:30,24019.856650429723,24020.288461499887,24017.662321576772,24019.616405720564,4143
2026-08-20 13:45:00+05:30,24019.616405720564,24020.34187825596,24017.359422836795,24019.948309613446,4231
2026-08-20 13:46:00+05:30,24019.948309613446,24022.49274044352,24015.097467935168,24016.95823229075,2395
2026-08-20 13:47:00+05:30,24016.95823229075,24018.22878934131,24013.909355582004,24017.70390970802,5590
2026-08-20 13:48:00+05:30,24017.70390970802,24019.4720968841,24016.095422751405,24016.932714813007,3088
2026-08-20 13:49:00+05:30,24016.932714813007,24017.736816243887,24015.567842895678,24017.50088527155,723
2026-08-20 13:50:00+05:30,24017.50088527155,24019.56631296031,24017.288402629485,24017.978289049584,2353
2026-08-20 13:51:00+05:30,24017.978289049584,24022.065388228464,24016.923301743336,24020.908532013214,3168
2026-08-20 13:52:00+05:30,24020.908532013214,24021.48724297086,24017.539774446966,24020.255124102758,938
2026-08-20 13:53:00+05:30,24020.255124102758,24023.228315449418,24020.092333655353,24020.38996202476,2802
2026-08-20 13:54:00+05:30,24020.38996202476,24020.70492534879,24018.522452633006,24019.283014149194,3253
2026-08-20 13:55:00+05:30,24019.283014149194,24020.69564997766,24017.906381584817,24018.929923941374,5257
2026-08-20 13:56:00+05:30,24018.929923941374,24021.55386603083,24015.509445046406,24015.970714330622,4817
2026-08-20 13:57:00+05:30,24015.970714330622,24017.167162206068,24013.331628339332,24016.544239651135,1616
2026-08-20 13:58:00+05:30,24016.544239651135,24018.338902820295,24014.02902389848,24016.130708503784,3518
2026-08-20 13:59:00+05:30,24016.130708503784,24017.40820823614,24012.61640479057,24015.652140132806,1004
2026-08-20 14:00:00+05:30,24015.652140132806,24016.364940253,24013.86868577828,24014.01857637095,3051
2026-08-20 14:01:00+05:30,24014.01857637095,24014.067534745012,24013.144132683425,24013.84906546466,2760
2026-08-20 14:02:00+05:30,24013.84906546466,24014.133198814165,24012.13730906857,24013.751556296906,4474
2026-08-20 14:03:00+05:30,24013.751556296906,24016.167917703333,24013.551334299736,24015.44950857643,764
2026-08-20 14:04:00+05:30,24015.44950857643,24020.14761558529,24014.957090340413,24017.821601527023,4604
2026-08-20 14:05:00+05:30,24017.821601527023,24018.29727823524,24012.13185283006,24012.50547780997,3475
2026-08-20 14:06:00+05:30,24012.50547780997,24012.82921653669,24006.632923234265,24007.88013602752,2600
2026-08-20 14:07:00+05:30,24007.88013602752,24012.52578194321,24007.085312563133,24011.105045469245,974
2026-08-20 14:08:00+05:30,24011.105045469245,24012.98453604102,24008.872840858854,24011.856234713377,5894
2026-08-20 14:09:00+05:30,24011.856234713377,24015.054886472106,24011.602640950743,24013.309576094824,963
2026-08-20 14:10:00+05:30,24013.309576094824,24014.28059929446,24012.312793485653,24013.32381603528,788
2026-08-20 14:11:00+05:30,24013.32381603528,24015.550033535823,24012.236579123895,24012.367360207012,3859
2026-08-20 14:12:00+05:30,24012.367360207012,24015.094656826197,24010.188681667714,24014.64319010702,5771
2026-08-20 14:13:00+05:30,24014.64319010702,24015.093757992992,24011.109421563775,24014.199761176867,5373
2026-08-20 14:14:00+05:30,24014.199761176867,24014.91627374269,24012.396600465705,24013.25196239083,4375
2026-08-20 14:15:00+05:30,24013.25196239083,24014.38145419376,24008.08267707785,24009.989815185116,850
2026-08-20 14:16:00+05:30,24009.989815185116,24010.405537901697,24007.865853017578,24008.237445167568,994
2026-08-20 14:17:00+05:30,24008.237445167568,24010.58463196086,24006.629087368936,24009.953898326654,1842
2026-08-20 14:18:00+05:30,24009.953898326654,24010.49448169887,24006.400326273673,24007.70341831869,2541
2026-08-20 14:19:00+05:30,24007.70341831869,24009.84276612514,24001.809129244055,24003.122432935856,4395
2026-08-20 14:20:00+05:30,24003.122432935856,24003.906630482994,23999.14013553829,24001.621618181747,4130
2026-08-20 14:21:00+05:30,24001.621618181747,24005.71221798299,24000.42279052732,24004.13296477815,5998
2026-08-20 14:22:00+05:30,24004.13296477815,24006.686946950085,24000.205091513915,24006.39850668484,2541
2026-08-20 14:23:00+05:30,24006.39850668484,24006.86577647056,24003.50593532429,24006.472304992476,5852
2026-08-20 14:24:00+05:30,24006.472304992476,24006.784805656986,24004.281515420193,24004.48198942115,3738
2026-08-20 14:25:00+05:30,24004.48198942115,24004.67469855433,24003.85124476608,24004.192239490443,2775
2026-08-20 14:26:00+05:30,24004.192239490443,24006.993459446727,24002.5191165822,24006.894752023338,2887
2026-08-20 14:27:00+05:30,24006.894752023338,24008.23733118718,24006.36767712379,24007.19245127766,4451
2026-08-20 14:28:00+05:30,24007.19245127766,24012.875752043,24006.82062898544,24010.10272358041,2161
2026-08-20 14:29:00+05:30,24010.10272358041,24011.003083076048,24008.592038649498,24009.52737757437,3124
2026-08-20 14:30:00+05:30,24009.52737757437,24010.144700689805,24006.405712199372,24008.043947367936,5410
2026-08-20 14:31:00+05:30,24008.043947367936,24009.76198084284,24006.43046948538,24007.959535415288,1956
2026-08-20 14:32:00+05:30,24007.959535415288,24010.965319836178,24007.615183670012,24010.28832074606,1411
2026-08-20 14:33:00+05:30,24010.28832074606,24010.99637224134,24008.835221114914,24010.207986057398,4760
2026-08-20 14:34:00+05:30,24010.207986057398,24015.003220150014,24010.01105232254,24013.692338338493,3684
2026-08-20 14:35:00+05:30,24013.692338338493,24013.876713556223,24008.117484715905,24010.17749029763,4054
2026-08-20 14:36:00+05:30,24010.17749029763,24012.249389576988,24009.72695097738,24011.492596410142,4342
2026-08-20 14:37:00+05:30,24011.492596410142,24012.350227706916,24009.42983202612,24011.606380786186,1413
2026-08-20 14:38:00+05:30,24011.606380786186,24012.87495167345,24005.852751703696,24006.63593871163,4295
2026-08-20 14:39:00+05:30,24006.63593871163,24008.213644282598,24005.13177526599,24005.54561546094,1739
2026-08-20 14:40:00+05:30,24005.54561546094,24005.663348012855,24005.440424626162,24005.45207246125,1292
2026-08-20 14:41:00+05:30,24005.45207246125,24010.13251267933,24004.157401781522,24009.70339415262,2765
2026-08-20 14:42:00+05:30,24009.70339415262,24011.632553810854,24008.355243337654,24009.72411903159,633
2026-08-20 14:43:00+05:30,24009.72411903159,24010.141910909555,24008.355998110423,24010.001286929564,2224
2026-08-20 14:44:00+05:30,24010.001286929564,24012.31924120738,24006.493416561498,24007.769617798633,4027
2026-08-20 14:45:00+05:30,24007.769617798633,24015.145552716458,24007.683364077187,24013.18540271625,4810
2026-08-20 14:46:00+05:30,24013.18540271625,24013.474766293602,24011.700659590315,24011.805258579825,1799
2026-08-20 14:47:00+05:30,24011.805258579825,24016.548941862726,24011.32458512999,24015.193855818467,4871
2026-08-20 14:48:00+05:30,24015.193855818467,24017.05668604602,24013.023290269215,24016.614279221278,4128
2026-08-20 14:49:00+05:30,24016.614279221278,24017.572695281186,24014.443935756535,24017.309653903478,777
2026-08-20 14:50:00+05:30,24017.309653903478,24017.46633462624,24015.46972120047,24015.546247746974,4337
2026-08-20 14:51:00+05:30,24015.546247746974,24019.344762329638,24014.235549579607,24018.30748731265,2014
2026-08-20 14:52:00+05:30,24018.30748731265,24020.931484014203,24016.702179589658,24019.145620011288,2960
2026-08-20 14:53:00+05:30,24019.145620011288,24023.610019136555,24018.363840209975,24023.1185467636,1212
2026-08-20 14:54:00+05:30,24023.1185467636,24025.259039994857,24022.337663890048,24023.792942807777,3337
2026-08-20 14:55:00+05:30,24023.792942807777,24026.16514431236,24022.195891028772,24025.657706611175,3878
2026-08-20 14:56:00+05:30,24025.657706611175,24027.45973035968,24024.86269867456,24025.368805452214,3884
2026-08-20 14:57:00+05:30,24025.368805452214,24025.470667641377,24022.640039577713,24024.549586858935,959
2026-08-20 14:58:00+05:30,24024.549586858935,24025.48971936772,24023.47229972293,24023.587674141865,4060
2026-08-20 14:59:00+05:30,24023.587674141865,24025.099658595773,24023.497384973118,24024.127167633997,661
2026-08-20 15:00:00+05:30,24024.127167633997,24024.973263943808,24021.647427246324,24023.857917282832,2229
2026-08-20 15:01:00+05:30,24023.857917282832,24026.89844772925,24021.974399235325,24026.839310801446,5990
2026-08-20 15:02:00+05:30,24026.839310801446,24029.33662366162,24025.831124275657,24028.53164334394,4700
2026-08-20 15:03:00+05:30,24028.53164334394,24030.85417300745,24026.47659448563,24026.886872931274,4814
2026-08-20 15:04:00+05:30,24026.886872931274,24029.00588068497,24025.691025647575,24028.170730340556,3078
2026-08-20 15:05:00+05:30,24028.170730340556,24029.617755128198,24026.806245713367,24028.482286866252,5099
2026-08-20 15:06:00+05:30,24028.482286866252,24028.86702887853,24023.42822661201,24024.779798827665,5521
2026-08-20 15:07:00+05:30,24024.779798827665,24025.98980256225,24022.30337689947,24022.70113722881,5775
2026-08-20 15:08:00+05:30,24022.70113722881,24026.771880901742,24022.45271033151,24025.973739889785,4189
2026-08-20 15:09:00+05:30,24025.973739889785,24029.21661882907,24025.924245723254,24027.512981370888,2690
2026-08-20 15:10:00+05:30,24027.512981370888,24027.740192021338,24023.83468948751,24024.510100586325,5467
2026-08-20 15:11:00+05:30,24024.510100586325,24026.750052910156,24023.874605388784,24026.265282753542,2602
2026-08-20 15:12:00+05:30,24026.265282753542,24027.31445364452,24025.51043530622,24027.18689357535,2221
2026-08-20 15:13:00+05:30,24027.18689357535,24027.481853835714,24022.530856630907,24023.15134259096,4984
2026-08-20 15:14:00+05:30,24023.15134259096,24023.25662949642,24021.28758384587,24021.418845141514,829
2026-08-20 15:15:00+05:30,24021.418845141514,24022.090188878898,24020.408742963307,24021.273199291325,4425
2026-08-20 15:16:00+05:30,24021.273199291325,24024.520646704965,24020.219219010592,24022.76280121725,2199
2026-08-20 15:17:00+05:30,24022.76280121725,24023.442807924646,24021.436451237543,24022.046722020823,5631
2026-08-20 15:18:00+05:30,24022.046722020823,24023.65865764083,24021.60200293793,24023.594515725665,3322
2026-08-20 15:19:00+05:30,24023.594515725665,24023.90864955774,24021.89754541251,24022.224745243217,3965
2026-08-20 15:20:00+05:30,24022.224745243217,24022.85988713411,24016.860367267534,24017.47015727307,4090
2026-08-20 15:21:00+05:30,24017.47015727307,24018.241317156106,24015.399469460735,24017.271109844412,3969
2026-08-20 15:22:00+05:30,24017.271109844412,24018.944970946723,24013.00774861407,24014.904432923704,3281
2026-08-20 15:23:00+05:30,24014.904432923704,24016.434184282727,24013.124385924915,24013.66861874097,4027
2026-08-20 15:24:00+05:30,24013.66861874097,24017.103400449254,24012.895086541226,24015.266840878143,1131
2026-08-20 15:25:00+05:30,24015.266840878143,24021.16587289204,24012.794976723555,24020.78840926801,4462
2026-08-20 15:26:00+05:30,24020.78840926801,24024.436812533102,24020.267428240306,24023.211318668782,4532
2026-08-20 15:27:00+05:30,24023.211318668782,24027.17914598167,24023.07810488766,24025.203669483482,1703
2026-08-20 15:28:00+05:30,24025.203669483482,24025.47947341377,24023.243361016423,24023.65394088427,849
2026-08-20 15:29:00+05:30,24023.65394088427,24027.72046025867,24022.18736367692,24026.94736510042,3458
2026-08-21 09:15:00+05:30,24026.94736510042,24028.782945914812,24024.804103902796,24026.193240283847,1309
2026-08-21 09:16:00+05:30,24026.193240283847,24026.3169220139,24022.39682829327,24022.896207094145,519
2026-08-21 09:17:00+05:30,24022.896207094145,24023.57238876437,24020.844097345776,24021.59964490926,3778
2026-08-21 09:18:00+05:30,24021.59964490926,24024.315495844803,24020.458090409455,24023.581377104132,4274
2026-08-21 09:19:00+05:30,24023.581377104132,24026.308525368724,24022.73005896765,24025.7749220198,4584
2026-08-21 09:20:00+05:30,24025.7749220198,24026.586684667647,24021.013801433786,24022.38942048653,2245
2026-08-21 09:21:00+05:30,24022.38942048653,24023.452521476014,24016.560154042916,24018.164855674106,3781
2026-08-21 09:22:00+05:30,24018.164855674106,24018.39824461309,24015.602865851364,24015.65560524359,2160
2026-08-21 09:23:00+05:30,24015.65560524359,24022.278506908933,24014.656261359323,24019.763532145702,5113
2026-08-21 09:24:00+05:30,24019.763532145702,24020.215537864176,24018.97752424168,24019.387404940007,5499
2026-08-21 09:25:00+05:30,24019.387404940007,24020.479175362674,24017.14451985427,24018.791450973225,5425
2026-08-21 09:26:00+05:30,24018.791450973225,24020.030204082126,24017.60457792537,24019.852913311624,5790
2026-08-21 09:27:00+05:30,24019.852913311624,24020.475502333433,24019.351210930516,24019.482363029492,771
2026-08-21 09:28:00+05:30,24019.482363029492,24020.101951659493,24015.209165350836,24015.492407333597,3984
2026-08-21 09:29:00+05:30,24015.492407333597,24019.223331547637,24012.286732170774,24013.86318288019,3186
2026-08-21 09:30:00+05:30,24013.86318288019,24015.785677231986,24012.792537989808,24014.998446824546,594
2026-08-21 09:31:00+05:30,24014.998446824546,24017.05220019318,24014.414975208707,24016.92629436838,1772
2026-08-21 09:32:00+05:30,24016.92629436838,24017.22494051936,24014.94372986805,24015.97732589458,5610
2026-08-21 09:33:00+05:30,24015.97732589458,24016.502813312723,24014.99709208714,24015.823205866764,4071
2026-08-21 09:34:00+05:30,24015.823205866764,24016.174583384276,24015.766769660484,24016.131294845985,3675
2026-08-21 09:35:00+05:30,24016.131294845985,24016.948329755967,24014.013473705636,24014.48991453336,2470
2026-08-21 09:36:00+05:30,24014.48991453336,24016.904032105856,24013.083865383516,24015.13061134022,3376
2026-08-21 09:37:00+05:30,24015.13061134022,24016.85803684412,24011.582786200328,24012.545897427037,3573
2026-08-21 09:38:00+05:30,24012.545897427037,24014.81545018376,24010.238698124715,24014.45943624088,4734
2026-08-21 09:39:00+05:30,24014.45943624088,24016.255956597553,24012.133518268965,24012.63490766103,5858
2026-08-21 09:40:00+05:30,24012.63490766103,24016.68944863864,24011.543569692127,24014.342997514337,5805
2026-08-21 09:41:00+05:30,24014.342997514337,24019.014822059584,24013.583059165907,24016.998733660756,4294
2026-08-21 09:42:00+05:30,24016.998733660756,24018.583152075913,24012.467681583705,24014.63682989617,3726
2026-08-21 09:43:00+05:30,24014.63682989617,24016.6119603493,24012.27662242069,24013.534154793695,2349
2026-08-21 09:44:00+05:30,24013.534154793695,24014.873261090506,24010.937448709967,24011.562169967856,1526
2026-08-21 09:45:00+05:30,24011.562169967856,24012.437820305848,24009.683706764732,24010.08465784502,1307
2026-08-21 09:46:00+05:30,24010.08465784502,24010.665724200397,24007.70178567372,24008.769070612303,5031
2026-08-21 09:47:00+05:30,24008.769070612303,24009.137550806772,24007.576891331606,24007.741585320437,3404
2026-08-21 09:48:00+05:30,24007.741585320437,24009.856154961133,24006.200418976205,24008.417806896206,3004
2026-08-21 09:49:00+05:30,24008.417806896206,24008.599963412216,24005.566930734607,24006.979091660614,2590
2026-08-21 09:50:00+05:30,24006.979091660614,24008.039495282716,24005.38266272509,24005.582238971452,3318
2026-08-21 09:51:00+05:30,24005.582238971452,24005.882249872047,24002.85310290873,24002.981218252386,4065
2026-08-21 09:52:00+05:30,24002.981218252386,24003.634078888383,23998.55500732227,23999.031246915696,5846
2026-08-21 09:53:00+05:30,23999.031246915696,24001.332938366162,23997.629811669558,23999.52877586828,1414
2026-08-21 09:54:00+05:30,23999.52877586828,24000.576652852087,23994.445370352543,23995.228686718914,836
2026-08-21 09:55:00+05:30,23995.228686718914,24001.417586874955,23994.225628160668,23999.416461410794,1671
2026-08-21 09:56:00+05:30,23999.416461410794,24000.674491959082,23998.128336907703,23999.23145392418,4188
2026-08-21 09:57:00+05:30,23999.23145392418,24001.59995656437,23997.475095412192,24000.20440485006,5161
2026-08-21 09:58:00+05:30,24000.20440485006,24000.44379422356,23998.686793576697,23998.9089623028,1417
2026-08-21 09:59:00+05:30,23998.9089623028,23999.53296254839,23998.29324829725,23999.447368300778,2469
2026-08-21 10:00:00+05:30,23999.447368300778,24000.861807739784,23998.98437815447,24000.81933580531,2321
2026-08-21 10:01:00+05:30,24000.81933580531,24000.945765879496,23999.96611123385,24000.5533295596,3712
2026-08-21 10:02:00+05:30,24000.5533295596,24002.185749992674,23998.344272751736,23999.147697349235,2875
2026-08-21 10:03:00+05:30,23999.147697349235,24001.02567913753,23998.61662908626,24000.183683359002,5184
2026-08-21 10:04:00+05:30,24000.183683359002,24001.100093510093,23995.935698470523,23996.653160885806,2285
2026-08-21 10:05:00+05:30,23996.653160885806,23996.860789779148,23995.919560068196,23996.299244132137,5680
2026-08-21 10:06:00+05:30,23996.299244132137,23997.239565995496,23995.366444853993,23996.268098592005,1129
2026-08-21 10:07:00+05:30,23996.268098592005,23996.373875846974,23993.13716747164,23994.339316072972,713
2026-08-21 10:08:00+05:30,23994.339316072972,23996.4690527408,23993.38431431331,23995.511558445876,920
2026-08-21 10:09:00+05:30,23995.511558445876,23996.843116989432,23994.37987659653,23995.01592987258,5082
2026-08-21 10:10:00+05:30,23995.01592987258,23996.607579061474,23993.625524663577,23994.31602036742,3388
2026-08-21 10:11:00+05:30,23994.31602036742,23994.821073284504,23990.997414771406,23991.438595303494,1279
2026-08-21 10:12:00+05:30,23991.438595303494,23992.14319657845,23986.80757045686,23987.43481719148,732
2026-08-21 10:13:00+05:30,23987.43481719148,23991.4992811591,23986.14883328838,23989.328924070433,3705
2026-08-21 10:14:00+05:30,23989.328924070433,23990.597544818305,23988.045939085157,23989.73097833008,2904
2026-08-21 10:15:00+05:30,23989.73097833008,23995.1075579866,23988.318062008188,23992.66465283535,4575
2026-08-21 10:16:00+05:30,23992.66465283535,23994.51547138759,23992.25512147793,23993.980941948725,3409
2026-08-21 10:17:00+05:30,23993.980941948725,23994.763805247276,23991.360119111287,23992.493571015242,4746
2026-08-21 10:18:00+05:30,23992.493571015242,23992.64343744915,23991.832276091343,23991.944277214556,1276
2026-08-21 10:19:00+05:30,23991.944277214556,23992.09647422406,23986.92906918311,23987.89999475633,3028
2026-08-21 10:20:00+05:30,23987.89999475633,23988.848885498923,23987.040957373218,23987.386895375144,4478
2026-08-21 10:21:00+05:30,23987.386895375144,23989.435392786472,23986.610486634312,23987.625520058235,893
2026-08-21 10:22:00+05:30,23987.625520058235,23988.642051100946,23985.369111071424,23985.78060041582,5500
2026-08-21 10:23:00+05:30,23985.78060041582,23991.202225856767,23984.97120127826,23988.855391298897,2683
2026-08-21 10:24:00+05:30,23988.855391298897,23990.923441098697,23987.366343157064,23989.060577731303,2016
2026-08-21 10:25:00+05:30,23989.060577731303,23992.882199282376,23988.85764125681,23991.509331524278,1059
2026-08-21 10:26:00+05:30,23991.509331524278,23991.99169921979,23991.12782480253,23991.22947538192,1350
2026-08-21 10:27:00+05:30,23991.22947538192,23991.804933625834,23987.59989524478,23988.132025863782,5506
2026-08-21 10:28:00+05:30,23988.132025863782,23988.784196034394,23985.79561615681,23987.122388095235,2936
2026-08-21 10:29:00+05:30,23987.122388095235,23987.825765081747,23984.710387161816,23986.203563550975,5040
2026-08-21 10:30:00+05:30,23986.203563550975,23989.533227384563,23981.922790053282,23988.315256304097,1312
2026-08-21 10:31:00+05:30,23988.315256304097,23988.536498356927,23986.931649698883,23987.098813278062,4372
2026-08-21 10:32:00+05:30,23987.098813278062,23988.507239415172,23986.63935382929,23986.915935527588,5649
2026-08-21 10:33:00+05:30,23986.915935527588,23994.13320000542,23985.736171666715,23993.314497181997,4420
2026-08-21 10:34:00+05:30,23993.314497181997,23997.222100137562,23992.879361917854,23996.371526258234,3559
2026-08-21 10:35:00+05:30,23996.371526258234,23999.448995670176,23994.648509557996,23998.17697752888,4751
2026-08-21 10:36:00+05:30,23998.17697752888,23999.535973610647,23996.8947357143,23998.314343745915,4450
2026-08-21 10:37:00+05:30,23998.314343745915,24000.333894243417,23996.31145226685,23998.99868110299,2256
2026-08-21 10:38:00+05:30,23998.99868110299,24000.723656338174,23996.81025264226,23997.41009801603,3727
2026-08-21 10:39:00+05:30,23997.41009801603,23999.286487997775,23995.870825095597,23997.1575465701,4721
2026-08-21 10:40:00+05:30,23997.1575465701,23997.790356405472,23995.940317529046,23997.25680860859,4231
2026-08-21 10:41:00+05:30,23997.25680860859,24000.38637413418,23996.89697533433,24000.141333973697,4232
2026-08-21 10:42:00+05:30,24000.141333973697,24004.27461924466,23999.616011983064,24003.894733042194,2656
2026-08-21 10:43:00+05:30,24003.894733042194,24005.830149150923,24002.710616914483,24005.638589352304,5384
2026-08-21 10:44:00+05:30,24005.638589352304,24006.299200764402,24002.163506723078,24004.064648651693,1780
2026-08-21 10:45:00+05:30,24004.064648651693,24004.16560800691,23999.175191575378,23999.179265819985,2269
2026-08-21 10:46:00+05:30,23999.179265819985,23999.299170147606,23996.155082000747,23996.156280114097,5796
2026-08-21 10:47:00+05:30,23996.156280114097,23997.307820081314,23994.84925467075,23994.94141204133,2678
2026-08-21 10:48:00+05:30,23994.94141204133,23995.49287480381,23991.853188777975,23993.12114696855,1057
2026-08-21 10:49:00+05:30,23993.12114696855,23993.437187818174,23990.306802017407,23990.435946817874,5369
2026-08-21 10:50:00+05:30,23990.435946817874,23991.543896814543,23987.86577487764,23989.39578972072,5056
2026-08-21 10:51:00+05:30,23989.39578972072,23991.656867279835,23987.977727453104,23990.877609160136,2460
2026-08-21 10:52:00+05:30,23990.877609160136,23993.459256164217,23990.649154950792,23992.655519535037,934
2026-08-21 10:53:00+05:30,23992.655519535037,23992.92866767999,23988.78364301672,23990.342043350138,2850
2026-08-21 10:54:00+05:30,23990.342043350138,23993.638066519667,23988.050423391935,23992.171261292497,5460
2026-08-21 10:55:00+05:30,23992.171261292497,23993.68621729968,23989.377441203098,23990.166246878005,3587
2026-08-21 10:56:00+05:30,23990.166246878005,23991.149789012576,23987.954081204294,23988.160253443028,5144
2026-08-21 10:57:00+05:30,23988.160253443028,23993.429062938623,23985.619240074022,23993.14687879604,3084
2026-08-21 10:58:00+05:30,23993.14687879604,23995.34473968697,23991.995539308347,23993.09875383825,5805
2026-08-21 10:59:00+05:30,23993.09875383825,23993.83619716536,23989.299298684597,23991.27884600035,4862
2026-08-21 11:00:00+05:30,23991.27884600035,23992.144158275412,23986.277436251723,23987.332585280277,3235
2026-08-21 11:01:00+05:30,23987.332585280277,23989.220047225746,23984.755494696485,23987.883463977312,5189
2026-08-21 11:02:00+05:30,23987.883463977312,23994.025188839176,23987.40327977693,23991.461503822833,2923
2026-08-21 11:03:00+05:30,23991.461503822833,23991.581657929702,23989.38062451501,23990.739228689094,2005
2026-08-21 11:04:00+05:30,23990.739228689094,23991.921424712833,23987.94643115566,23988.42679533583,844
2026-08-21 11:05:00+05:30,23988.42679533583,23990.634487108306,23987.527237572565,23989.301012664866,520
2026-08-21 11:06:00+05:30,23989.301012664866,23990.359558715907,23987.90083319242,23990.033646184736,1674
2026-08-21 11:07:00+05:30,23990.033646184736,23990.96452029537,23986.71369885526,23987.032431975593,860
2026-08-21 11:08:00+05:30,23987.032431975593,23987.912708827113,23984.49009044539,23986.971783405465,3879
2026-08-21 11:09:00+05:30,23986.971783405465,23991.32583112796,23986.220634494886,23988.4103136914,1614
2026-08-21 11:10:00+05:30,23988.4103136914,23991.14266517659,23986.443788202938,23990.443413221343,3152
2026-08-21 11:11:00+05:30,23990.443413221343,23991.191063331575,23989.676110607044,23990.2889922634,905
2026-08-21 11:12:00+05:30,23990.2889922634,23990.365277804987,23988.267770314975,23988.376777069763,615
2026-08-21 11:13:00+05:30,23988.376777069763,23990.51505484346,23986.504809328,23986.91624602032,1476
2026-08-21 11:14:00+05:30,23986.91624602032,23991.216017422394,23986.34381903853,23990.674787524033,5589
2026-08-21 11:15:00+05:30,23990.674787524033,23992.289654356322,23989.37122708285,23990.02598010654,2564
2026-08-21 11:16:00+05:30,23990.02598010654,23991.332289376136,23989.201905404923,23990.09833701097,4795
2026-08-21 11:17:00+05:30,23990.09833701097,23992.127823770028,23987.77534273436,23988.592685785694,704
2026-08-21 11:18:00+05:30,23988.592685785694,23990.14479406039,23987.82133759777,23989.912498657566,3048
2026-08-21 11:19:00+05:30,23989.912498657566,23991.226050678797,23986.905408982668,23987.565245281097,5773
2026-08-21 11:20:00+05:30,23987.565245281097,23989.341249374957,23986.714064540836,23986.97139219428,2224
2026-08-21 11:21:00+05:30,23986.97139219428,23988.70451742525,23985.96930873837,23987.942178188023,1678
2026-08-21 11:22:00+05:30,23987.942178188023,23991.63150275484,23985.801513804854,23989.686227472863,753
2026-08-21 11:23:00+05:30,23989.686227472863,23991.64943462028,23988.710005481433,23990.896414962837,1898
2026-08-21 11:24:00+05:30,23990.896414962837,23991.204428308665,23988.08441874235,23989.027562161744,1277
2026-08-21 11:25:00+05:30,23989.027562161744,23990.35635523789,23987.899669050323,23989.044975061508,5447
2026-08-21 11:26:00+05:30,23989.044975061508,23995.253345007306,23986.090142020534,23993.96832590355,5289
2026-08-21 11:27:00+05:30,23993.96832590355,23996.16887632861,23993.586832127206,23995.46591034524,5383
2026-08-21 11:28:00+05:30,23995.46591034524,23998.263064362982,23995.101343621776,23996.58343687592,3291
2026-08-21 11:29:00+05:30,23996.58343687592,23996.585613352407,23990.50876118879,23991.115637942126,4051
2026-08-21 11:30:00+05:30,23991.115637942126,23991.339126238727,23987.88785664743,23988.611748884516,4990
2026-08-21 11:31:00+05:30,23988.611748884516,23989.236062797983,23987.28516422141,23987.982629805047,1391
2026-08-21 11:32:00+05:30,23987.982629805047,23990.55656924771,23987.954135106917,23990.077080465897,998
2026-08-21 11:33:00+05:30,23990.077080465897,23993.013679708056,23988.367873884818,23991.43742614042,902
2026-08-21 11:34:00+05:30,23991.43742614042,23991.651268746893,23988.862488524697,23989.066481800717,4149
2026-08-21 11:35:00+05:30,23989.066481800717,23990.285223843526,23984.15715191919,23985.12424959486,1297
2026-08-21 11:36:00+05:30,23985.12424959486,23985.754353522945,23980.137349978006,23980.163642377727,1652
2026-08-21 11:37:00+05:30,23980.163642377727,23980.34451972511,23977.73379467952,23978.59523578654,1902
2026-08-21 11:38:00+05:30,23978.59523578654,23979.18370683732,23977.19514182173,23978.532960938064,3848
2026-08-21 11:39:00+05:30,23978.532960938064,23979.562134958174,23978.171399684576,23978.446926313834,5890
2026-08-21 11:40:00+05:30,23978.446926313834,23978.75430696141,23978.056063765285,23978.3779912213,761
2026-08-21 11:41:00+05:30,23978.3779912213,23979.766841599376,23976.158716497,23979.701429750567,5778
2026-08-21 11:42:00+05:30,23979.701429750567,23982.22911050286,23978.923699193834,23982.17455004305,3381
2026-08-21 11:43:00+05:30,23982.17455004305,23982.41070457082,23981.22880694272,23981.867960713935,4487
2026-08-21 11:44:00+05:30,23981.867960713935,23983.25792543091,23978.511875760334,23980.409078395973,5284
2026-08-21 11:45:00+05:30,23980.409078395973,23983.900996281758,23979.967615771704,23983.477101249046,4377
2026-08-21 11:46:00+05:30,23983.477101249046,23986.24422186883,23982.16963502338,23984.846273314546,5083
2026-08-21 11:47:00+05:30,23984.846273314546,23985.56498981192,23979.73068159865,23982.615215074704,3542
2026-08-21 11:48:00+05:30,23982.615215074704,23983.403318535475,23980.61277735793,23980.988986887398,4374
2026-08-21 11:49:00+05:30,23980.988986887398,23981.39946868266,23975.804322267893,23976.93013458848,5230
2026-08-21 11:50:00+05:30,23976.93013458848,23979.90220448185,23974.83200341816,23978.837641392663,4459
2026-08-21 11:51:00+05:30,23978.837641392663,23981.00507337379,23973.639300411436,23975.89819597998,3803
2026-08-21 11:52:00+05:30,23975.89819597998,23979.826225884903,23972.358898230872,23978.208222337365,2318
2026-08-21 11:53:00+05:30,23978.208222337365,23979.97692025201,23977.13629786019,23979.939328504937,4483
2026-08-21 11:54:00+05:30,23979.939328504937,23980.894757506085,23978.369846426038,23978.465581974262,5303
2026-08-21 11:55:00+05:30,23978.465581974262,23981.239415557284,23977.878219524333,23980.777307622946,4900
2026-08-21 11:56:00+05:30,23980.777307622946,23990.030554659654,23980.64004603399,23987.546952908506,1034
2026-08-21 11:57:00+05:30,23987.546952908506,23990.33574900715,23986.311317033847,23989.646710016008,3578
2026-08-21 11:58:00+05:30,23989.646710016008,23991.073084801585,23987.51530263978,23989.819597754053,2279
2026-08-21 11:59:00+05:30,23989.819597754053,23990.097971551553,23986.261230684846,23986.476821493416,1469
2026-08-21 12:00:00+05:30,23986.476821493416,23987.910312682972,23985.610557053737,23986.49611415307,2525
2026-08-21 12:01:00+05:30,23986.49611415307,23987.474231020336,23984.224019056153,23984.354814170736,1403
2026-08-21 12:02:00+05:30,23984.354814170736,23985.412396618474,23983.472474881823,23984.751076113236,1966
2026-08-21 12:03:00+05:30,23984.751076113236,23984.890196562683,23980.741102743315,23981.314024286916,3525
2026-08-21 12:04:00+05:30,23981.314024286916,23982.98592942871,23977.904809830048,23978.04767165562,3418
2026-08-21 12:05:00+05:30,23978.04767165562,23981.268487866157,23977.906393149653,23980.64323424784,3545
2026-08-21 12:06:00+05:30,23980.64323424784,23981.70784678268,23977.99368406167,23980.030176795684,3586
2026-08-21 12:07:00+05:30,23980.030176795684,23980.085536142597,23977.059284871764,23977.99899635892,5358
2026-08-21 12:08:00+05:30,23977.99899635892,23980.658442538108,23976.62317415758,23978.120515820407,2256
2026-08-21 12:09:00+05:30,23978.120515820407,23979.434461396304,23978.030989087172,23978.0508626829,4005
2026-08-21 12:10:00+05:30,23978.0508626829,23984.624815681575,23977.340259616787,23984.17723267706,2058
2026-08-21 12:11:00+05:30,23984.17723267706,23985.309296473264,23979.58129088146,23980.275527300742,4308
2026-08-21 12:12:00+05:30,23980.275527300742,23981.23944485637,23978.030597571447,23980.106349517075,4358
2026-08-21 12:13:00+05:30,23980.106349517075,23982.894983874066,23979.010464786606,23982.40111566513,1731
2026-08-21 12:14:00+05:30,23982.40111566513,23983.680125606003,23980.765313727825,23981.016269614764,3286
2026-08-21 12:15:00+05:30,23981.016269614764,23981.395632530683,23980.79750975888,23981.012017680834,5409
2026-08-21 12:16:00+05:30,23981.012017680834,23984.12469300924,23980.199406240594,23984.099647783914,2431
2026-08-21 12:17:00+05:30,23984.099647783914,23986.947480178307,23983.257999975893,23986.65763009157,834
2026-08-21 12:18:00+05:30,23986.65763009157,23989.239224922003,23984.67213356433,23985.878757067156,2488
2026-08-21 12:19:00+05:30,23985.878757067156,23987.545843277483,23984.306497196416,23986.54376409131,1128
2026-08-21 12:20:00+05:30,23986.54376409131,23986.93298156604,23980.74491745353,23983.26005960522,5842
2026-08-21 12:21:00+05:30,23983.26005960522,23985.72170008398,23981.35751101622,23982.768586136346,3328
2026-08-21 12:22:00+05:30,23982.768586136346,23984.20558243011,23982.599923823254,23983.439003568517,1752
2026-08-21 12:23:00+05:30,23983.439003568517,23985.925433338904,23981.90533174543,23983.00027442221,4995
2026-08-21 12:24:00+05:30,23983.00027442221,23983.946197791523,23981.2004289922,23981.317877944155,3725
2026-08-21 12:25:00+05:30,23981.317877944155,23982.859730425043,23978.844269873665,23980.238801071642,905
2026-08-21 12:26:00+05:30,23980.238801071642,23983.343048002713,23978.42367707633,23982.612709697703,4702
2026-08-21 12:27:00+05:30,23982.612709697703,23984.70030693586,23981.760083427507,23983.342994475217,5308
2026-08-21 12:28:00+05:30,23983.342994475217,23983.666394153337,23980.037774469783,23981.851061569494,2554
2026-08-21 12:29:00+05:30,23981.851061569494,23982.273323715406,23978.72021800155,23979.268209867612,2584
2026-08-21 12:30:00+05:30,23979.268209867612,23983.713024876,23978.54111752694,23982.939564460692,4190
2026-08-21 12:31:00+05:30,23982.939564460692,23983.00050058208,23980.067666686806,23982.071035434634,1177
2026-08-21 12:32:00+05:30,23982.071035434634,23983.99992773547,23980.839280566208,23983.466234145497,5456
2026-08-21 12:33:00+05:30,23983.466234145497,23985.25608226731,23982.95824951483,23983.975513419173,3723
2026-08-21 12:34:00+05:30,23983.975513419173,23985.193708211296,23983.469442318943,23985.059244159176,4074
2026-08-21 12:35:00+05:30,23985.059244159176,23985.60050324212,23983.362895608287,23983.56946145849,3993
2026-08-21 12:36:00+05:30,23983.56946145849,23983.59422375271,23978.754190978958,23981.738449787943,4557
2026-08-21 12:37:00+05:30,23981.738449787943,23983.94307228295,23980.868114163644,23982.915036204486,3966
2026-08-21 12:38:00+05:30,23982.915036204486,23983.45462978467,23982.284368356035,23982.4517070482,1987
2026-08-21 12:39:00+05:30,23982.4517070482,23983.36262319949,23978.76637012707,23979.589734460566,2599
2026-08-21 12:40:00+05:30,23979.589734460566,23985.572642225332,23979.003848327837,23985.254965058015,5785
2026-08-21 12:41:00+05:30,23985.254965058015,23985.806431333192,23984.419782636043,23985.667677468904,2894
2026-08-21 12:42:00+05:30,23985.667677468904,23987.276889128934,23983.92958600277,23984.22437692913,3858
2026-08-21 12:43:00+05:30,23984.22437692913,23987.500789897495,23981.69597846592,23987.265807970423,5456
2026-08-21 12:44:00+05:30,23987.265807970423,23987.51382735549,23983.952060073225,23984.950925431265,4174
2026-08-21 12:45:00+05:30,23984.950925431265,23985.757957332167,23982.998829934273,23983.17906396329,1915
2026-08-21 12:46:00+05:30,23983.17906396329,23984.739836689187,23980.1277339592,23981.896470341504,3230
2026-08-21 12:47:00+05:30,23981.896470341504,23982.35482249471,23979.49678055341,23980.395001969806,2966
2026-08-21 12:48:00+05:30,23980.395001969806,23981.43602687586,23978.50797372945,23979.36479321341,5275
2026-08-21 12:49:00+05:30,23979.36479321341,23982.422523012123,23978.41949051009,23981.760836695124,2115
2026-08-21 12:50:00+05:30,23981.760836695124,23982.700911732358,23979.59023720447,23980.87897954995,3093
2026-08-21 12:51:00+05:30,23980.87897954995,23983.784166051224,23980.26674945119,23982.994108946237,2501
2026-08-21 12:52:00+05:30,23982.994108946237,23984.522011261226,23981.05388023373,23982.10918655454,3533
2026-08-21 12:53:00+05:30,23982.10918655454,23985.452317958345,23980.662172311673,23980.782855508816,1745
2026-08-21 12:54:00+05:30,23980.782855508816,23986.216070974137,23979.580014686933,23983.5455257094,1236
2026-08-21 12:55:00+05:30,23983.5455257094,23985.524720801397,23982.870118114803,23983.070336115405,3103
2026-08-21 12:56:00+05:30,23983.070336115405,23983.447693919137,23982.241130875358,23983.43044759226,3491
2026-08-21 12:57:00+05:30,23983.43044759226,23984.43861176594,23981.75706897699,23982.38785951357,2701
2026-08-21 12:58:00+05:30,23982.38785951357,23984.85631595576,23981.317529034728,23983.192010662377,1949
2026-08-21 12:59:00+05:30,23983.192010662377,23984.24951534559,23978.91258591973,23980.50926444895,2695
2026-08-21 13:00:00+05:30,23980.50926444895,23981.110935513138,23977.19278983911,23978.723849817772,1343
2026-08-21 13:01:00+05:30,23978.723849817772,23981.922521868793,23978.445741520398,23979.49568254238,2238
2026-08-21 13:02:00+05:30,23979.49568254238,23982.767399388875,23978.51836625742,23982.189985882393,1248
2026-08-21 13:03:00+05:30,23982.189985882393,23984.34312317461,23981.531792954625,23982.588035075998,3594
2026-08-21 13:04:00+05:30,23982.588035075998,23984.73028422413,23977.166958050922,23979.96563899489,911
2026-08-21 13:05:00+05:30,23979.96563899489,23980.681379269477,23976.68913945667,23977.920411598276,2092
2026-08-21 13:06:00+05:30,23977.920411598276,23980.057232085288,23975.26684986145,23975.891624400883,2956
2026-08-21 13:07:00+05:30,23975.891624400883,23976.795525512895,23975.218718096134,23975.658695240585,1200
2026-08-21 13:08:00+05:30,23975.658695240585,23975.94961255987,23974.472279417252,23975.422683862333,5273
2026-08-21 13:09:00+05:30,23975.422683862333,23975.678703266018,23971.69158443125,23972.39868153159,4961
2026-08-21 13:10:00+05:30,23972.39868153159,23974.11168487739,23968.993424676875,23969.795447247827,1321
2026-08-21 13:11:00+05:30,23969.795447247827,23969.90313111666,23966.90886021938,23968.839222182538,1272
2026-08-21 13:12:00+05:30,23968.839222182538,23969.887108680847,23965.185266168584,23966.00231468514,4887
2026-08-21 13:13:00+05:30,23966.00231468514,23969.796035488223,23965.373319613936,23969.476987262082,5201
2026-08-21 13:14:00+05:30,23969.476987262082,23971.908765609587,23966.499230174333,23968.957669917996,4350
2026-08-21 13:15:00+05:30,23968.957669917996,23970.42908950688,23966.68628785376,23967.485386913977,5376
2026-08-21 13:16:00+05:30,23967.485386913977,23967.55324135618,23962.70087585183,23963.274074516106,794
2026-08-21 13:17:00+05:30,23963.274074516106,23967.185891579113,23961.97326323961,23965.651695259552,634
2026-08-21 13:18:00+05:30,23965.651695259552,23966.408794316652,23964.49750989927,23965.947511077506,5130
2026-08-21 13:19:00+05:30,23965.947511077506,23967.61056125841,23962.49437020485,23964.5926895342,5671
2026-08-21 13:20:00+05:30,23964.5926895342,23964.787050510335,23962.02100881822,23962.297768970006,5246
2026-08-21 13:21:00+05:30,23962.297768970006,23966.462679674652,23962.07005571433,23966.35195464366,989
2026-08-21 13:22:00+05:30,23966.35195464366,23968.494792692694,23965.624634597283,23967.35756569667,2466
2026-08-21 13:23:00+05:30,23967.35756569667,23967.60598457385,23962.615401848736,23962.806646434445,759
2026-08-21 13:24:00+05:30,23962.806646434445,23963.02623321563,23958.75564191707,23959.210745355325,1392
2026-08-21 13:25:00+05:30,23959.210745355325,23962.357863334288,23958.92405387264,23960.57332230548,1855
2026-08-21 13:26:00+05:30,23960.57332230548,23960.99079825812,23958.90601145148,23960.159784793384,4057
2026-08-21 13:27:00+05:30,23960.159784793384,23962.903323951516,23956.750551790912,23958.092270278812,1570
2026-08-21 13:28:00+05:30,23958.092270278812,23959.175721660296,23957.226831983022,23958.775984971984,2208
2026-08-21 13:29:00+05:30,23958.775984971984,23958.97805140241,23953.56321793727,23955.581246644622,4808
2026-08-21 13:30:00+05:30,23955.581246644622,23956.047300187016,23952.941787308882,23953.572849192293,5318
2026-08-21 13:31:00+05:30,23953.572849192293,23959.620643212806,23952.222286989625,23957.288057239144,1751
2026-08-21 13:32:00+05:30,23957.288057239144,23959.928067727116,23955.884444604722,23959.16854337248,1647
2026-08-21 13:33:00+05:30,23959.16854337248,23959.533173263608,23951.303455870184,23953.48935872324,5073
2026-08-21 13:34:00+05:30,23953.48935872324,23956.885340366043,23952.355231831225,23956.216276372605,3415
2026-08-21 13:35:00+05:30,23956.216276372605,23957.46898607087,23955.49963911788,23957.130700806254,3739
2026-08-21 13:36:00+05:30,23957.130700806254,23958.30368051062,23957.126517550536,23957.309791334686,1972
2026-08-21 13:37:00+05:30,23957.309791334686,23957.590763617085,23956.499058318426,23957.491059404976,3865
2026-08-21 13:38:00+05:30,23957.491059404976,23958.22551590298,23955.93786669245,23956.477008764126,2324
2026-08-21 13:39:00+05:30,23956.477008764126,23957.829347935058,23956.343763912406,23957.668651813063,5124
2026-08-21 13:40:00+05:30,23957.668651813063,23958.066926337517,23955.76780146091,23956.54138415647,4856
2026-08-21 13:41:00+05:30,23956.54138415647,23960.182820125974,23955.263137339498,23957.949481902724,2510
2026-08-21 13:42:00+05:30,23957.949481902724,23958.759567429755,23956.615908049927,23956.91835331306,5905
2026-08-21 13:43:00+05:30,23956.91835331306,23958.39501650369,23955.45796504134,23956.947016652543,3061
2026-08-21 13:44:00+05:30,23956.947016652543,23957.76570013293,23954.04607906536,23955.20059654419,4060
2026-08-21 13:45:00+05:30,23955.20059654419,23956.165111070684,23951.40937415633,23953.352453711264,4171
2026-08-21 13:46:00+05:30,23953.352453711264,23954.59242495278,23953.21708949707,23954.07958016477,4001
2026-08-21 13:47:00+05:30,23954.07958016477,23954.99468628348,23953.92050937322,23954.097645681763,3756
2026-08-21 13:48:00+05:30,23954.097645681763,23955.77469467681,23953.481132740228,23955.323913824024,1872
2026-08-21 13:49:00+05:30,23955.323913824024,23956.569030822793,23952.203604583603,23954.143296915623,996
2026-08-21 13:50:00+05:30,23954.143296915623,23954.82378870934,23950.551357480548,23951.159533155558,954
2026-08-21 13:51:00+05:30,23951.159533155558,23952.71619556471,23947.82860246588,23949.020330408242,4317
2026-08-21 13:52:00+05:30,23949.020330408242,23949.54480437313,23944.921429621314,23948.02294458135,1596
2026-08-21 13:53:00+05:30,23948.02294458135,23948.89100475268,23945.91180407001,23946.038757678016,1060
2026-08-21 13:54:00+05:30,23946.038757678016,23947.03357333684,23937.637717486497,23938.438837044534,3563
2026-08-21 13:55:00+05:30,23938.438837044534,23941.272696610762,23937.73419201713,23939.530279804374,1822
2026-08-21 13:56:00+05:30,23939.530279804374,23940.161688879078,23937.90691802574,23939.19020997495,2328
2026-08-21 13:57:00+05:30,23939.19020997495,23940.688907923875,23936.16676533104,23936.85814995205,1819
2026-08-21 13:58:00+05:30,23936.85814995205,23936.90981736444,23936.443519342007,23936.781943450867,3165
2026-08-21 13:59:00+05:30,23936.781943450867,23937.35378706073,23935.19604920704,23937.32371410166,1866
2026-08-21 14:00:00+05:30,23937.32371410166,23939.843814344276,23936.45150139435,23937.78417460393,1438
2026-08-21 14:01:00+05:30,23937.78417460393,23938.048710687926,23936.577052232427,23937.630772252014,1994
2026-08-21 14:02:00+05:30,23937.630772252014,23942.505092610896,23936.796946430302,23939.838557995405,2386
2026-08-21 14:03:00+05:30,23939.838557995405,23939.89736692907,23934.18297062919,23935.65987565775,5591
2026-08-21 14:04:00+05:30,23935.65987565775,23935.929219647212,23931.642015806054,23935.58361310322,5616
2026-08-21 14:05:00+05:30,23935.58361310322,23940.622224064926,23932.459803684997,23939.921475549065,2251
2026-08-21 14:06:00+05:30,23939.921475549065,23940.60498647031,23937.479163396758,23938.142100807618,5759
2026-08-21 14:07:00+05:30,23938.142100807618,23940.664910588544,23936.96239450827,23940.069428156403,2516
2026-08-21 14:08:00+05:30,23940.069428156403,23941.4551388487,23936.932760966145,23937.267528487177,1238
2026-08-21 14:09:00+05:30,23937.267528487177,23940.636346051542,23937.254698255772,23939.04461291832,1993
2026-08-21 14:10:00+05:30,23939.04461291832,23939.184572892627,23936.875085644428,23937.538382961295,2284
2026-08-21 14:11:00+05:30,23937.538382961295,23937.671116949612,23935.43743638643,23935.700135288786,4653
2026-08-21 14:12:00+05:30,23935.700135288786,23936.307153030706,23931.895086863962,23933.61960586052,2947
2026-08-21 14:13:00+05:30,23933.61960586052,23934.761614015217,23932.835289144594,23934.18534641314,4339
2026-08-21 14:14:00+05:30,23934.18534641314,23934.211820560144,23932.08073775392,23932.096557220644,5631
2026-08-21 14:15:00+05:30,23932.096557220644,23936.159579433606,23931.55642486303,23934.556735804665,619
2026-08-21 14:16:00+05:30,23934.556735804665,23935.96325372858,23933.25598562186,23933.967621942553,3533
2026-08-21 14:17:00+05:30,23933.967621942553,23934.76067868398,23933.135858846454,23934.431797710087,3435
2026-08-21 14:18:00+05:30,23934.431797710087,23936.61681585993,23932.589805345237,23933.688146410295,4869
2026-08-21 14:19:00+05:30,23933.688146410295,23941.425346228792,23931.10268790596,23941.004327490333,957
2026-08-21 14:20:00+05:30,23941.004327490333,23941.990552730073,23939.962639571684,23940.693477496472,3948
2026-08-21 14:21:00+05:30,23940.693477496472,23945.28507038668,23940.13768986596,23943.82171961385,2227
2026-08-21 14:22:00+05:30,23943.82171961385,23944.910063681295,23943.589754842607,23944.18715313888,3923
2026-08-21 14:23:00+05:30,23944.18715313888,23945.542000073012,23942.110389639114,23943.00884026358,5277
2026-08-21 14:24:00+05:30,23943.00884026358,23944.110857154457,23935.874246724983,23937.304270360248,2491
2026-08-21 14:25:00+05:30,23937.304270360248,23937.612052187666,23936.26734689616,23937.427661592013,5397
2026-08-21 14:26:00+05:30,23937.427661592013,23937.870642628634,23934.339405088376,23935.79607251452,2868
2026-08-21 14:27:00+05:30,23935.79607251452,23938.23538747164,23933.214670320285,23935.00996952638,3206
2026-08-21 14:28:00+05:30,23935.00996952638,23936.612811433348,23932.644023812543,23936.36805772132,4391
2026-08-21 14:29:00+05:30,23936.36805772132,23941.58478911955,23935.471775674476,23940.750676015803,2021
2026-08-21 14:30:00+05:30,23940.750676015803,23941.925785455354,23940.199340617542,23940.978943647162,1103
2026-08-21 14:31:00+05:30,23940.978943647162,23944.46849328178,23939.124184929566,23942.923956782484,3237
2026-08-21 14:32:00+05:30,23942.923956782484,23945.19663799677,23942.74474302923,23944.870635883344,4278
2026-08-21 14:33:00+05:30,23944.870635883344,23946.31865498071,23943.005485387996,23944.198944540705,4181
2026-08-21 14:34:00+05:30,23944.198944540705,23944.705009686208,23941.757518318034,23942.25114101359,3010
2026-08-21 14:35:00+05:30,23942.25114101359,23945.21488837726,23940.66904112424,23944.970948947466,3577
2026-08-21 14:36:00+05:30,23944.970948947466,23946.039382191044,23940.961527650106,23941.12306111243,2587
2026-08-21 14:37:00+05:30,23941.12306111243,23941.846802606808,23939.306287158466,23940.700602235618,4833
2026-08-21 14:38:00+05:30,23940.700602235618,23941.20701722721,23937.279715491062,23939.670053564874,1746
2026-08-21 14:39:00+05:30,23939.670053564874,23940.91943688361,23937.785753860822,23939.75123100217,1943
2026-08-21 14:40:00+05:30,23939.75123100217,23942.99672152278,23936.552796775068,23939.52974747576,5543
2026-08-21 14:41:00+05:30,23939.52974747576,23943.06228468511,23938.675803829017,23941.27058710085,825
2026-08-21 14:42:00+05:30,23941.27058710085,23942.79200349733,23940.309470081032,23942.3556408661,4659
2026-08-21 14:43:00+05:30,23942.3556408661,23944.449098800287,23940.224145087348,23940.468199649753,2238
2026-08-21 14:44:00+05:30,23940.468199649753,23940.61413172355,23930.967117630644,23934.27325065723,1198
2026-08-21 14:45:00+05:30,23934.27325065723,23936.26411069442,23933.457797451883,23935.973470441466,2400
2026-08-21 14:46:00+05:30,23935.973470441466,23936.345580122557,23934.328953062748,23936.02415455095,5494
2026-08-21 14:47:00+05:30,23936.02415455095,23936.787924653367,23932.372781451602,23933.13427341688,5160
2026-08-21 14:48:00+05:30,23933.13427341688,23935.278597511064,23932.512389408435,23934.450813889136,2010
2026-08-21 14:49:00+05:30,23934.450813889136,23935.05737661538,23929.53385631565,23930.669435848573,2232
2026-08-21 14:50:00+05:30,23930.669435848573,23930.779916128096,23926.052994993785,23926.56378566277,4122
2026-08-21 14:51:00+05:30,23926.56378566277,23926.91685793663,23921.742692462616,23922.037710445347,751
2026-08-21 14:52:00+05:30,23922.037710445347,23924.002746869784,23921.798087200088,23922.983814069165,3044
2026-08-21 14:53:00+05:30,23922.983814069165,23926.874084839084,23920.807564245086,23926.159892344356,4345
2026-08-21 14:54:00+05:30,23926.159892344356,23926.881300053177,23920.513197720993,23922.201333420508,4373
2026-08-21 14:55:00+05:30,23922.201333420508,23924.73424475583,23921.791884364022,23924.463656991295,5445
2026-08-21 14:56:00+05:30,23924.463656991295,23924.495557040325,23919.112749238677,23920.80228569803,5183
2026-08-21 14:57:00+05:30,23920.80228569803,23922.8639768218,23915.164005369163,23917.393211452534,2624
2026-08-21 14:58:00+05:30,23917.393211452534,23917.42421317295,23913.98832691235,23914.55962024239,3134
2026-08-21 14:59:00+05:30,23914.55962024239,23916.694688921332,23913.177101515063,23916.282052952596,1448
2026-08-21 15:00:00+05:30,23916.282052952596,23917.626163583984,23913.413309147814,23914.434269126334,4594
2026-08-21 15:01:00+05:30,23914.434269126334,23916.328484710204,23913.825816861365,23915.658118409352,1746
2026-08-21 15:02:00+05:30,23915.658118409352,23918.766456689234,23912.704306337982,23913.10941454964,2918
2026-08-21 15:03:00+05:30,23913.10941454964,23914.246088861633,23912.329376957216,23913.750230574293,4241
2026-08-21 15:04:00+05:30,23913.750230574293,23915.154338582688,23911.31766779002,23912.463727621518,5627
2026-08-21 15:05:00+05:30,23912.463727621518,23915.272134911607,23911.515821435092,23912.90666296352,1019
2026-08-21 15:06:00+05:30,23912.90666296352,23916.81884467713,23911.47115716377,23915.825361226995,1294
2026-08-21 15:07:00+05:30,23915.825361226995,23918.374900716986,23914.8787039515,23918.057216341378,1827
2026-08-21 15:08:00+05:30,23918.057216341378,23918.176754277014,23916.18941654725,23916.813548322236,4634
2026-08-21 15:09:00+05:30,23916.813548322236,23917.47701546938,23915.655026069897,23917.319864362184,4131
2026-08-21 15:10:00+05:30,23917.319864362184,23922.814907308035,23917.000382139515,23920.87053262631,2234
2026-08-21 15:11:00+05:30,23920.87053262631,23922.341996388335,23919.17199653227,23919.321421039127,1159
2026-08-21 15:12:00+05:30,23919.321421039127,23922.88110652541,23917.932145624814,23922.74892735212,3106
2026-08-21 15:13:00+05:30,23922.74892735212,23925.449532832376,23922.071275946506,23924.61982872361,1254
2026-08-21 15:14:00+05:30,23924.61982872361,23925.10361193666,23919.45659525564,23920.127530515674,998
2026-08-21 15:15:00+05:30,23920.127530515674,23920.147818266963,23917.108428868774,23919.545308671004,3420
2026-08-21 15:16:00+05:30,23919.545308671004,23919.607065002372,23915.399675287215,23916.54257643309,5573
2026-08-21 15:17:00+05:30,23916.54257643309,23919.38375801693,23914.83825348505,23918.334455479093,2849
2026-08-21 15:18:00+05:30,23918.334455479093,23919.33874166995,23918.2737519721,23918.755013464448,3905
2026-08-21 15:19:00+05:30,23918.755013464448,23921.983273290967,23918.264987530092,23921.857304478744,4458
2026-08-21 15:20:00+05:30,23921.857304478744,23923.102439996965,23917.682738909243,23918.433326202623,2399
2026-08-21 15:21:00+05:30,23918.433326202623,23920.56355511016,23916.38703569491,23919.443667205614,1207
2026-08-21 15:22:00+05:30,23919.443667205614,23921.945405618437,23917.405566109406,23921.007920249853,5741
2026-08-21 15:23:00+05:30,23921.007920249853,23924.937634452017,23920.07970022178,23924.261234118014,5826
2026-08-21 15:24:00+05:30,23924.261234118014,23928.229169794242,23923.014275061727,23925.881553717456,4004
2026-08-21 15:25:00+05:30,23925.881553717456,23928.34011231455,23923.94324416212,23927.458359385342,4733
2026-08-21 15:26:00+05:30,23927.458359385342,23927.978367336607,23922.632272289466,23924.293533273878,504
2026-08-21 15:27:00+05:30,23924.293533273878,23925.939207238265,23922.17949856997,23924.667823258,1110
2026-08-21 15:28:00+05:30,23924.667823258,23925.484777639092,23921.370781987596,23924.3143107637,2559
2026-08-21 15:29:00+05:30,23924.3143107637,23924.97289740726,23920.730242480353,23921.466806591936,3125
2026-08-24 09:15:00+05:30,23921.466806591936,23926.076063159813,23920.8243730537,23923.26254866127,2580
2026-08-24 09:16:00+05:30,23923.26254866127,23926.796579550595,23922.763024203105,23926.350867953934,5294
2026-08-24 09:17:00+05:30,23926.350867953934,23926.462081506063,23922.250149264364,23922.29536269628,5340
2026-08-24 09:18:00+05:30,23922.29536269628,23922.671642942,23918.76296618915,23920.951707714594,5803
2026-08-24 09:19:00+05:30,23920.951707714594,23921.230156535217,23918.325756669525,23918.934112866224,2185
2026-08-24 09:20:00+05:30,23918.934112866224,23920.935045914266,23918.091821746915,23920.836742527383,1660
2026-08-24 09:21:00+05:30,23920.836742527383,23922.605327852907,23920.66199277173,23922.037924899043,5049
2026-08-24 09:22:00+05:30,23922.037924899043,23922.464238098495,23920.082991037507,23920.701792060183,1571
2026-08-24 09:23:00+05:30,23920.701792060183,23921.19905481039,23919.884219786178,23920.711899517704,5332
2026-08-24 09:24:00+05:30,23920.711899517704,23921.962483140243,23916.954074333647,23917.456915596904,5774
2026-08-24 09:25:00+05:30,23917.456915596904,23917.696374081726,23915.715789553426,23916.47559888344,4710
2026-08-24 09:26:00+05:30,23916.47559888344,23918.43347702561,23916.3621271473,23918.13594612442,3421
2026-08-24 09:27:00+05:30,23918.13594612442,23919.789881458466,23915.87041703254,23916.04503148804,566
2026-08-24 09:28:00+05:30,23916.04503148804,23918.559433387385,23915.80663428854,23917.813320028832,2049
2026-08-24 09:29:00+05:30,23917.813320028832,23918.78015932664,23913.467768557308,23914.643683593353,2516
2026-08-24 09:30:00+05:30,23914.643683593353,23917.19113846535,23914.05066604695,23915.116483583908,5413
2026-08-24 09:31:00+05:30,23915.116483583908,23917.8464774158,23910.686925392398,23911.07419820293,5301
2026-08-24 09:32:00+05:30,23911.07419820293,23914.966031023887,23909.190597906898,23913.545459084613,4255
2026-08-24 09:33:00+05:30,23913.545459084613,23916.257502225188,23908.80844111811,23910.76976479759,3992
2026-08-24 09:34:00+05:30,23910.76976479759,23911.570276599825,23905.257488721523,23906.34986575405,4294
2026-08-24 09:35:00+05:30,23906.34986575405,23908.009821738662,23905.10456519311,23905.406750253773,2940
2026-08-24 09:36:00+05:30,23905.406750253773,23907.555372068244,23903.606919951984,23907.45741954361,5072
2026-08-24 09:37:00+05:30,23907.45741954361,23910.073567488602,23906.91487779222,23909.215999780085,558
2026-08-24 09:38:00+05:30,23909.215999780085,23913.926634411513,23908.3579419399,23912.260175609194,2530
2026-08-24 09:39:00+05:30,23912.260175609194,23912.261844678058,23909.282867799735,23910.6061882406,3955
2026-08-24 09:40:00+05:30,23910.6061882406,23913.520690957732,23909.029774913073,23912.25496261135,4154
2026-08-24 09:41:00+05:30,23912.25496261135,23912.873026711884,23909.313430806724,23910.498619291677,3232
2026-08-24 09:42:00+05:30,23910.498619291677,23910.66360490092,23910.07253296155,23910.58873896072,506
2026-08-24 09:43:00+05:30,23910.58873896072,23911.15495715472,23906.33549652553,23909.29747271751,2576
2026-08-24 09:44:00+05:30,23909.29747271751,23909.31322742838,23906.47410188167,23906.589031878382,3923
2026-08-24 09:45:00+05:30,23906.589031878382,23908.341120749476,23904.164425877952,23904.201135851294,2220
2026-08-24 09:46:00+05:30,23904.201135851294,23906.624719195763,23901.55350056281,23902.661414296337,3382
2026-08-24 09:47:00+05:30,23902.661414296337,23905.762400025225,23900.96812206029,23902.08697362498,4178
2026-08-24 09:48:00+05:30,23902.08697362498,23902.950533549785,23902.06358156733,23902.11384425927,5325
2026-08-24 09:49:00+05:30,23902.11384425927,23902.5578035699,23900.924055075215,23901.95800136568,1382
2026-08-24 09:50:00+05:30,23901.95800136568,23902.494436676898,23899.382838587007,23900.404850863786,3243
2026-08-24 09:51:00+05:30,23900.404850863786,23901.21514196585,23896.671469454228,23898.92618724929,1454
2026-08-24 09:52:00+05:30,23898.92618724929,23899.592550919657,23894.577003202678,23897.31867188591,965
2026-08-24 09:53:00+05:30,23897.31867188591,23897.398040234417,23890.538359223705,23890.894795141263,1449
2026-08-24 09:54:00+05:30,23890.894795141263,23892.503974841497,23886.322088575303,23887.156840406402,4600
2026-08-24 09:55:00+05:30,23887.156840406402,23888.228513174676,23885.48129854175,23886.987180352888,954
2026-08-24 09:56:00+05:30,23886.987180352888,23887.19530680756,23886.91617799941,23887.18889613027,5172
2026-08-24 09:57:00+05:30,23887.18889613027,23889.49001163655,23886.773548811587,23887.742590110385,950
2026-08-24 09:58:00+05:30,23887.742590110385,23889.10540291758,23884.738949526363,23886.341332395867,5286
2026-08-24 09:59:00+05:30,23886.341332395867,23887.301598647657,23885.88936031593,23886.66176725555,4577
2026-08-24 10:00:00+05:30,23886.66176725555,23887.272745391332,23882.2674620631,23882.67704526939,1517
2026-08-24 10:01:00+05:30,23882.67704526939,23886.30797800374,23882.505535731958,23885.97920974484,5676
2026-08-24 10:02:00+05:30,23885.97920974484,23887.34859080186,23885.567036734832,23886.943854848327,1007
2026-08-24 10:03:00+05:30,23886.943854848327,23887.175620553728,23885.521246207776,23887.16714085202,5552
2026-08-24 10:04:00+05:30,23887.16714085202,23889.883159297806,23882.008223682962,23883.373322806783,4668
2026-08-24 10:05:00+05:30,23883.373322806783,23884.869487391134,23881.223837009886,23884.606392618254,1164
2026-08-24 10:06:00+05:30,23884.606392618254,23886.552827713487,23884.599205973835,23885.65932429393,1368
2026-08-24 10:07:00+05:30,23885.65932429393,23886.800977826577,23883.809927380415,23885.297515708444,762
2026-08-24 10:08:00+05:30,23885.297515708444,23888.033499369998,23883.969641293406,23885.87111072872,3083
2026-08-24 10:09:00+05:30,23885.87111072872,23887.918260271334,23884.708615343072,23887.31176013166,4906
2026-08-24 10:10:00+05:30,23887.31176013166,23890.580874563802,23886.449213979322,23889.1506393765,1363
2026-08-24 10:11:00+05:30,23889.1506393765,23891.34646860745,23885.44307538863,23886.977391514916,5103
2026-08-24 10:12:00+05:30,23886.977391514916,23887.62647171224,23885.357162414686,23886.89586177105,4671
2026-08-24 10:13:00+05:30,23886.89586177105,23887.45196775769,23886.606265425344,23887.06847685098,2452
2026-08-24 10:14:00+05:30,23887.06847685098,23887.408491364968,23885.967411757752,23886.5842745637,5852
2026-08-24 10:15:00+05:30,23886.5842745637,23887.940212125486,23885.913972398976,23886.066544683497,3723
2026-08-24 10:16:00+05:30,23886.066544683497,23888.780021923107,23885.76371468211,23887.86737572777,4912
2026-08-24 10:17:00+05:30,23887.86737572777,23891.601021687497,23887.36544954284,23891.577751608762,5281
2026-08-24 10:18:00+05:30,23891.577751608762,23896.287288526426,23891.463376712192,23895.982533701066,4609
2026-08-24 10:19:00+05:30,23895.982533701066,23897.90030596718,23892.590468074155,23892.92183495558,4892
2026-08-24 10:20:00+05:30,23892.92183495558,23893.448097561803,23892.01453764833,23892.82224796001,3527
2026-08-24 10:21:00+05:30,23892.82224796001,23895.008297540186,23892.697036911326,23893.722015946892,2692
2026-08-24 10:22:00+05:30,23893.722015946892,23893.862249301164,23891.613622491688,23892.511710657356,3738
2026-08-24 10:23:00+05:30,23892.511710657356,23893.25496055544,23889.654683215067,23891.410985109873,783
2026-08-24 10:24:00+05:30,23891.410985109873,23891.65228663621,23889.320395193306,23889.92089482782,3802
2026-08-24 10:25:00+05:30,23889.92089482782,23891.048325923777,23883.951256390228,23885.759193152167,3199
2026-08-24 10:26:00+05:30,23885.759193152167,23887.156286851983,23883.346868096534,23886.89055554051,5415
2026-08-24 10:27:00+05:30,23886.89055554051,23887.190032413226,23885.90736637144,23885.997298521517,4195
2026-08-24 10:28:00+05:30,23885.997298521517,23887.099819881263,23885.30068417379,23885.359997404747,3732
2026-08-24 10:29:00+05:30,23885.359997404747,23887.220638686267,23883.642944054533,23886.004867267566,4008
2026-08-24 10:30:00+05:30,23886.004867267566,23886.445541352306,23883.019836994412,23883.829112808417,5613
2026-08-24 10:31:00+05:30,23883.829112808417,23884.989690442908,23879.862333359404,23881.37872420328,2753
2026-08-24 10:32:00+05:30,23881.37872420328,23883.229302836873,23880.183268777204,23881.503054866098,5181
2026-08-24 10:33:00+05:30,23881.503054866098,23886.18476615819,23881.224052611247,23883.86537712425,4985
2026-08-24 10:34:00+05:30,23883.86537712425,23887.037422565896,23883.483602843626,23884.434707353284,5272
2026-08-24 10:35:00+05:30,23884.434707353284,23886.169199529933,23884.265895272336,23884.444210280573,3380
2026-08-24 10:36:00+05:30,23884.444210280573,23886.513022225317,23883.545936384606,23885.02494576086,5051
2026-08-24 10:37:00+05:30,23885.02494576086,23890.373158494487,23884.91894451465,23886.52184156447,3026
2026-08-24 10:38:00+05:30,23886.52184156447,23888.28375224239,23885.782749264563,23888.098520591062,3775
2026-08-24 10:39:00+05:30,23888.098520591062,23889.387374407594,23885.742159106114,23887.183958300455,5296
2026-08-24 10:40:00+05:30,23887.183958300455,23887.440616727217,23885.298389002248,23885.712762618223,4171
2026-08-24 10:41:00+05:30,23885.712762618223,23886.72299483075,23884.061684542517,23885.794192664755,3432
2026-08-24 10:42:00+05:30,23885.794192664755,23888.48790780651,23883.033229651293,23883.2875889484,1793
2026-08-24 10:43:00+05:30,23883.2875889484,23883.98754531611,23878.935808604358,23881.12002298364,1573
2026-08-24 10:44:00+05:30,23881.12002298364,23882.427386122523,23878.167380218205,23879.906444552096,796
2026-08-24 10:45:00+05:30,23879.906444552096,23881.78928722967,23879.886649991975,23880.907120575033,2456
2026-08-24 10:46:00+05:30,23880.907120575033,23881.814906873256,23876.995918558718,23877.672909086024,896
2026-08-24 10:47:00+05:30,23877.672909086024,23880.0920259996,23875.841237329412,23879.599229059717,501
2026-08-24 10:48:00+05:30,23879.599229059717,23879.885545908925,23873.681184979647,23874.34874333967,3933
2026-08-24 10:49:00+05:30,23874.34874333967,23874.995401704073,23873.604358228662,23874.813842084608,4307
2026-08-24 10:50:00+05:30,23874.813842084608,23875.96067269106,23873.424388413594,23874.670298290715,634
2026-08-24 10:51:00+05:30,23874.670298290715,23875.48126617561,23873.165620735017,23873.995693451892,4223
2026-08-24 10:52:00+05:30,23873.995693451892,23875.722522471537,23873.993872282223,23875.597269027545,1665
2026-08-24 10:53:00+05:30,23875.597269027545,23880.012124560784,23875.328503945355,23879.155761787784,4437
2026-08-24 10:54:00+05:30,23879.155761787784,23879.170283194577,23874.8474680238,23876.333122683616,2828
2026-08-24 10:55:00+05:30,23876.333122683616,23876.37060563946,23874.264185907734,23875.255985536627,640
2026-08-24 10:56:00+05:30,23875.255985536627,23875.576250657537,23872.925570223168,23874.94637200603,771
2026-08-24 10:57:00+05:30,23874.94637200603,23877.418880115074,23873.876210145918,23876.21976870672,3852
2026-08-24 10:58:00+05:30,23876.21976870672,23877.406925340976,23874.180330627547,23874.650691931365,2396
2026-08-24 10:59:00+05:30,23874.650691931365,23875.365996700137,23872.714268579246,23873.394408004555,2757
2026-08-24 11:00:00+05:30,23873.394408004555,23873.850935773546,23870.486788621572,23871.192279316245,738
2026-08-24 11:01:00+05:30,23871.192279316245,23872.219015666968,23870.004504872253,23871.215520938164,5330
2026-08-24 11:02:00+05:30,23871.215520938164,23871.619688332357,23863.18884095097,23864.649655663077,4041
2026-08-24 11:03:00+05:30,23864.649655663077,23866.17753285676,23864.145582809793,23865.480957680327,5798
2026-08-24 11:04:00+05:30,23865.480957680327,23866.70779419839,23863.620142712683,23864.30243158484,5158
2026-08-24 11:05:00+05:30,23864.30243158484,23865.55165263879,23859.01465736358,23859.390260048527,1828
2026-08-24 11:06:00+05:30,23859.390260048527,23862.183474345587,23857.769654387994,23861.81981676474,4647
2026-08-24 11:07:00+05:30,23861.81981676474,23866.48622105197,23861.363250724422,23864.072935817607,1364
2026-08-24 11:08:00+05:30,23864.072935817607,23866.627436713596,23863.64051602633,23863.909806503787,4929
2026-08-24 11:09:00+05:30,23863.909806503787,23865.2860297451,23859.773945562512,23860.96476095281,4274
2026-08-24 11:10:00+05:30,23860.96476095281,23862.249348910886,23860.89734656626,23861.97182956594,3129
2026-08-24 11:11:00+05:30,23861.97182956594,23867.178764317534,23860.104539116528,23866.318991366603,928
2026-08-24 11:12:00+05:30,23866.318991366603,23866.973281596092,23864.318902020717,23864.90664932715,5044
2026-08-24 11:13:00+05:30,23864.90664932715,23870.381282046856,23864.152990011986,23869.14539038587,4142
2026-08-24 11:14:00+05:30,23869.14539038587,23869.22559004011,23862.154564424734,23862.991143878768,3791
2026-08-24 11:15:00+05:30,23862.991143878768,23864.065299199185,23862.427228149663,23862.5804710936,4851
2026-08-24 11:16:00+05:30,23862.5804710936,23863.06207841071,23861.030483865845,23862.127413046186,829
2026-08-24 11:17:00+05:30,23862.127413046186,23862.78610664491,23858.532945511146,23859.810847885044,5223
2026-08-24 11:18:00+05:30,23859.810847885044,23862.49250438861,23857.330689439234,23860.61881731068,1510
2026-08-24 11:19:00+05:30,23860.61881731068,23861.235500867726,23857.1031455315,23857.6956866982,2305
2026-08-24 11:20:00+05:30,23857.6956866982,23858.64104932201,23856.698059598624,23856.837733233326,3902
2026-08-24 11:21:00+05:30,23856.837733233326,23858.97507744902,23856.412412524965,23858.97220581882,5355
2026-08-24 11:22:00+05:30,23858.97220581882,23860.352696065947,23856.84206834988,23857.464537722168,3643
2026-08-24 11:23:00+05:30,23857.464537722168,23860.474345000664,23855.828423543975,23857.463338299236,5960
2026-08-24 11:24:00+05:30,23857.463338299236,23858.907957040956,23856.681615055462,23857.987047345643,1834
2026-08-24 11:25:00+05:30,23857.987047345643,23859.99080491139,23856.24068298743,23856.6549763816,1397
2026-08-24 11:26:00+05:30,23856.6549763816,23861.36112122439,23855.982953286046,23860.924114171143,949
2026-08-24 11:27:00+05:30,23860.924114171143,23861.354970481654,23857.874088231656,23858.30059236924,2875
2026-08-24 11:28:00+05:30,23858.30059236924,23859.49407263387,23855.67802161152,23855.779077480634,1753
2026-08-24 11:29:00+05:30,23855.779077480634,23858.792938129394,23854.897002921472,23855.2954323534,1901
2026-08-24 11:30:00+05:30,23855.2954323534,23859.29579109271,23854.352698276663,23856.803015144345,2414
2026-08-24 11:31:00+05:30,23856.803015144345,23857.51364392335,23856.621095343282,23856.997053822077,1906
2026-08-24 11:32:00+05:30,23856.997053822077,23857.11270364058,23851.17199789179,23852.905284996912,1495
2026-08-24 11:33:00+05:30,23852.905284996912,23853.506702588613,23849.074565829564,23850.35005198809,4059
2026-08-24 11:34:00+05:30,23850.35005198809,23854.543845681335,23849.2454574023,23852.861358602655,3120
2026-08-24 11:35:00+05:30,23852.861358602655,23854.105522609618,23852.5450127848,23853.935223038192,4728
2026-08-24 11:36:00+05:30,23853.935223038192,23856.599785433616,23852.35045150527,23855.7976522356,3246
2026-08-24 11:37:00+05:30,23855.7976522356,23856.277270799903,23854.46891379788,23854.553577067934,4298
2026-08-24 11:38:00+05:30,23854.553577067934,23854.727550902033,23852.865630152526,23853.95990624884,4742
2026-08-24 11:39:00+05:30,23853.95990624884,23854.470659046878,23851.994720654337,23852.98279243127,4545
2026-08-24 11:40:00+05:30,23852.98279243127,23854.59348035265,23848.054542401827,23849.82283839065,3620
2026-08-24 11:41:00+05:30,23849.82283839065,23851.308767899005,23848.61462151686,23848.991586465007,530
2026-08-24 11:42:00+05:30,23848.991586465007,23850.078761086952,23848.315018335437,23849.50786001611,3537
2026-08-24 11:43:00+05:30,23849.50786001611,23850.496755718617,23848.65607876582,23849.77429706415,5047
2026-08-24 11:44:00+05:30,23849.77429706415,23850.05864675607,23845.20073853039,23847.144969997342,2915
2026-08-24 11:45:00+05:30,23847.144969997342,23851.152430474314,23846.420508407882,23851.093126450236,4331
2026-08-24 11:46:00+05:30,23851.093126450236,23857.993758921064,23850.274518191352,23854.275729352164,5170
2026-08-24 11:47:00+05:30,23854.275729352164,23855.09858660662,23853.44509636339,23853.999435600163,3482
2026-08-24 11:48:00+05:30,23853.999435600163,23854.649416840595,23853.4131219749,23853.909545144066,1814
2026-08-24 11:49:00+05:30,23853.909545144066,23854.94967316112,23853.500987410214,23853.979786508582,5266
2026-08-24 11:50:00+05:30,23853.979786508582,23857.59009706872,23853.819453162414,23856.971022221576,1121
2026-08-24 11:51:00+05:30,23856.971022221576,23860.109722212772,23856.519492479103,23858.954536916743,1524
2026-08-24 11:52:00+05:30,23858.954536916743,23860.14033369437,23855.582741704005,23857.18268194456,4943
2026-08-24 11:53:00+05:30,23857.18268194456,23859.0868688587,23856.49221698605,23859.066644858474,2495
2026-08-24 11:54:00+05:30,23859.066644858474,23860.244735514247,23855.880061752126,23857.148421544163,2665
2026-08-24 11:55:00+05:30,23857.148421544163,23860.519914582484,23855.857035811423,23860.182934093264,1022
2026-08-24 11:56:00+05:30,23860.182934093264,23863.25798739943,23859.236626834434,23862.01623989709,932
2026-08-24 11:57:00+05:30,23862.01623989709,23862.86608995288,23858.76276569014,23860.656735613094,1517
2026-08-24 11:58:00+05:30,23860.656735613094,23862.792342264,23857.69431128974,23859.007326777763,5097
2026-08-24 11:59:00+05:30,23859.007326777763,23861.12486929053,23858.242261802436,23860.676304385037,3032
2026-08-24 12:00:00+05:30,23860.676304385037,23860.942595906665,23859.713576723618,23860.620448008343,3996
2026-08-24 12:01:00+05:30,23860.620448008343,23860.85162412182,23858.893982352733,23859.18998237378,2955
2026-08-24 12:02:00+05:30,23859.18998237378,23859.9895355919,23858.41798932636,23858.53088305445,2322
2026-08-24 12:03:00+05:30,23858.53088305445,23858.62700275465,23857.757844099036,23857.892413451384,2543
2026-08-24 12:04:00+05:30,23857.892413451384,23860.259111780055,23854.00738841429,23854.94596136757,3957
2026-08-24 12:05:00+05:30,23854.94596136757,23855.913063697946,23852.11817404672,23852.515467820947,4890
2026-08-24 12:06:00+05:30,23852.515467820947,23854.06631448173,23849.135242143544,23850.440666869774,768
2026-08-24 12:07:00+05:30,23850.440666869774,23853.046457092853,23848.749200858005,23852.324049357932,3425
2026-08-24 12:08:00+05:30,23852.324049357932,23852.52565638456,23847.864278094698,23848.562365435628,1621
2026-08-24 12:09:00+05:30,23848.562365435628,23848.855008955496,23846.77258771347,23847.670238564304,5790
2026-08-24 12:10:00+05:30,23847.670238564304,23848.66017509644,23845.840443152476,23846.913822082406,5178
2026-08-24 12:11:00+05:30,23846.913822082406,23847.63219203035,23843.107565763137,23843.92383287104,2878
2026-08-24 12:12:00+05:30,23843.92383287104,23845.004472000335,23842.86632965626,23844.31384561265,897
2026-08-24 12:13:00+05:30,23844.31384561265,23846.35950384694,23842.129192711505,23842.551675403254,5875
2026-08-24 12:14:00+05:30,23842.551675403254,23842.903908883487,23839.50635723277,23840.94243670238,1112
2026-08-24 12:15:00+05:30,23840.94243670238,23843.03829495147,23837.419641393895,23838.85859187589,1787
2026-08-24 12:16:00+05:30,23838.85859187589,23840.088189889826,23835.995177141518,23837.542671830906,5085
2026-08-24 12:17:00+05:30,23837.542671830906,23838.82794894244,23834.857113625534,23835.02413326849,700
2026-08-24 12:18:00+05:30,23835.02413326849,23836.806329828603,23833.621126899532,23834.452749576143,5060
2026-08-24 12:19:00+05:30,23834.452749576143,23834.929159535022,23833.372249372693,23834.921896244276,2431
2026-08-24 12:20:00+05:30,23834.921896244276,23835.195349200134,23830.420513527388,23831.441991758405,882
2026-08-24 12:21:00+05:30,23831.441991758405,23832.29021278585,23827.600566518933,23828.899496995888,3958
2026-08-24 12:22:00+05:30,23828.899496995888,23832.164567448373,23828.71951079591,23830.845156824107,1267
2026-08-24 12:23:00+05:30,23830.845156824107,23833.70627888657,23829.705289413923,23833.504870563367,1704
2026-08-24 12:24:00+05:30,23833.504870563367,23834.253515365388,23830.65317718208,23831.895589465235,577
2026-08-24 12:25:00+05:30,23831.895589465235,23833.10368744455,23830.826565500996,23832.224621637237,2122
2026-08-24 12:26:00+05:30,23832.224621637237,23832.796423004987,23828.634689468738,23830.195582687757,755
2026-08-24 12:27:00+05:30,23830.195582687757,23832.11572365324,23829.89841759207,23831.0623333012,2542
2026-08-24 12:28:00+05:30,23831.0623333012,23832.183053822246,23830.1753168064,23831.43115789518,801
2026-08-24 12:29:00+05:30,23831.43115789518,23832.927884234847,23825.124657639783,23826.59815663094,1715
2026-08-24 12:30:00+05:30,23826.59815663094,23827.824654126813,23823.865223917455,23824.799675408805,1860
2026-08-24 12:31:00+05:30,23824.799675408805,23826.993893851944,23824.26571253449,23825.947542427522,2538
2026-08-24 12:32:00+05:30,23825.947542427522,23826.27686044,23822.526133259413,23822.59981270259,1208
2026-08-24 12:33:00+05:30,23822.59981270259,23824.162217012,23821.018851865017,23822.932284799703,2719
2026-08-24 12:34:00+05:30,23822.932284799703,23823.118139764094,23820.766453482767,23821.26200658698,2213
2026-08-24 12:35:00+05:30,23821.26200658698,23822.775387285044,23820.599942225846,23822.726089959066,3367
2026-08-24 12:36:00+05:30,23822.726089959066,23823.289875014278,23819.844305097235,23819.84999367382,5180
2026-08-24 12:37:00+05:30,23819.84999367382,23820.68104524694,23818.840054371663,23819.51390064316,5000
2026-08-24 12:38:00+05:30,23819.51390064316,23820.799170508206,23814.920204838876,23815.915936852994,5113
2026-08-24 12:39:00+05:30,23815.915936852994,23816.265987847586,23814.567876818615,23815.691828003382,3289
2026-08-24 12:40:00+05:30,23815.691828003382,23817.101307155783,23814.641138388375,23815.437865240423,4984
2026-08-24 12:41:00+05:30,23815.437865240423,23816.125599009538,23815.32612431307,23815.89176627146,1310
2026-08-24 12:42:00+05:30,23815.89176627146,23816.79254832462,23815.083257788072,23816.417671997988,5027
2026-08-24 12:43:00+05:30,23816.417671997988,23819.266676332874,23816.11935094554,23818.63751891951,5126
2026-08-24 12:44:00+05:30,23818.63751891951,23820.617295214517,23814.719585050876,23815.946252501475,3087
2026-08-24 12:45:00+05:30,23815.946252501475,23817.16317494809,23815.13599384354,23815.48727480157,889
2026-08-24 12:46:00+05:30,23815.48727480157,23819.97487969249,23812.618042056485,23818.256659693583,579
2026-08-24 12:47:00+05:30,23818.256659693583,23821.627650452378,23816.37211061376,23820.065422505,2824
2026-08-24 12:48:00+05:30,23820.065422505,23822.499691935525,23819.56077089243,23821.670685912108,1420
2026-08-24 12:49:00+05:30,23821.670685912108,23822.8097823299,23818.47910249848,23819.13082430564,5863
2026-08-24 12:50:00+05:30,23819.13082430564,23821.719002448408,23818.278565231707,23820.438373825804,5730
2026-08-24 12:51:00+05:30,23820.438373825804,23821.622231823672,23815.512390950706,23817.64551344323,4954
2026-08-24 12:52:00+05:30,23817.64551344323,23818.422933041213,23814.214637071706,23815.991755870156,4749
2026-08-24 12:53:00+05:30,23815.991755870156,23816.148636829024,23814.17189103504,23814.336956025563,1464
2026-08-24 12:54:00+05:30,23814.336956025563,23814.81422914402,23810.756436393807,23811.860703517654,1476
2026-08-24 12:55:00+05:30,23811.860703517654,23818.10167876411,23810.19649818721,23816.804326908965,2040
2026-08-24 12:56:00+05:30,23816.804326908965,23820.344681086386,23816.088493266416,23819.22205219698,4578
2026-08-24 12:57:00+05:30,23819.22205219698,23822.196405476447,23819.07767291913,23822.120094285863,2178
2026-08-24 12:58:00+05:30,23822.120094285863,23822.263304435543,23821.441626261672,23821.871117636816,2783
2026-08-24 12:59:00+05:30,23821.871117636816,23826.11685152156,23821.7207427448,23825.179528228622,2244
2026-08-24 13:00:00+05:30,23825.179528228622,23826.88530078719,23823.797180928137,23824.785179486855,4180
2026-08-24 13:01:00+05:30,23824.785179486855,23825.178465267676,23822.67287421411,23823.086169888826,3511
2026-08-24 13:02:00+05:30,23823.086169888826,23824.04778510006,23822.24077921116,23823.786571562097,4983
2026-08-24 13:03:00+05:30,23823.786571562097,23825.224366190385,23822.52138949117,23824.350411563082,3126
2026-08-24 13:04:00+05:30,23824.350411563082,23824.496708220144,23820.953920350756,23821.607304078847,3659
2026-08-24 13:05:00+05:30,23821.607304078847,23824.12993169044,23821.214377406995,23823.018334139677,1544
2026-08-24 13:06:00+05:30,23823.018334139677,23824.742836085195,23822.93449304691,23824.726730593226,4739
2026-08-24 13:07:00+05:30,23824.726730593226,23825.033573588345,23822.130649266794,23824.33085154056,3886
2026-08-24 13:08:00+05:30,23824.33085154056,23824.376789312293,23820.969744416405,23821.89806098308,5421
2026-08-24 13:09:00+05:30,23821.89806098308,23823.36579340665,23818.591170554046,23818.774341838103,4649
2026-08-24 13:10:00+05:30,23818.774341838103,23819.28128566208,23817.224932034213,23817.517195455355,651
2026-08-24 13:11:00+05:30,23817.517195455355,23817.97395298417,23815.35447206198,23815.74906154569,4313
2026-08-24 13:12:00+05:30,23815.74906154569,23816.274699808033,23812.60104914252,23812.604869473045,3463
2026-08-24 13:13:00+05:30,23812.604869473045,23816.976465991233,23811.799267019516,23815.732163740853,2159
2026-08-24 13:14:00+05:30,23815.732163740853,23816.62368259648,23813.875391566788,23816.494251695836,4421
2026-08-24 13:15:00+05:30,23816.494251695836,23818.25596589837,23812.404522294575,23813.710249722277,4346
2026-08-24 13:16:00+05:30,23813.710249722277,23814.715437478248,23808.713297938353,23809.111126196363,1315
2026-08-24 13:17:00+05:30,23809.111126196363,23810.062955471392,23807.79334228918,23807.82578840805,2482
2026-08-24 13:18:00+05:30,23807.82578840805,23811.12666430771,23804.30949574922,23806.31145283579,2471
2026-08-24 13:19:00+05:30,23806.31145283579,23806.922630448673,23804.50200496449,23805.515946767187,2792
2026-08-24 13:20:00+05:30,23805.515946767187,23806.543284630457,23801.44478981302,23804.881777124676,5405
2026-08-24 13:21:00+05:30,23804.881777124676,23805.832443400934,23803.701457270872,23805.43136412381,4623
2026-08-24 13:22:00+05:30,23805.43136412381,23806.689818351428,23803.063183974675,23803.604253645033,2564
2026-08-24 13:23:00+05:30,23803.604253645033,23804.953602766545,23800.65364414403,23802.5461227544,4167
2026-08-24 13:24:00+05:30,23802.5461227544,23803.59365051758,23801.61402601306,23801.674838396742,3377
2026-08-24 13:25:00+05:30,23801.674838396742,23803.8876698517,23800.78629968397,23801.43006703831,1653
2026-08-24 13:26:00+05:30,23801.43006703831,23803.401593410184,23800.525895519124,23801.144285031616,3519
2026-08-24 13:27:00+05:30,23801.144285031616,23803.533818637756,23796.750109966997,23799.01179460775,1633
2026-08-24 13:28:00+05:30,23799.01179460775,23800.90225423421,23795.774450197936,23797.303809990986,1230
2026-08-24 13:29:00+05:30,23797.303809990986,23797.44276139446,23792.41497220923,23794.376299455656,3106
2026-08-24 13:30:00+05:30,23794.376299455656,23796.092695476007,23792.895745553684,23795.737315757182,1995
2026-08-24 13:31:00+05:30,23795.737315757182,23797.358625546734,23795.185371853386,23796.498040509767,2021
2026-08-24 13:32:00+05:30,23796.498040509767,23797.33199281912,23796.31680584834,23797.054245840576,3014
2026-08-24 13:33:00+05:30,23797.054245840576,23800.19174244235,23794.47968814059,23799.63087359503,2284
2026-08-24 13:34:00+05:30,23799.63087359503,23801.377620964235,23798.881257014342,23800.235118026383,2354
2026-08-24 13:35:00+05:30,23800.235118026383,23800.961784105144,23797.20897080376,23798.9652696779,3969
2026-08-24 13:36:00+05:30,23798.9652696779,23799.114878292366,23797.667519975148,23799.02788058974,1684
2026-08-24 13:37:00+05:30,23799.02788058974,23799.05490973642,23795.835596963556,23797.8268302549,2727
2026-08-24 13:38:00+05:30,23797.8268302549,23798.659020072482,23796.684667067333,23798.074205849854,5201
2026-08-24 13:39:00+05:30,23798.074205849854,23798.219420512636,23796.414061560266,23796.73454546062,5222
2026-08-24 13:40:00+05:30,23796.73454546062,23798.034695397175,23793.170264146385,23794.662430186796,4147
2026-08-24 13:41:00+05:30,23794.662430186796,23799.53145854528,23793.838059374455,23796.58624482902,3282
2026-08-24 13:42:00+05:30,23796.58624482902,23796.797895910935,23794.566646060553,23796.501145504244,4796
2026-08-24 13:43:00+05:30,23796.501145504244,23800.78978974164,23795.093345867324,23800.69996563955,1743
2026-08-24 13:44:00+05:30,23800.69996563955,23805.181446539173,23798.67715086534,23804.81971055057,5667
2026-08-24 13:45:00+05:30,23804.81971055057,23805.496763014482,23802.62266382424,23803.857143273664,3680
2026-08-24 13:46:00+05:30,23803.857143273664,23805.06562672879,23802.158402325265,23803.189505673778,2826
2026-08-24 13:47:00+05:30,23803.189505673778,23804.439350573593,23802.233643476116,23803.61032971083,1784
2026-08-24 13:48:00+05:30,23803.61032971083,23804.755472101584,23802.845237272963,23803.24839747991,5158
2026-08-24 13:49:00+05:30,23803.24839747991,23807.261738223635,23802.012790379405,23806.88569541692,3590
2026-08-24 13:50:00+05:30,23806.88569541692,23808.08531536042,23805.14029714516,23806.384277578712,2952
2026-08-24 13:51:00+05:30,23806.384277578712,23807.393378685727,23804.276937416937,23807.08196018785,3135
2026-08-24 13:52:00+05:30,23807.08196018785,23807.590569683518,23806.60782108083,23807.169529586103,5065
2026-08-24 13:53:00+05:30,23807.169529586103,23807.237323270074,23805.741899278,23806.257612851532,1198
2026-08-24 13:54:00+05:30,23806.257612851532,23809.33081126805,23805.733990718894,23808.635389041512,5011
2026-08-24 13:55:00+05:30,23808.635389041512,23810.296305796714,23808.38829632799,23810.08169460345,4435
2026-08-24 13:56:00+05:30,23810.08169460345,23811.43847644573,23808.512772561786,23811.42006191035,3761
2026-08-24 13:57:00+05:30,23811.42006191035,23813.79937162207,23809.510862726052,23810.77206631785,1119
2026-08-24 13:58:00+05:30,23810.77206631785,23810.963516586773,23807.008068405317,23808.821442525554,5429
2026-08-24 13:59:00+05:30,23808.821442525554,23810.39306164094,23806.692411744258,23808.045262819393,5447
2026-08-24 14:00:00+05:30,23808.045262819393,23809.347327176016,23807.0124646768,23807.857351442017,5449
2026-08-24 14:01:00+05:30,23807.857351442017,23808.07076035443,23805.490340397617,23806.708536230944,4558
2026-08-24 14:02:00+05:30,23806.708536230944,23813.009326278534,23804.96845245808,23811.40078895354,1911
2026-08-24 14:03:00+05:30,23811.40078895354,23812.38178073858,23803.931928053822,23806.059236580586,1564
2026-08-24 14:04:00+05:30,23806.059236580586,23808.564180133846,23802.765227496115,23803.805849873905,1511
2026-08-24 14:05:00+05:30,23803.805849873905,23804.241755926716,23800.340832902762,23800.857996626368,5663
2026-08-24 14:06:00+05:30,23800.857996626368,23801.587557211806,23793.331903349103,23795.553916630575,4919
2026-08-24 14:07:00+05:30,23795.553916630575,23795.57627557221,23793.963983587102,23794.69262767611,778
2026-08-24 14:08:00+05:30,23794.69262767611,23800.99920366755,23793.006922920984,23798.955675315858,2781
2026-08-24 14:09:00+05:30,23798.955675315858,23800.43565557567,23796.805138353262,23798.63379971972,1513
2026-08-24 14:10:00+05:30,23798.63379971972,23799.84153530789,23798.07966023868,23798.601543381945,5965
2026-08-24 14:11:00+05:30,23798.601543381945,23799.830947685583,23797.12000312991,23799.03411307621,1737
2026-08-24 14:12:00+05:30,23799.03411307621,23800.528272256244,23797.49144828587,23798.64505240242,5593
2026-08-24 14:13:00+05:30,23798.64505240242,23799.64217313856,23797.31331427492,23798.969634187953,2992
2026-08-24 14:14:00+05:30,23798.969634187953,23801.013260635667,23798.351403763976,23799.80027941046,5049
2026-08-24 14:15:00+05:30,23799.80027941046,23801.53090597609,23797.275801169966,23797.499268487758,4957
2026-08-24 14:16:00+05:30,23797.499268487758,23798.28964869694,23794.083333476356,23794.67904324813,3120
2026-08-24 14:17:00+05:30,23794.67904324813,23796.36652844041,23793.420887148008,23794.744862338885,3990
2026-08-24 14:18:00+05:30,23794.744862338885,23796.00083334549,23789.356127397696,23791.201932139484,2613
2026-08-24 14:19:00+05:30,23791.201932139484,23791.490304911502,23788.400884609968,23789.8153618155,2909
2026-08-24 14:20:00+05:30,23789.8153618155,23791.74058114026,23785.280915767402,23786.722581915394,3889
2026-08-24 14:21:00+05:30,23786.722581915394,23791.937362574245,23784.326772329863,23790.626508403053,1328
2026-08-24 14:22:00+05:30,23790.626508403053,23792.19956677641,23788.91898745857,23790.53269382091,1561
2026-08-24 14:23:00+05:30,23790.53269382091,23792.62090358409,23790.259246267116,23791.04597715259,5933
2026-08-24 14:24:00+05:30,23791.04597715259,23796.38537393584,23790.877338633796,23795.493212048113,5876
2026-08-24 14:25:00+05:30,23795.493212048113,23798.646675300533,23795.01660305928,23798.55036087673,5014
2026-08-24 14:26:00+05:30,23798.55036087673,23799.787920237286,23796.78557718198,23798.764490691523,1145
2026-08-24 14:27:00+05:30,23798.764490691523,23800.43491710327,23794.9133892135,23796.454263880074,2906
2026-08-24 14:28:00+05:30,23796.454263880074,23797.67396693513,23791.84266440295,23794.192982238426,4282
2026-08-24 14:29:00+05:30,23794.192982238426,23795.824588588424,23790.854426997234,23792.565143704272,5789
2026-08-24 14:30:00+05:30,23792.565143704272,23800.961584190165,23790.90015880461,23797.369138903112,799
2026-08-24 14:31:00+05:30,23797.369138903112,23798.336715723646,23791.00866349722,23792.856546326097,1592
2026-08-24 14:32:00+05:30,23792.856546326097,23795.44993645909,23791.349406082463,23794.813516184844,2580
2026-08-24 14:33:00+05:30,23794.813516184844,23800.279746679633,23792.305472574066,23799.26778102316,5564
2026-08-24 14:34:00+05:30,23799.26778102316,23799.351791476576,23795.674831842472,23796.62803890923,1957
2026-08-24 14:35:00+05:30,23796.62803890923,23796.885280128987,23795.97476843156,23796.49062526571,5103
2026-08-24 14:36:00+05:30,23796.49062526571,23797.18812719687,23794.819483134655,23796.050925584717,717
2026-08-24 14:37:00+05:30,23796.050925584717,23796.649630696444,23794.893571860965,23795.781798519274,3711
2026-08-24 14:38:00+05:30,23795.781798519274,23796.227305765042,23794.21342887361,23794.484550311736,5627
2026-08-24 14:39:00+05:30,23794.484550311736,23795.311628148258,23791.995947568517,23792.91354957602,5874
2026-08-24 14:40:00+05:30,23792.91354957602,23792.938117179117,23789.403361273362,23789.79136929077,653
2026-08-24 14:41:00+05:30,23789.79136929077,23796.416264352632,23788.596944578007,23793.70539525708,5678
2026-08-24 14:42:00+05:30,23793.70539525708,23801.713208488854,23793.354998482788,23798.33026996649,2041
2026-08-24 14:43:00+05:30,23798.33026996649,23798.42943137169,23796.58150878446,23796.879381851955,5600
2026-08-24 14:44:00+05:30,23796.879381851955,23799.56715814771,23796.07572632155,23798.89162340256,2233
2026-08-24 14:45:00+05:30,23798.89162340256,23801.233897869875,23793.074952512547,23794.727878542602,5525
2026-08-24 14:46:00+05:30,23794.727878542602,23795.64313407204,23792.105291838925,23792.247571588105,1233
2026-08-24 14:47:00+05:30,23792.247571588105,23794.808110802303,23788.714351170245,23791.456842623276,3661
2026-08-24 14:48:00+05:30,23791.456842623276,23796.804076109303,23790.11996824454,23793.568923287345,728
2026-08-24 14:49:00+05:30,23793.568923287345,23795.052566813967,23792.44331494543,23795.004298089843,1300
2026-08-24 14:50:00+05:30,23795.004298089843,23795.67054338261,23794.270508188794,23794.31524509282,3986
2026-08-24 14:51:00+05:30,23794.31524509282,23794.80921757429,23790.449955801738,23792.31705104635,1237
2026-08-24 14:52:00+05:30,23792.31705104635,23792.46430549236,23790.605391445853,23791.02815405342,3508
2026-08-24 14:53:00+05:30,23791.02815405342,23791.24031621453,23789.093186160524,23789.65300974506,4012
2026-08-24 14:54:00+05:30,23789.65300974506,23790.933414368716,23789.086553311416,23789.692533297406,1915
2026-08-24 14:55:00+05:30,23789.692533297406,23789.803176025736,23787.501779333412,23788.938779454842,691
2026-08-24 14:56:00+05:30,23788.938779454842,23789.1860700932,23783.277275607823,23784.543056118022,4157
2026-08-24 14:57:00+05:30,23784.543056118022,23784.697217863268,23781.83190881905,23782.561759881544,930
2026-08-24 14:58:00+05:30,23782.561759881544,23784.058758638304,23779.716456646518,23780.146137053052,1766
2026-08-24 14:59:00+05:30,23780.146137053052,23783.66849034804,23780.056454212023,23782.32055432629,5078
2026-08-24 15:00:00+05:30,23782.32055432629,23784.806033981993,23780.097962035037,23783.844023901744,5753
2026-08-24 15:01:00+05:30,23783.844023901744,23785.883977522368,23781.071548132524,23781.13953754681,2845
2026-08-24 15:02:00+05:30,23781.13953754681,23781.78983815121,23779.45108010749,23779.75548544216,2861
2026-08-24 15:03:00+05:30,23779.75548544216,23782.766195300595,23778.936198232564,23781.292538891284,5732
2026-08-24 15:04:00+05:30,23781.292538891284,23782.019619822306,23778.79545829039,23780.66158514138,4764
2026-08-24 15:05:00+05:30,23780.66158514138,23782.509281788236,23779.797491424884,23781.271647817382,1676
2026-08-24 15:06:00+05:30,23781.271647817382,23781.324153251364,23778.58160542119,23779.486392333525,4102
2026-08-24 15:07:00+05:30,23779.486392333525,23780.050388754018,23777.848680033003,23779.151435626987,3975
2026-08-24 15:08:00+05:30,23779.151435626987,23780.278090294334,23777.49505770067,23777.96020981146,3275
2026-08-24 15:09:00+05:30,23777.96020981146,23782.60725825565,23777.803576270297,23781.3884181618,5728
2026-08-24 15:10:00+05:30,23781.3884181618,23785.2073788503,23781.202183805115,23782.38656629303,3716
2026-08-24 15:11:00+05:30,23782.38656629303,23783.777305590025,23777.490015731364,23778.28364420995,2310
2026-08-24 15:12:00+05:30,23778.28364420995,23778.85707475664,23775.747250154887,23776.72184334239,2428
2026-08-24 15:13:00+05:30,23776.72184334239,23777.584555893776,23772.95593869165,23774.192395192065,5030
2026-08-24 15:14:00+05:30,23774.192395192065,23776.7883204707,23773.63867757023,23776.30678517545,2342
2026-08-24 15:15:00+05:30,23776.30678517545,23777.648219231425,23772.05371778487,23773.567622500068,5477
2026-08-24 15:16:00+05:30,23773.567622500068,23773.80919140996,23772.91765516036,23773.33661604101,1437
2026-08-24 15:17:00+05:30,23773.33661604101,23774.488127063487,23772.762860913695,23774.09651452338,5371
2026-08-24 15:18:00+05:30,23774.09651452338,23774.57903577559,23772.844908861716,23773.444713373556,2317
2026-08-24 15:19:00+05:30,23773.444713373556,23780.909499497866,23772.652257787977,23779.97789473773,5786
2026-08-24 15:20:00+05:30,23779.97789473773,23781.677278021903,23779.026491802866,23781.464809672932,1779
2026-08-24 15:21:00+05:30,23781.464809672932,23782.367807777297,23778.180364294753,23780.3937423546,3049
2026-08-24 15:22:00+05:30,23780.3937423546,23782.839556757903,23778.851672045053,23779.711513550083,823
2026-08-24 15:23:00+05:30,23779.711513550083,23780.51282229046,23778.062065956885,23778.60910573168,1257
2026-08-24 15:24:00+05:30,23778.60910573168,23780.203698616526,23778.56479980884,23779.94765611504,2688
2026-08-24 15:25:00+05:30,23779.94765611504,23780.751856198338,23778.97405258812,23780.09540677449,3966
2026-08-24 15:26:00+05:30,23780.09540677449,23782.517382668786,23779.055568643955,23781.152773269896,3766
2026-08-24 15:27:00+05:30,23781.152773269896,23781.693526749874,23779.502150753266,23781.279520786982,5567
2026-08-24 15:28:00+05:30,23781.279520786982,23783.681454182264,23780.704970401446,23781.39339328341,2966
2026-08-24 15:29:00+05:30,23781.39339328341,23786.26358220611,23780.286541973022,23783.76119046827,5544
2026-08-25 09:15:00+05:30,23783.76119046827,23785.520258052915,23782.555922004693,23785.387564664612,3446
2026-08-25 09:16:00+05:30,23785.387564664612,23785.75561578916,23784.20261239916,23784.812078590192,3726
2026-08-25 09:17:00+05:30,23784.812078590192,23788.133759998836,23783.72541708115,23787.193543577112,3727
2026-08-25 09:18:00+05:30,23787.193543577112,23789.80154369727,23787.160734804962,23788.71217085349,5409
2026-08-25 09:19:00+05:30,23788.71217085349,23790.534187509256,23787.858855798157,23788.61496314856,5049
2026-08-25 09:20:00+05:30,23788.61496314856,23788.789227993166,23787.641458781032,23788.084855561214,3832
2026-08-25 09:21:00+05:30,23788.084855561214,23791.02235491247,23784.453827977726,23786.94078867153,2065
2026-08-25 09:22:00+05:30,23786.94078867153,23788.300784249117,23786.046361333254,23787.96876153093,3970
2026-08-25 09:23:00+05:30,23787.96876153093,23789.24737919311,23785.635933438018,23786.337085352592,2509
2026-08-25 09:24:00+05:30,23786.337085352592,23787.104165926463,23783.895635309418,23786.030363636193,2864
2026-08-25 09:25:00+05:30,23786.030363636193,23786.63628384563,23782.67343255936,23782.910091020785,5143
2026-08-25 09:26:00+05:30,23782.910091020785,23782.985366470217,23781.828970364,23781.94315205447,4601
2026-08-25 09:27:00+05:30,23781.94315205447,23786.723316662454,23781.32071264135,23785.227968194024,4785
2026-08-25 09:28:00+05:30,23785.227968194024,23785.608313433713,23783.401172002796,23784.06116022634,3510
2026-08-25 09:29:00+05:30,23784.06116022634,23785.4418047841,23781.25261216942,23781.452949596674,2732
2026-08-25 09:30:00+05:30,23781.452949596674,23784.73769070777,23779.741471978476,23783.751885864698,3862
2026-08-25 09:31:00+05:30,23783.751885864698,23783.914357061083,23782.23075773004,23783.87312891423,5718
2026-08-25 09:32:00+05:30,23783.87312891423,23788.198500644303,23783.388536870276,23786.966159668693,4338
2026-08-25 09:33:00+05:30,23786.966159668693,23789.013182968,23786.009513103865,23787.86225058989,5501
2026-08-25 09:34:00+05:30,23787.86225058989,23790.77521378501,23786.126452573608,23788.895113319388,2916
2026-08-25 09:35:00+05:30,23788.895113319388,23789.110708476863,23787.710653159218,23788.792121197308,3919
2026-08-25 09:36:00+05:30,23788.792121197308,23790.394659561844,23788.70718237277,23789.221201369743,2095
2026-08-25 09:37:00+05:30,23789.221201369743,23790.389636667234,23788.358394819174,23788.45601635468,3539
2026-08-25 09:38:00+05:30,23788.45601635468,23789.341223296924,23787.81420658773,23788.875165373993,5707
2026-08-25 09:39:00+05:30,23788.875165373993,23793.182000100187,23788.590319695893,23791.015045817836,5851
2026-08-25 09:40:00+05:30,23791.015045817836,23791.15025093248,23790.24341443145,23791.13585800033,5269
2026-08-25 09:41:00+05:30,23791.13585800033,23791.618587678557,23788.980776920474,23790.22521379618,4143
2026-08-25 09:42:00+05:30,23790.22521379618,23791.068244145365,23789.475981188687,23790.265450936688,5487
2026-08-25 09:43:00+05:30,23790.265450936688,23791.253200603733,23787.955243769775,23789.726472301118,1646
2026-08-25 09:44:00+05:30,23789.726472301118,23791.285314396315,23787.789238704816,23790.083330591024,1566
2026-08-25 09:45:00+05:30,23790.083330591024,23792.151470110162,23789.805431170265,23791.704262511597,3621
2026-08-25 09:46:00+05:30,23791.704262511597,23792.70156853593,23788.5645900659,23789.29828239912,4584
2026-08-25 09:47:00+05:30,23789.29828239912,23790.7417188904,23787.45420498327,23787.617707209392,3841
2026-08-25 09:48:00+05:30,23787.617707209392,23788.4796606231,23785.654738994708,23785.824748648367,2573
2026-08-25 09:49:00+05:30,23785.824748648367,23786.272749907166,23782.557757545277,23784.20077022677,4554
2026-08-25 09:50:00+05:30,23784.20077022677,23785.09313811729,23783.11588742029,23783.587034968452,1944
2026-08-25 09:51:00+05:30,23783.587034968452,23786.496836077495,23783.093295271654,23785.911637800808,810
2026-08-25 09:52:00+05:30,23785.911637800808,23787.070345322318,23785.51003147073,23786.17330517324,615
2026-08-25 09:53:00+05:30,23786.17330517324,23789.007399270402,23785.61606385384,23788.165222222546,2088
2026-08-25 09:54:00+05:30,23788.165222222546,23791.33120256835,23787.25116144012,23790.4025570585,3838
2026-08-25 09:55:00+05:30,23790.4025570585,23792.946980114335,23789.744988910927,23792.837512124548,5009
2026-08-25 09:56:00+05:30,23792.837512124548,23794.60744100223,23790.075706143365,23790.444444809753,996
2026-08-25 09:57:00+05:30,23790.444444809753,23790.78029131664,23787.365520257405,23788.889272110144,1906
2026-08-25 09:58:00+05:30,23788.889272110144,23792.22486402284,23787.168393253494,23792.080535552155,3166
2026-08-25 09:59:00+05:30,23792.080535552155,23792.585642037808,23791.098522878263,23791.698114673625,1468
2026-08-25 10:00:00+05:30,23791.698114673625,23791.869019889098,23791.037141654317,23791.475804073812,3174
2026-08-25 10:01:00+05:30,23791.475804073812,23791.59558991713,23790.516029228656,23790.880511239196,4088
2026-08-25 10:02:00+05:30,23790.880511239196,23791.249619435966,23787.348607838892,23788.81928088823,5996
2026-08-25 10:03:00+05:30,23788.81928088823,23792.581360701726,23786.593769790376,23790.37787869904,1083
2026-08-25 10:04:00+05:30,23790.37787869904,23791.91820818479,23788.51943848414,23789.234860452958,3994
2026-08-25 10:05:00+05:30,23789.234860452958,23790.92212036219,23786.163767094502,23787.650386370864,3035
2026-08-25 10:06:00+05:30,23787.650386370864,23789.550958664084,23787.368321992497,23789.24725283673,4437
2026-08-25 10:07:00+05:30,23789.24725283673,23791.979459221035,23788.85596119695,23790.846964880573,632
2026-08-25 10:08:00+05:30,23790.846964880573,23794.76244629447,23790.731308246708,23792.4461562469,2736
2026-08-25 10:09:00+05:30,23792.4461562469,23792.467906694583,23790.18245651717,23790.937210625714,2160
2026-08-25 10:10:00+05:30,23790.937210625714,23791.20355388153,23786.22635053393,23787.203162292455,3412
2026-08-25 10:11:00+05:30,23787.203162292455,23789.970127046934,23786.755064373345,23789.50121040315,4838
2026-08-25 10:12:00+05:30,23789.50121040315,23789.883982814194,23785.61771652099,23786.546582389114,5187
2026-08-25 10:13:00+05:30,23786.546582389114,23788.363495967136,23785.995349766265,23787.740706736746,1946
2026-08-25 10:14:00+05:30,23787.740706736746,23790.66369065031,23786.63822083286,23789.610619925337,5787
2026-08-25 10:15:00+05:30,23789.610619925337,23790.013543319532,23787.843243866482,23788.27997832913,1500
2026-08-25 10:16:00+05:30,23788.27997832913,23795.80646486091,23787.709905329088,23794.18341716731,1616
2026-08-25 10:17:00+05:30,23794.18341716731,23796.140519205896,23794.012441420997,23794.080740641435,4579
2026-08-25 10:18:00+05:30,23794.080740641435,23794.331926554267,23789.854190390324,23791.448058435097,5473
2026-08-25 10:19:00+05:30,23791.448058435097,23792.339270009354,23789.19971981891,23790.376976069503,1445
2026-08-25 10:20:00+05:30,23790.376976069503,23791.34388681761,23786.009495019567,23786.612475528815,3306
2026-08-25 10:21:00+05:30,23786.612475528815,23788.46092043221,23785.148533141917,23787.13206235609,4499
2026-08-25 10:22:00+05:30,23787.13206235609,23787.58182356784,23784.0826044938,23784.82784262258,3803
2026-08-25 10:23:00+05:30,23784.82784262258,23786.362883321417,23783.556545122658,23783.81196416329,5108
2026-08-25 10:24:00+05:30,23783.81196416329,23784.569407209085,23783.21241804237,23783.658387234223,3394
2026-08-25 10:25:00+05:30,23783.658387234223,23784.392958458826,23783.32499525376,23784.1417171052,943
2026-08-25 10:26:00+05:30,23784.1417171052,23785.043902261266,23782.15066087212,23783.31504415695,2633
2026-08-25 10:27:00+05:30,23783.31504415695,23788.295421621555,23782.89028993945,23787.3915056571,2453
2026-08-25 10:28:00+05:30,23787.3915056571,23789.646111249738,23786.843322399607,23788.921111118263,3839
2026-08-25 10:29:00+05:30,23788.921111118263,23792.092337041035,23788.506250613715,23791.72700470913,5019
2026-08-25 10:30:00+05:30,23791.72700470913,23792.611085665852,23789.581426326164,23791.141485355605,2714
2026-08-25 10:31:00+05:30,23791.141485355605,23794.448525819837,23791.12331125726,23793.357958374636,1615
2026-08-25 10:32:00+05:30,23793.357958374636,23794.09989972715,23791.898173616908,23792.03885586639,3130
2026-08-25 10:33:00+05:30,23792.03885586639,23794.897992935905,23790.75802025946,23791.94239173809,1063
2026-08-25 10:34:00+05:30,23791.94239173809,23793.527390658364,23790.59663394062,23793.381125519896,3380
2026-08-25 10:35:00+05:30,23793.381125519896,23793.4088050318,23792.53706207933,23792.865270197966,2792
2026-08-25 10:36:00+05:30,23792.865270197966,23793.03485307921,23786.53676131948,23786.84112885723,1443
2026-08-25 10:37:00+05:30,23786.84112885723,23787.624541848752,23784.937407389116,23785.80933564612,4315
2026-08-25 10:38:00+05:30,23785.80933564612,23786.8886812914,23783.683457753126,23786.271148697135,4549
2026-08-25 10:39:00+05:30,23786.271148697135,23786.74680189434,23781.416074214165,23782.32895583848,5127
2026-08-25 10:40:00+05:30,23782.32895583848,23782.78799859296,23780.332412127937,23780.555757572612,659
2026-08-25 10:41:00+05:30,23780.555757572612,23780.770631352854,23777.574663854204,23778.938625808314,5216
2026-08-25 10:42:00+05:30,23778.938625808314,23782.36243310132,23776.992523852517,23781.79105370037,5200
2026-08-25 10:43:00+05:30,23781.79105370037,23783.736926608362,23781.12673982768,23782.899238943202,1938
2026-08-25 10:44:00+05:30,23782.899238943202,23783.766806664556,23779.2880029309,23779.362286192078,1093
2026-08-25 10:45:00+05:30,23779.362286192078,23780.33351133026,23775.5077199052,23776.187474200906,5206
2026-08-25 10:46:00+05:30,23776.187474200906,23776.440736965134,23771.705052225185,23775.632267074874,3720
2026-08-25 10:47:00+05:30,23775.632267074874,23776.558508631053,23772.05256665678,23772.56851998723,3961
2026-08-25 10:48:00+05:30,23772.56851998723,23776.81427683669,23771.488662594875,23776.4217182375,3807
2026-08-25 10:49:00+05:30,23776.4217182375,23777.50567774084,23771.907274176396,23772.532414125115,4289
2026-08-25 10:50:00+05:30,23772.532414125115,23774.239681043895,23771.066475035408,23771.082904407962,5586
2026-08-25 10:51:00+05:30,23771.082904407962,23772.41797760366,23768.635334433446,23769.09364252241,2197
2026-08-25 10:52:00+05:30,23769.09364252241,23772.154150761133,23768.91186331008,23771.85254911922,5557
2026-08-25 10:53:00+05:30,23771.85254911922,23775.46124413295,23771.528062834223,23772.689247359467,4251
2026-08-25 10:54:00+05:30,23772.689247359467,23773.538106246946,23770.389329203364,23771.54461361196,2425
2026-08-25 10:55:00+05:30,23771.54461361196,23772.054194184133,23770.38476300906,23771.41922704333,4228
2026-08-25 10:56:00+05:30,23771.41922704333,23771.67689268244,23769.96231323096,23771.371386123265,3656
2026-08-25 10:57:00+05:30,23771.371386123265,23771.98518242213,23768.864417305547,23771.143643333657,2609
2026-08-25 10:58:00+05:30,23771.143643333657,23773.154636345782,23767.767549850672,23768.666067270486,2947
2026-08-25 10:59:00+05:30,23768.666067270486,23770.093316681614,23768.05846031367,23768.415807743568,1964
2026-08-25 11:00:00+05:30,23768.415807743568,23770.22917358796,23767.59569483023,23768.290540063794,5104
2026-08-25 11:01:00+05:30,23768.290540063794,23769.26517816535,23767.11988858277,23768.434255563134,734
2026-08-25 11:02:00+05:30,23768.434255563134,23768.76874895222,23766.351539114952,23767.69838363286,4420
2026-08-25 11:03:00+05:30,23767.69838363286,23767.88190807665,23765.674882722997,23765.82788296652,3025
2026-08-25 11:04:00+05:30,23765.82788296652,23771.330831902298,23765.485510137467,23770.13185847405,5359
2026-08-25 11:05:00+05:30,23770.13185847405,23770.732878438543,23768.662731165623,23769.31243840471,3651
2026-08-25 11:06:00+05:30,23769.31243840471,23769.55721689876,23766.572936411234,23767.457133112934,1105
2026-08-25 11:07:00+05:30,23767.457133112934,23767.710856896705,23764.479532335674,23767.26578155288,2718
2026-08-25 11:08:00+05:30,23767.26578155288,23769.575460565316,23763.976308758145,23765.165272447884,5062
2026-08-25 11:09:00+05:30,23765.165272447884,23765.25144939246,23762.748879050407,23763.531200119713,5884
2026-08-25 11:10:00+05:30,23763.531200119713,23769.650311081718,23763.479466671208,23767.91379837926,3858
2026-08-25 11:11:00+05:30,23767.91379837926,23770.172381962486,23766.291569587633,23768.81624661463,3971
2026-08-25 11:12:00+05:30,23768.81624661463,23773.13081675431,23766.572773855263,23771.534018402745,3830
2026-08-25 11:13:00+05:30,23771.534018402745,23777.61712139469,23771.38626061514,23776.896983797717,5934
2026-08-25 11:14:00+05:30,23776.896983797717,23779.921620315,23774.804138806514,23774.96767917602,2434
2026-08-25 11:15:00+05:30,23774.96767917602,23777.428406909137,23770.766753897442,23771.286813751434,5845
2026-08-25 11:16:00+05:30,23771.286813751434,23772.896985565938,23770.629825369993,23771.27368705546,5736
2026-08-25 11:17:00+05:30,23771.27368705546,23774.084480090667,23770.648849067922,23772.648109274447,4965
2026-08-25 11:18:00+05:30,23772.648109274447,23776.21323760337,23772.30538145506,23775.896861125417,1365
2026-08-25 11:19:00+05:30,23775.896861125417,23777.69406103694,23772.0525714978,23772.167287534623,5468
2026-08-25 11:20:00+05:30,23772.167287534623,23774.255531304992,23771.12916301187,23773.63077397128,4455
2026-08-25 11:21:00+05:30,23773.63077397128,23776.121256043894,23771.497244268423,23774.718090097227,3916
2026-08-25 11:22:00+05:30,23774.718090097227,23775.995575841775,23772.61159828818,23774.9645607795,3029
2026-08-25 11:23:00+05:30,23774.9645607795,23778.503985318544,23769.499062358795,23770.577656967052,4299
2026-08-25 11:24:00+05:30,23770.577656967052,23771.217163326288,23769.248127601764,23770.11066287656,4993
2026-08-25 11:25:00+05:30,23770.11066287656,23773.339055780198,23769.77921554364,23771.95301011476,960
2026-08-25 11:26:00+05:30,23771.95301011476,23773.194337049008,23768.280510391116,23771.301135229223,3430
2026-08-25 11:27:00+05:30,23771.301135229223,23772.397230577215,23768.72097369945,23770.50230851281,4399
2026-08-25 11:28:00+05:30,23770.50230851281,23770.72096355865,23769.802696739134,23770.051159950384,4154
2026-08-25 11:29:00+05:30,23770.051159950384,23770.09992759382,23769.054412488447,23769.081224465514,5577
2026-08-25 11:30:00+05:30,23769.081224465514,23772.892493242758,23768.490129611782,23772.02213845437,980
2026-08-25 11:31:00+05:30,23772.02213845437,23774.165486132173,23771.806275879306,23773.17293568384,1160
2026-08-25 11:32:00+05:30,23773.17293568384,23775.56117061239,23769.958327455184,23771.25953871116,3785
2026-08-25 11:33:00+05:30,23771.25953871116,23771.302975613762,23769.43336843591,23770.298890759124,4554
2026-08-25 11:34:00+05:30,23770.298890759124,23770.89286289356,23769.690369506832,23770.180568702333,3292
2026-08-25 11:35:00+05:30,23770.180568702333,23772.39142544805,23768.094571368707,23772.065298511865,1379
2026-08-25 11:36:00+05:30,23772.065298511865,23773.65534104637,23771.860695469262,23772.064219152133,5724
2026-08-25 11:37:00+05:30,23772.064219152133,23773.92409704502,23769.29896129104,23769.443505237443,4160
2026-08-25 11:38:00+05:30,23769.443505237443,23770.442951433215,23765.448158206964,23766.810292865306,3454
2026-08-25 11:39:00+05:30,23766.810292865306,23768.458870511848,23765.446011644388,23765.545397981365,5284
2026-08-25 11:40:00+05:30,23765.545397981365,23765.570159387476,23759.40660386897,23760.711292527147,1234
2026-08-25 11:41:00+05:30,23760.711292527147,23762.264207602926,23759.46495217259,23762.042446784064,5728
2026-08-25 11:42:00+05:30,23762.042446784064,23763.450474820238,23760.381283087685,23761.45257602593,1686
2026-08-25 11:43:00+05:30,23761.45257602593,23762.54337943426,23761.148483412377,23762.196986581283,4080
2026-08-25 11:44:00+05:30,23762.196986581283,23765.6502190669,23760.474422315212,23765.070593384804,5268
2026-08-25 11:45:00+05:30,23765.070593384804,23765.740684706136,23762.326051178192,23762.726957129045,1390
2026-08-25 11:46:00+05:30,23762.726957129045,23763.448567809908,23761.513890741622,23763.28273414558,3993
2026-08-25 11:47:00+05:30,23763.28273414558,23767.945529114182,23762.512478519922,23766.693263736266,5105
2026-08-25 11:48:00+05:30,23766.693263736266,23769.19687561173,23766.32055357813,23767.23209318174,2262
2026-08-25 11:49:00+05:30,23767.23209318174,23768.19607661893,23763.587629543956,23764.750778065678,2943
2026-08-25 11:50:00+05:30,23764.750778065678,23765.170262827978,23759.558510637355,23762.433099725302,5706
2026-08-25 11:51:00+05:30,23762.433099725302,23764.678994262526,23759.800840528216,23764.469849707475,3385
2026-08-25 11:52:00+05:30,23764.469849707475,23765.58950990138,23760.53025457664,23761.117758413857,2762
2026-08-25 11:53:00+05:30,23761.117758413857,23761.175233055976,23760.043341010558,23760.61980697777,1275
2026-08-25 11:54:00+05:30,23760.61980697777,23762.421951987973,23760.5013439137,23761.398654612047,1875
2026-08-25 11:55:00+05:30,23761.398654612047,23761.886812902576,23759.49270454528,23759.916349721094,5106
2026-08-25 11:56:00+05:30,23759.916349721094,23760.41533093269,23756.22047379815,23756.804731427717,3592
2026-08-25 11:57:00+05:30,23756.804731427717,23758.632407264166,23755.939382007524,23757.384375591224,3237
2026-08-25 11:58:00+05:30,23757.384375591224,23759.56591631973,23756.162485551264,23757.152566587636,623
2026-08-25 11:59:00+05:30,23757.152566587636,23758.255571908063,23756.10693268332,23756.700443315487,2369
2026-08-25 12:00:00+05:30,23756.700443315487,23760.01109129361,23754.18961133599,23757.513851580945,4676
2026-08-25 12:01:00+05:30,23757.513851580945,23758.93923286518,23755.62191781866,23758.23158665847,3674
2026-08-25 12:02:00+05:30,23758.23158665847,23760.292422638027,23755.402808766758,23755.45861368574,2788
2026-08-25 12:03:00+05:30,23755.45861368574,23755.820263903825,23751.42815904709,23753.171743707793,4778
2026-08-25 12:04:00+05:30,23753.171743707793,23754.510594217256,23751.95899662067,23752.39145945915,4681
2026-08-25 12:05:00+05:30,23752.39145945915,23754.136383700923,23751.559109849924,23751.746848532843,2774
2026-08-25 12:06:00+05:30,23751.746848532843,23753.639317185367,23751.51048988667,23753.414682035367,2603
2026-08-25 12:07:00+05:30,23753.414682035367,23755.041617803363,23751.001714014063,23754.05058610586,3135
2026-08-25 12:08:00+05:30,23754.05058610586,23756.251998085947,23752.04358870677,23752.133891475143,3624
2026-08-25 12:09:00+05:30,23752.133891475143,23752.55988991291,23748.210047855402,23750.108811006365,5555
2026-08-25 12:10:00+05:30,23750.108811006365,23750.665303416794,23749.623783193103,23750.238303589864,4869
2026-08-25 12:11:00+05:30,23750.238303589864,23752.774929143354,23747.018183693184,23747.7269829084,4906
2026-08-25 12:12:00+05:30,23747.7269829084,23752.01222919487,23746.780300190985,23750.662830695434,3948
2026-08-25 12:13:00+05:30,23750.662830695434,23752.632429385205,23750.27748421987,23752.566830063843,3746
2026-08-25 12:14:00+05:30,23752.566830063843,23758.08599288511,23751.566168271984,23757.275506349724,2024
2026-08-25 12:15:00+05:30,23757.275506349724,23760.140178653703,23756.92895271077,23758.77719813652,5440
2026-08-25 12:16:00+05:30,23758.77719813652,23759.92894604133,23753.874703433983,23754.042445908744,2011
2026-08-25 12:17:00+05:30,23754.042445908744,23754.21602089156,23753.63721382065,23753.846496475708,4891
2026-08-25 12:18:00+05:30,23753.846496475708,23757.970908189553,23752.601498607142,23757.593477780065,5517
2026-08-25 12:19:00+05:30,23757.593477780065,23757.77606579447,23754.477822546367,23755.055226197925,925
2026-08-25 12:20:00+05:30,23755.055226197925,23756.00985820039,23753.988916985236,23754.55972130179,2120
2026-08-25 12:21:00+05:30,23754.55972130179,23755.826604852933,23747.903752632763,23750.272941607982,5346
2026-08-25 12:22:00+05:30,23750.272941607982,23750.49254229304,23749.46516924711,23750.114435686428,4838
2026-08-25 12:23:00+05:30,23750.114435686428,23755.525046173574,23749.282265419926,23754.718079101112,2962
2026-08-25 12:24:00+05:30,23754.718079101112,23756.2362182212,23752.49765376023,23752.540786758516,2247
2026-08-25 12:25:00+05:30,23752.540786758516,23754.214410796827,23749.86792826305,23753.96891466051,2633
2026-08-25 12:26:00+05:30,23753.96891466051,23754.14646902875,23750.97209779352,23752.53979068692,2726
2026-08-25 12:27:00+05:30,23752.53979068692,23753.4376219099,23748.018909938484,23749.419296447308,3048
2026-08-25 12:28:00+05:30,23749.419296447308,23749.95121294074,23748.89934949828,23749.91599859041,1226
2026-08-25 12:29:00+05:30,23749.91599859041,23753.093339364277,23747.164721953974,23751.652219593958,718
2026-08-25 12:30:00+05:30,23751.652219593958,23752.726413155633,23750.542357318744,23751.47983541246,4500
2026-08-25 12:31:00+05:30,23751.47983541246,23755.183635060825,23751.454881200054,23754.09303158649,1960
2026-08-25 12:32:00+05:30,23754.09303158649,23756.844463462447,23753.902280929316,23756.176885684967,5519
2026-08-25 12:33:00+05:30,23756.176885684967,23757.75632266964,23755.330324678544,23757.642577196795,2036
2026-08-25 12:34:00+05:30,23757.642577196795,23758.52409909898,23752.97154433658,23755.40508768236,3078
2026-08-25 12:35:00+05:30,23755.40508768236,23756.552731456162,23753.942175425233,23755.135215204326,1753
2026-08-25 12:36:00+05:30,23755.135215204326,23757.068475150685,23753.74810756882,23756.926136579263,5716
2026-08-25 12:37:00+05:30,23756.926136579263,23757.408098523076,23756.875990652105,23757.193344457846,2210
2026-08-25 12:38:00+05:30,23757.193344457846,23758.163407389606,23754.744095114413,23755.26376888988,2246
2026-08-25 12:39:00+05:30,23755.26376888988,23757.987585562078,23753.23834029147,23756.594720028126,2723
2026-08-25 12:40:00+05:30,23756.594720028126,23758.078741943315,23752.310044807356,23753.72899353108,2880
2026-08-25 12:41:00+05:30,23753.72899353108,23754.38700246236,23751.25646805962,23751.994107912884,3407
2026-08-25 12:42:00+05:30,23751.994107912884,23751.99984118066,23748.13823103926,23748.241522563596,3913
2026-08-25 12:43:00+05:30,23748.241522563596,23749.652137575034,23747.940222599264,23749.195025939167,2464
2026-08-25 12:44:00+05:30,23749.195025939167,23749.794106511257,23749.030192444534,23749.47839407847,613
2026-08-25 12:45:00+05:30,23749.47839407847,23751.711874312907,23748.31053698238,23750.31638215353,4947
2026-08-25 12:46:00+05:30,23750.31638215353,23752.109664941392,23749.411362859144,23750.519386263204,4256
2026-08-25 12:47:00+05:30,23750.519386263204,23753.306946592773,23749.530532639503,23752.087924909054,2313
2026-08-25 12:48:00+05:30,23752.087924909054,23755.52676865474,23750.996360930072,23754.44584032966,584
2026-08-25 12:49:00+05:30,23754.44584032966,23755.460175878456,23752.2916605896,23752.97717084009,4814
2026-08-25 12:50:00+05:30,23752.97717084009,23753.99597704844,23752.36977563187,23753.84957776981,5684
2026-08-25 12:51:00+05:30,23753.84957776981,23754.087841309836,23753.537954710137,23753.96602631269,1278
2026-08-25 12:52:00+05:30,23753.96602631269,23754.770384698455,23751.457117813574,23751.763217764554,2118
2026-08-25 12:53:00+05:30,23751.763217764554,23756.724382738797,23751.218123271647,23755.41193450458,2357
2026-08-25 12:54:00+05:30,23755.41193450458,23758.853893808253,23753.139377153988,23757.898514919852,657
2026-08-25 12:55:00+05:30,23757.898514919852,23760.707820845335,23755.883988457314,23759.8351644152,5706
2026-08-25 12:56:00+05:30,23759.8351644152,23760.67457241597,23757.027240008167,23758.773969692513,3511
2026-08-25 12:57:00+05:30,23758.773969692513,23763.251333229095,23757.875580537817,23762.41645168729,1258
2026-08-25 12:58:00+05:30,23762.41645168729,23766.06678410546,23761.510143485757,23765.165554223982,2852
2026-08-25 12:59:00+05:30,23765.165554223982,23766.409882271244,23764.186613634807,23764.311133219777,3244
2026-08-25 13:00:00+05:30,23764.311133219777,23766.54308583088,23762.81177247544,23764.235851061367,5582
2026-08-25 13:01:00+05:30,23764.235851061367,23764.940399942636,23763.744925418316,23763.9119671641,3998
2026-08-25 13:02:00+05:30,23763.9119671641,23765.046385507478,23763.010039596735,23764.887569272447,3899
2026-08-25 13:03:00+05:30,23764.887569272447,23765.817359976834,23764.785704623857,23765.044788181174,1978
2026-08-25 13:04:00+05:30,23765.044788181174,23768.737105922555,23764.642309303512,23768.078246244957,1567
2026-08-25 13:05:00+05:30,23768.078246244957,23770.046102170716,23765.964757932987,23769.034353527048,967
2026-08-25 13:06:00+05:30,23769.034353527048,23770.97279042504,23767.96035997046,23770.276014497063,1904
2026-08-25 13:07:00+05:30,23770.276014497063,23772.243918769655,23769.95580974697,23771.46166739452,5962
2026-08-25 13:08:00+05:30,23771.46166739452,23771.761599463676,23768.955252904303,23769.923570471055,896
2026-08-25 13:09:00+05:30,23769.923570471055,23773.248794690826,23768.754126128326,23772.733243381495,4715
2026-08-25 13:10:00+05:30,23772.733243381495,23773.871883482552,23767.922342385347,23771.56099532594,855
2026-08-25 13:11:00+05:30,23771.56099532594,23773.736068407456,23769.057316580638,23769.18953058072,5432
2026-08-25 13:12:00+05:30,23769.18953058072,23772.189832414795,23767.148940410632,23770.73285298263,1495
2026-08-25 13:13:00+05:30,23770.73285298263,23772.478549085892,23768.33090646494,23769.00990172677,5287
2026-08-25 13:14:00+05:30,23769.00990172677,23769.51917751453,23766.35897051644,23768.314082821315,1319
2026-08-25 13:15:00+05:30,23768.314082821315,23770.693238100805,23766.716910012932,23767.54955667115,627
2026-08-25 13:16:00+05:30,23767.54955667115,23769.615832213905,23767.317966545474,23768.29112530032,3188
2026-08-25 13:17:00+05:30,23768.29112530032,23768.958360177672,23766.24267510866,23767.892866712653,597
2026-08-25 13:18:00+05:30,23767.892866712653,23769.161499514346,23767.34544270176,23768.21857097606,1272
2026-08-25 13:19:00+05:30,23768.21857097606,23772.443513305276,23763.986219134917,23772.354690904856,2338
2026-08-25 13:20:00+05:30,23772.354690904856,23774.080473490034,23770.905097683088,23772.738921235316,5284
2026-08-25 13:21:00+05:30,23772.738921235316,23773.559515356214,23767.82731873189,23768.615070865926,1974
2026-08-25 13:22:00+05:30,23768.615070865926,23772.209755439955,23768.055384032672,23771.39636449842,3643
2026-08-25 13:23:00+05:30,23771.39636449842,23772.96790270633,23768.47114677938,23769.529535994065,1615
2026-08-25 13:24:00+05:30,23769.529535994065,23769.6228806273,23766.432855767027,23767.094648261445,3733
2026-08-25 13:25:00+05:30,23767.094648261445,23768.138613910643,23764.300379664783,23766.38972806689,4516
2026-08-25 13:26:00+05:30,23766.38972806689,23766.728266429145,23766.368899252157,23766.65268263245,4814
2026-08-25 13:27:00+05:30,23766.65268263245,23767.204057076946,23762.186885734172,23765.5794828147,3607
2026-08-25 13:28:00+05:30,23765.5794828147,23765.850943283574,23763.88759206316,23765.241278501366,3589
2026-08-25 13:29:00+05:30,23765.241278501366,23765.947025197194,23762.942836155205,23763.037938872458,4413
2026-08-25 13:30:00+05:30,23763.037938872458,23764.406733484797,23762.591681933507,23764.04741072392,3759
2026-08-25 13:31:00+05:30,23764.04741072392,23764.76991626834,23763.163914878198,23764.73224117871,4712
2026-08-25 13:32:00+05:30,23764.73224117871,23767.19200588653,23760.013527354833,23760.904903456994,3475
2026-08-25 13:33:00+05:30,23760.904903456994,23763.479921263646,23760.477774840616,23762.939618507025,2610
2026-08-25 13:34:00+05:30,23762.939618507025,23763.4566295506,23759.09677614061,23760.799059798945,609
2026-08-25 13:35:00+05:30,23760.799059798945,23762.668706031855,23757.59932798855,23758.029637884774,2259
2026-08-25 13:36:00+05:30,23758.029637884774,23760.201682401403,23756.1688774139,23759.58079704227,3810
2026-08-25 13:37:00+05:30,23759.58079704227,23762.84170371154,23758.777265977107,23760.4951673777,1499
2026-08-25 13:38:00+05:30,23760.4951673777,23760.62472492834,23755.388903863317,23756.46033903068,4222
2026-08-25 13:39:00+05:30,23756.46033903068,23756.716002530895,23755.426520536672,23755.625606005837,3861
2026-08-25 13:40:00+05:30,23755.625606005837,23756.937869489313,23752.782131720356,23756.538451879824,3013
2026-08-25 13:41:00+05:30,23756.538451879824,23757.132433781517,23753.092869361808,23754.463615734043,5215
2026-08-25 13:42:00+05:30,23754.463615734043,23754.91508564145,23748.551513493596,23749.56766925541,5379
2026-08-25 13:43:00+05:30,23749.56766925541,23750.323252593564,23747.67900932004,23748.532676245475,1772
2026-08-25 13:44:00+05:30,23748.532676245475,23750.963576026817,23747.510898837347,23750.959146032525,5179
2026-08-25 13:45:00+05:30,23750.959146032525,23752.80084139827,23750.677332894193,23751.432226854384,4694
2026-08-25 13:46:00+05:30,23751.432226854384,23753.881168865224,23749.619203351624,23753.22386347948,4411
2026-08-25 13:47:00+05:30,23753.22386347948,23755.465226829885,23752.660035038047,23754.183699030636,2934
2026-08-25 13:48:00+05:30,23754.183699030636,23755.936990755876,23753.491904473904,23754.79986067645,3142
2026-08-25 13:49:00+05:30,23754.79986067645,23757.90928938591,23754.675535845367,23755.95532163306,4165
2026-08-25 13:50:00+05:30,23755.95532163306,23756.011305997883,23754.261762508853,23755.2686236578,2044
2026-08-25 13:51:00+05:30,23755.2686236578,23759.78121378966,23754.031808998992,23759.46484891864,5451
2026-08-25 13:52:00+05:30,23759.46484891864,23763.111776948685,23759.165543964365,23762.66265188895,4569
2026-08-25 13:53:00+05:30,23762.66265188895,23763.07989369777,23760.924439353264,23762.90843264372,740
2026-08-25 13:54:00+05:30,23762.90843264372,23765.63571585941,23761.11627045748,23765.004491463256,2010
2026-08-25 13:55:00+05:30,23765.004491463256,23766.212017605998,23758.684611389028,23760.57411711089,2126
2026-08-25 13:56:00+05:30,23760.57411711089,23761.751690935555,23755.60718082834,23758.254049797353,5636
2026-08-25 13:57:00+05:30,23758.254049797353,23760.271052985372,23755.534380259625,23758.05208481534,877
2026-08-25 13:58:00+05:30,23758.05208481534,23758.434050710915,23756.06545837471,23757.161441268683,1851
2026-08-25 13:59:00+05:30,23757.161441268683,23759.265069826793,23756.226245982296,23757.77340621489,5606
2026-08-25 14:00:00+05:30,23757.77340621489,23759.80354662092,23757.20211893028,23757.466507113077,2176
2026-08-25 14:01:00+05:30,23757.466507113077,23762.434587717442,23756.866099638723,23760.981311023697,1108
2026-08-25 14:02:00+05:30,23760.981311023697,23761.61656920906,23757.781248088464,23758.998650310798,1027
2026-08-25 14:03:00+05:30,23758.998650310798,23759.648740466902,23757.619798705495,23758.411526525757,3558
2026-08-25 14:04:00+05:30,23758.411526525757,23763.341891271797,23758.27516286653,23762.269624675675,2344
2026-08-25 14:05:00+05:30,23762.269624675675,23765.572924906475,23761.34095368607,23764.604513333474,3480
2026-08-25 14:06:00+05:30,23764.604513333474,23766.920444025272,23762.715717452524,23765.926085556286,720
2026-08-25 14:07:00+05:30,23765.926085556286,23769.2079092749,23761.71033919164,23765.12309890041,659
2026-08-25 14:08:00+05:30,23765.12309890041,23769.528453146107,23764.361937190206,23768.98228229094,4508
2026-08-25 14:09:00+05:30,23768.98228229094,23769.25334335224,23768.60924861957,23769.25308516625,5031
2026-08-25 14:10:00+05:30,23769.25308516625,23769.953288014767,23768.456376105532,23768.96584012619,2488
2026-08-25 14:11:00+05:30,23768.96584012619,23770.531985864673,23766.962236908083,23769.565901546128,603
2026-08-25 14:12:00+05:30,23769.565901546128,23770.982192861564,23768.06765264042,23768.795245693258,1427
2026-08-25 14:13:00+05:30,23768.795245693258,23771.75516360955,23767.78201836151,23769.590799347625,4112
2026-08-25 14:14:00+05:30,23769.590799347625,23770.032222335707,23766.907265460395,23767.532718676528,5124
2026-08-25 14:15:00+05:30,23767.532718676528,23770.00552413285,23764.070403744456,23766.232507446388,5916
2026-08-25 14:16:00+05:30,23766.232507446388,23767.39235292038,23764.589484947737,23766.377697190797,4294
2026-08-25 14:17:00+05:30,23766.377697190797,23767.41467743357,23763.83365898126,23763.983949897993,2918
2026-08-25 14:18:00+05:30,23763.983949897993,23765.436407908113,23762.20987394168,23762.438802030076,2109
2026-08-25 14:19:00+05:30,23762.438802030076,23765.232729861757,23761.841962644376,23763.284612672178,4711
2026-08-25 14:20:00+05:30,23763.284612672178,23766.60115210212,23760.93884657819,23761.376486397476,3394
2026-08-25 14:21:00+05:30,23761.376486397476,23763.491736769603,23760.750097376305,23761.1220658485,4650
2026-08-25 14:22:00+05:30,23761.1220658485,23762.852649730943,23760.275386535803,23761.33033753891,586
2026-08-25 14:23:00+05:30,23761.33033753891,23763.228714119537,23758.927502897484,23759.142293683646,5700
2026-08-25 14:24:00+05:30,23759.142293683646,23759.65592650487,23756.92606011936,23757.34779829571,5160
2026-08-25 14:25:00+05:30,23757.34779829571,23758.10933191589,23754.002006319053,23754.933170025975,1057
2026-08-25 14:26:00+05:30,23754.933170025975,23755.598145680233,23754.319208829198,23754.669713568535,4268
2026-08-25 14:27:00+05:30,23754.669713568535,23754.965817832617,23750.49529842509,23752.066096840656,5504
2026-08-25 14:28:00+05:30,23752.066096840656,23753.744836691123,23750.857749871822,23751.576270366113,5190
2026-08-25 14:29:00+05:30,23751.576270366113,23753.736048472096,23751.038789440536,23752.162070843453,1723
2026-08-25 14:30:00+05:30,23752.162070843453,23754.36351883766,23750.73172684797,23752.588769316277,1536
2026-08-25 14:31:00+05:30,23752.588769316277,23752.989269229238,23749.235256158063,23751.00267846544,4173
2026-08-25 14:32:00+05:30,23751.00267846544,23753.859973153918,23749.82454429252,23752.320367048054,4751
2026-08-25 14:33:00+05:30,23752.320367048054,23752.66698972581,23749.52121271244,23750.629245497614,2582
2026-08-25 14:34:00+05:30,23750.629245497614,23754.758586016633,23750.58619190167,23753.563924593607,4741
2026-08-25 14:35:00+05:30,23753.563924593607,23755.748092862177,23751.3209156716,23752.111328292805,1800
2026-08-25 14:36:00+05:30,23752.111328292805,23752.251077770667,23746.620957980733,23746.819092741825,702
2026-08-25 14:37:00+05:30,23746.819092741825,23748.000304749617,23745.42413298092,23746.168298354565,4737
2026-08-25 14:38:00+05:30,23746.168298354565,23747.590598195577,23742.723922899128,23742.739773257603,5310
2026-08-25 14:39:00+05:30,23742.739773257603,23746.297539116906,23742.537279272845,23745.988921571334,3916
2026-08-25 14:40:00+05:30,23745.988921571334,23746.522953863972,23743.612354618755,23743.837683754307,2844
2026-08-25 14:41:00+05:30,23743.837683754307,23744.936347793864,23740.60045098447,23741.39990436283,4766
2026-08-25 14:42:00+05:30,23741.39990436283,23744.663923804066,23740.5624387328,23743.10417667952,3643
2026-08-25 14:43:00+05:30,23743.10417667952,23743.501474404617,23740.573808631212,23741.121187204484,5506
2026-08-25 14:44:00+05:30,23741.121187204484,23741.5135616556,23736.903373663874,23737.484806452252,2886
2026-08-25 14:45:00+05:30,23737.484806452252,23738.971838087495,23732.276694244247,23732.852773388975,584
2026-08-25 14:46:00+05:30,23732.852773388975,23733.871035701097,23730.601220161876,23731.72261912266,4377
2026-08-25 14:47:00+05:30,23731.72261912266,23732.80895244698,23726.61905995124,23727.314534136673,1622
2026-08-25 14:48:00+05:30,23727.314534136673,23729.47155912242,23724.816079864642,23728.43300154846,653
2026-08-25 14:49:00+05:30,23728.43300154846,23729.334907652006,23726.884355107544,23726.947846002495,5823
2026-08-25 14:50:00+05:30,23726.947846002495,23728.915962557876,23723.69537733075,23724.157359203546,5095
2026-08-25 14:51:00+05:30,23724.157359203546,23729.057906041744,23723.97482437567,23726.24782456371,1439
2026-08-25 14:52:00+05:30,23726.24782456371,23726.401321258323,23724.33343597965,23724.86942948284,3858
2026-08-25 14:53:00+05:30,23724.86942948284,23725.503335789224,23722.694392318732,23723.78672305037,1757
2026-08-25 14:54:00+05:30,23723.78672305037,23725.342296256204,23722.36232691209,23722.429386062704,1446
2026-08-25 14:55:00+05:30,23722.429386062704,23725.4318632425,23718.358019980205,23721.233354869408,1864
2026-08-25 14:56:00+05:30,23721.233354869408,23724.24090513281,23720.776930207783,23721.29403929649,1738
2026-08-25 14:57:00+05:30,23721.29403929649,23721.5152514473,23718.126801077105,23719.29609405267,4853
2026-08-25 14:58:00+05:30,23719.29609405267,23719.706168537192,23719.013031700913,23719.432427059728,4356
2026-08-25 14:59:00+05:30,23719.432427059728,23721.798815767914,23719.28918406844,23720.644085999393,690
2026-08-25 15:00:00+05:30,23720.644085999393,23721.459927622767,23720.24823884536,23721.274125191514,4463
2026-08-25 15:01:00+05:30,23721.274125191514,23723.982954123127,23720.460534448513,23723.90694047586,3500
2026-08-25 15:02:00+05:30,23723.90694047586,23724.131582844213,23721.811736296582,23722.268032087806,3524
2026-08-25 15:03:00+05:30,23722.268032087806,23722.788062593576,23721.823810987586,23722.43107442453,551
2026-08-25 15:04:00+05:30,23722.43107442453,23724.552503762283,23721.934665701257,23723.771332782155,3739
2026-08-25 15:05:00+05:30,23723.771332782155,23728.40082714574,23722.033944611638,23726.00249328958,5605
2026-08-25 15:06:00+05:30,23726.00249328958,23729.879049615265,23724.44672637626,23729.17957421267,2216
2026-08-25 15:07:00+05:30,23729.17957421267,23730.760699940518,23728.913152701214,23730.676119398828,4444
2026-08-25 15:08:00+05:30,23730.676119398828,23731.740691882773,23727.3693382943,23727.914385252352,4854
2026-08-25 15:09:00+05:30,23727.914385252352,23729.410891016607,23727.133124218482,23727.937727736185,2632
2026-08-25 15:10:00+05:30,23727.937727736185,23731.14397078903,23727.717833674564,23730.780014769167,5724
2026-08-25 15:11:00+05:30,23730.780014769167,23731.59288047293,23725.434744193473,23725.563385588717,3827
2026-08-25 15:12:00+05:30,23725.563385588717,23729.36088890817,23723.995507620228,23728.227348295728,1475
2026-08-25 15:13:00+05:30,23728.227348295728,23729.156221986843,23726.553286628838,23726.60889623586,2317
2026-08-25 15:14:00+05:30,23726.60889623586,23727.16509470027,23724.42544459568,23725.40439519308,5646
2026-08-25 15:15:00+05:30,23725.40439519308,23729.476571899308,23724.61281080668,23728.149586977976,4658
2026-08-25 15:16:00+05:30,23728.149586977976,23732.395460376792,23726.76315482604,23731.578994967815,3228
2026-08-25 15:17:00+05:30,23731.578994967815,23734.066251173954,23730.556127522406,23732.911048387057,5088
2026-08-25 15:18:00+05:30,23732.911048387057,23734.837384844443,23732.537467933234,23732.933791139185,5239
2026-08-25 15:19:00+05:30,23732.933791139185,23735.245895383403,23732.415015191436,23733.72084875481,2187
2026-08-25 15:20:00+05:30,23733.72084875481,23738.178299294086,23733.58830053007,23737.703194113863,2442
2026-08-25 15:21:00+05:30,23737.703194113863,23737.972626382034,23736.59364867246,23737.241510396037,1352
2026-08-25 15:22:00+05:30,23737.241510396037,23741.99712412998,23736.242598221746,23741.440029679325,617
2026-08-25 15:23:00+05:30,23741.440029679325,23742.02473815165,23740.45036423664,23741.198458068757,3657
2026-08-25 15:24:00+05:30,23741.198458068757,23742.924660823082,23739.160954651947,23740.353859410465,1287
2026-08-25 15:25:00+05:30,23740.353859410465,23742.740871681206,23740.203434332663,23740.42769375194,5733
2026-08-25 15:26:00+05:30,23740.42769375194,23742.537609810108,23740.145026681956,23741.779429206345,2056
2026-08-25 15:27:00+05:30,23741.779429206345,23744.223234102876,23739.8782263137,23742.133094326546,5916
2026-08-25 15:28:00+05:30,23742.133094326546,23743.411501293926,23737.925108026076,23739.143070439084,5832
2026-08-25 15:29:00+05:30,23739.143070439084,23739.53348253833,23736.153444525095,23737.51887157798,2556
2026-08-26 09:15:00+05:30,23737.51887157798,23737.76072186124,23736.889667949108,23737.000067280496,4580
2026-08-26 09:16:00+05:30,23737.000067280496,23741.60076450974,23736.733058039033,23741.269953049894,4833
2026-08-26 09:17:00+05:30,23741.269953049894,23745.89577371223,23740.97025621236,23744.348105849705,2738
2026-08-26 09:18:00+05:30,23744.348105849705,23746.012814696325,23743.91910846933,23745.51199433223,1926
2026-08-26 09:19:00+05:30,23745.51199433223,23750.050357158412,23744.97488804432,23747.704236831458,5313
2026-08-26 09:20:00+05:30,23747.704236831458,23750.380477860734,23747.497946740048,23750.218935791076,5295
2026-08-26 09:21:00+05:30,23750.218935791076,23754.422623843268,23749.19291587996,23753.318015466823,3999
2026-08-26 09:22:00+05:30,23753.318015466823,23756.297818864456,23752.684785413076,23755.903630405606,1845
2026-08-26 09:23:00+05:30,23755.903630405606,23756.08707513659,23752.695009456194,23753.01065723003,1264
2026-08-26 09:24:00+05:30,23753.01065723003,23753.515098467262,23747.667279122248,23749.407851601216,5906
2026-08-26 09:25:00+05:30,23749.407851601216,23752.02157269808,23745.410142806268,23746.908361573576,2414
2026-08-26 09:26:00+05:30,23746.908361573576,23747.886676659895,23745.55158173579,23746.850084046448,3180
2026-08-26 09:27:00+05:30,23746.850084046448,23752.860500129536,23745.94471212985,23752.636572278978,1408
2026-08-26 09:28:00+05:30,23752.636572278978,23754.04860128338,23751.30367610828,23752.29728014908,2653
2026-08-26 09:29:00+05:30,23752.29728014908,23752.500501961284,23751.54030101056,23751.816734272743,1576
2026-08-26 09:30:00+05:30,23751.816734272743,23752.354397220344,23751.169223533583,23751.94882010725,5889
2026-08-26 09:31:00+05:30,23751.94882010725,23752.925615709366,23750.90206446775,23752.88143344167,4954
2026-08-26 09:32:00+05:30,23752.88143344167,23754.259818185703,23752.341190669842,23752.938440813185,1998
2026-08-26 09:33:00+05:30,23752.938440813185,23754.624549454078,23747.92960906701,23748.05108179484,5242
2026-08-26 09:34:00+05:30,23748.05108179484,23751.69200709275,23747.884776158877,23749.92504855991,5510
2026-08-26 09:35:00+05:30,23749.92504855991,23751.29195976295,23748.470460021206,23749.83693428462,5924
2026-08-26 09:36:00+05:30,23749.83693428462,23751.09523899903,23749.32803122313,23750.873817582662,2507
2026-08-26 09:37:00+05:30,23750.873817582662,23750.906988730247,23750.081118094775,23750.82565880525,4724
2026-08-26 09:38:00+05:30,23750.82565880525,23753.37781339736,23750.02119092748,23752.07624686932,778
2026-08-26 09:39:00+05:30,23752.07624686932,23753.391750891013,23750.061849149326,23751.580060779102,5961
2026-08-26 09:40:00+05:30,23751.580060779102,23752.247418587038,23747.194244083228,23747.37843088087,513
2026-08-26 09:41:00+05:30,23747.37843088087,23747.984729598407,23742.431482016025,23744.703700375157,2248
2026-08-26 09:42:00+05:30,23744.703700375157,23746.635215729624,23744.308383154144,23744.884480019944,1072
2026-08-26 09:43:00+05:30,23744.884480019944,23746.056385570868,23739.72872314905,23740.15507729668,819
2026-08-26 09:44:00+05:30,23740.15507729668,23742.301845231334,23739.872679023112,23741.538210618888,5390
2026-08-26 09:45:00+05:30,23741.538210618888,23741.997940736022,23738.50207851395,23739.98548045262,1218
2026-08-26 09:46:00+05:30,23739.98548045262,23742.532560100444,23739.456504819897,23741.00218805743,2233
2026-08-26 09:47:00+05:30,23741.00218805743,23741.087362562997,23739.92093228323,23740.065368444735,1459
2026-08-26 09:48:00+05:30,23740.065368444735,23741.20438878496,23739.75564099037,23740.092894926223,1233
2026-08-26 09:49:00+05:30,23740.092894926223,23742.00611756288,23738.21834739221,23739.398735314127,5741
2026-08-26 09:50:00+05:30,23739.398735314127,23742.157532112502,23739.228936763837,23741.56811149303,1937
2026-08-26 09:51:00+05:30,23741.56811149303,23742.109464447705,23739.598842523425,23741.189660340817,4199
2026-08-26 09:52:00+05:30,23741.189660340817,23744.869039691293,23739.91533487954,23742.66911355758,4009
2026-08-26 09:53:00+05:30,23742.66911355758,23742.752796313544,23741.98573483934,23742.124848907264,3405
2026-08-26 09:54:00+05:30,23742.124848907264,23743.29921282772,23737.970652656066,23740.134434224536,1479
2026-08-26 09:55:00+05:30,23740.134434224536,23742.63080694706,23739.4667702169,23741.23399581104,2518
2026-08-26 09:56:00+05:30,23741.23399581104,23741.489155941068,23737.467038379735,23737.50970112052,1901
2026-08-26 09:57:00+05:30,23737.50970112052,23737.894652204166,23732.526922059653,23734.426954098526,1315
2026-08-26 09:58:00+05:30,23734.426954098526,23734.574720972163,23730.592711765144,23731.32918402263,503
2026-08-26 09:59:00+05:30,23731.32918402263,23734.9801885218,23729.983215336535,23734.253833752326,3911
2026-08-26 10:00:00+05:30,23734.253833752326,23737.122884336644,23733.22514807743,23734.49223575009,684
2026-08-26 10:01:00+05:30,23734.49223575009,23739.52215642311,23733.083364953924,23738.73010859393,522
2026-08-26 10:02:00+05:30,23738.73010859393,23739.098644257407,23732.71885393557,23732.942717386235,2522
2026-08-26 10:03:00+05:30,23732.942717386235,23734.999741093605,23732.075386833203,23733.361619682622,2333
2026-08-26 10:04:00+05:30,23733.361619682622,23734.79098046908,23728.73576047642,23730.065563025757,2047
2026-08-26 10:05:00+05:30,23730.065563025757,23733.7304260584,23728.539159930682,23733.673438710815,2053
2026-08-26 10:06:00+05:30,23733.673438710815,23734.51867294823,23732.225647557563,23733.01231897668,3061
2026-08-26 10:07:00+05:30,23733.01231897668,23733.92855203602,23729.657098697862,23730.749749531988,5239
2026-08-26 10:08:00+05:30,23730.749749531988,23731.758210969256,23728.52255062811,23729.911768235932,2167
2026-08-26 10:09:00+05:30,23729.911768235932,23731.945081510967,23727.990511119526,23729.157369316144,3112
2026-08-26 10:10:00+05:30,23729.157369316144,23733.188118427093,23728.019218430953,23732.198699150384,5780
2026-08-26 10:11:00+05:30,23732.198699150384,23733.638293533542,23730.632034291764,23733.43433973818,2487
2026-08-26 10:12:00+05:30,23733.43433973818,23733.686896186016,23726.54425069914,23728.680378149267,5860
2026-08-26 10:13:00+05:30,23728.680378149267,23730.410356686694,23723.98585400068,23724.44969072224,703
2026-08-26 10:14:00+05:30,23724.44969072224,23725.588375071104,23723.99259877452,23725.456649744374,1163
2026-08-26 10:15:00+05:30,23725.456649744374,23728.589801268063,23723.244207770716,23728.55649994582,755
2026-08-26 10:16:00+05:30,23728.55649994582,23729.32209375312,23725.786971471123,23727.111749266085,1875
2026-08-26 10:17:00+05:30,23727.111749266085,23729.79058920549,23726.24739184165,23728.286523169416,3568
2026-08-26 10:18:00+05:30,23728.286523169416,23728.625647809753,23726.05684882887,23726.441614708812,609
2026-08-26 10:19:00+05:30,23726.441614708812,23727.727628014047,23724.85889039605,23727.272879101132,2950
2026-08-26 10:20:00+05:30,23727.272879101132,23730.154091119643,23726.893642184783,23729.865217987477,3404
2026-08-26 10:21:00+05:30,23729.865217987477,23731.772635426078,23728.131823336167,23731.500816724933,3751
2026-08-26 10:22:00+05:30,23731.500816724933,23733.108241518603,23731.17445597335,23732.815594920907,2840
2026-08-26 10:23:00+05:30,23732.815594920907,23732.88036614798,23730.7090401299,23731.011694985296,1497
2026-08-26 10:24:00+05:30,23731.011694985296,23734.14409755537,23729.32142883247,23732.58024586646,2762
2026-08-26 10:25:00+05:30,23732.58024586646,23734.985456454786,23730.862191821645,23731.68772626663,5840
2026-08-26 10:26:00+05:30,23731.68772626663,23732.173911638063,23729.638042847528,23729.745165906657,1847
2026-08-26 10:27:00+05:30,23729.745165906657,23730.84613797011,23725.40156621173,23725.53283011244,3137
2026-08-26 10:28:00+05:30,23725.53283011244,23727.078826372606,23720.656133905602,23722.54116456922,3960
2026-08-26 10:29:00+05:30,23722.54116456922,23723.39158873539,23721.528521933695,23722.002302586738,5395
2026-08-26 10:30:00+05:30,23722.002302586738,23724.52910258109,23720.746494078096,23722.56042927554,3249
2026-08-26 10:31:00+05:30,23722.56042927554,23724.871799978293,23721.180543278122,23723.65581365259,2578
2026-08-26 10:32:00+05:30,23723.65581365259,23724.06791607124,23722.50116705457,23723.05490983556,4243
2026-08-26 10:33:00+05:30,23723.05490983556,23724.165877408785,23718.808223076492,23720.61862446966,3713
2026-08-26 10:34:00+05:30,23720.61862446966,23721.50652495538,23718.66238945422,23721.17040819292,5700
2026-08-26 10:35:00+05:30,23721.17040819292,23724.092875054193,23719.252596277503,23722.35226093288,1903
2026-08-26 10:36:00+05:30,23722.35226093288,23722.77783524493,23722.344567475804,23722.508721833798,1290
2026-08-26 10:37:00+05:30,23722.508721833798,23723.688727630408,23718.09411777842,23720.558152807804,4166
2026-08-26 10:38:00+05:30,23720.558152807804,23720.58203943006,23718.53634099015,23720.521461077686,547
2026-08-26 10:39:00+05:30,23720.521461077686,23723.169456877004,23720.32030422359,23722.01470374276,5633
2026-08-26 10:40:00+05:30,23722.01470374276,23723.096974651766,23719.85099182531,23721.961361239366,3459
2026-08-26 10:41:00+05:30,23721.961361239366,23730.25453628482,23719.923226530693,23728.295202660385,4796
2026-08-26 10:42:00+05:30,23728.295202660385,23728.911028597264,23726.617016282584,23728.20454038741,3349
2026-08-26 10:43:00+05:30,23728.20454038741,23729.9487057736,23727.444596648325,23729.800809468565,989
2026-08-26 10:44:00+05:30,23729.800809468565,23733.31155813309,23727.074087901747,23732.277510309024,3826
2026-08-26 10:45:00+05:30,23732.277510309024,23737.023274784595,23729.934904570637,23736.77816134806,5823
2026-08-26 10:46:00+05:30,23736.77816134806,23737.253444611255,23735.24636363843,23736.163455436897,2924
2026-08-26 10:47:00+05:30,23736.163455436897,23738.25344021686,23734.289977633965,23735.595515066765,765
2026-08-26 10:48:00+05:30,23735.595515066765,23740.720098796482,23734.861757669212,23740.251129319306,4500
2026-08-26 10:49:00+05:30,23740.251129319306,23741.519007281826,23736.946236868298,23736.99843365676,1075
2026-08-26 10:50:00+05:30,23736.99843365676,23738.697722837216,23736.87700999502,23738.017209953614,3885
2026-08-26 10:51:00+05:30,23738.017209953614,23741.504973260187,23737.82586274734,23741.34586937625,3944
2026-08-26 10:52:00+05:30,23741.34586937625,23742.146645001263,23740.715860498585,23741.059179745516,3101
2026-08-26 10:53:00+05:30,23741.059179745516,23745.2805649865,23739.085863590393,23740.72613035967,3398
2026-08-26 10:54:00+05:30,23740.72613035967,23742.42258884607,23737.860202817363,23738.462900451395,3075
2026-08-26 10:55:00+05:30,23738.462900451395,23739.461371832153,23736.47472296137,23739.28410860822,5387
2026-08-26 10:56:00+05:30,23739.28410860822,23739.900721929745,23734.391384278766,23735.331319679924,2235
2026-08-26 10:57:00+05:30,23735.331319679924,23735.492288306297,23730.570187220677,23732.12339435026,1172
2026-08-26 10:58:00+05:30,23732.12339435026,23732.529974369125,23729.380142891303,23730.904019964066,634
2026-08-26 10:59:00+05:30,23730.904019964066,23731.078675846184,23729.993401153093,23730.96826001836,2151
2026-08-26 11:00:00+05:30,23730.96826001836,23732.628262113267,23728.531394619997,23729.305689871708,914
2026-08-26 11:01:00+05:30,23729.305689871708,23731.592907364444,23729.206799874068,23729.572344026034,4661
2026-08-26 11:02:00+05:30,23729.572344026034,23734.752236239572,23728.835725662033,23733.40591187307,3508
2026-08-26 11:03:00+05:30,23733.40591187307,23733.545106154514,23731.00033153967,23731.469129948226,3753
2026-08-26 11:04:00+05:30,23731.469129948226,23735.68307275305,23730.292891102425,23734.66259171339,4227
2026-08-26 11:05:00+05:30,23734.66259171339,23739.316538253424,23734.427897355345,23736.46575887154,2934
2026-08-26 11:06:00+05:30,23736.46575887154,23739.482223498704,23733.752799935988,23736.050822374058,1688
2026-08-26 11:07:00+05:30,23736.050822374058,23738.491219841475,23735.74835313398,23736.178452341886,4758
2026-08-26 11:08:00+05:30,23736.178452341886,23737.66672482126,23732.64630543525,23734.123651618764,3847
2026-08-26 11:09:00+05:30,23734.123651618764,23734.551999296986,23733.4721842296,23733.952633746776,1232
2026-08-26 11:10:00+05:30,23733.952633746776,23735.781498753044,23732.512534464342,23733.23199177052,775
2026-08-26 11:11:00+05:30,23733.23199177052,23734.142248037017,23729.460066020405,23730.9637435066,1086
2026-08-26 11:12:00+05:30,23730.9637435066,23731.60484880309,23729.39160548133,23731.46832920319,867
2026-08-26 11:13:00+05:30,23731.46832920319,23732.765362187405,23729.472091145257,23731.122371457288,1869
2026-08-26 11:14:00+05:30,23731.122371457288,23731.589916277557,23728.042938372655,23730.23160177166,3800
2026-08-26 11:15:00+05:30,23730.23160177166,23731.419223193636,23726.15767012933,23728.225349584052,3133
2026-08-26 11:16:00+05:30,23728.225349584052,23729.66897743193,23727.13947524117,23729.272742451798,4017
2026-08-26 11:17:00+05:30,23729.272742451798,23730.688558935362,23726.203837673896,23726.311450928024,4857
2026-08-26 11:18:00+05:30,23726.311450928024,23729.79653795947,23725.25219430095,23727.832163436928,4083
2026-08-26 11:19:00+05:30,23727.832163436928,23729.190991046264,23726.61413938224,23729.049980035357,5468
2026-08-26 11:20:00+05:30,23729.049980035357,23729.713393153135,23727.401637009298,23727.407368631215,1129
2026-08-26 11:21:00+05:30,23727.407368631215,23730.591012433273,23726.448490617866,23728.785380993137,2872
2026-08-26 11:22:00+05:30,23728.785380993137,23730.603892264364,23727.99607883414,23728.799001528987,911
2026-08-26 11:23:00+05:30,23728.799001528987,23729.328065160884,23726.7573735913,23727.78305591872,1873
2026-08-26 11:24:00+05:30,23727.78305591872,23731.074162475343,23727.020021800658,23729.453367318383,4479
2026-08-26 11:25:00+05:30,23729.453367318383,23730.914239395042,23727.666119523543,23729.047831165157,1095
2026-08-26 11:26:00+05:30,23729.047831165157,23731.137805344577,23726.90583654479,23728.215603127515,2661
2026-08-26 11:27:00+05:30,23728.215603127515,23729.091992589954,23726.887761221435,23727.09156101764,2743
2026-08-26 11:28:00+05:30,23727.09156101764,23727.80611258711,23725.511154943404,23725.81812843771,4653
2026-08-26 11:29:00+05:30,23725.81812843771,23726.721936150236,23717.741606941498,23719.637361221685,4812
2026-08-26 11:30:00+05:30,23719.637361221685,23720.116537890284,23717.653778495922,23717.731927478184,2465
2026-08-26 11:31:00+05:30,23717.731927478184,23719.457833800236,23715.896125594314,23716.278396581536,4726
2026-08-26 11:32:00+05:30,23716.278396581536,23716.993817177754,23713.72979902219,23714.661179602972,3746
2026-08-26 11:33:00+05:30,23714.661179602972,23715.03634889734,23708.757016254396,23710.129697526325,3485
2026-08-26 11:34:00+05:30,23710.129697526325,23712.51748595309,23709.845013230046,23712.07119213507,4427
2026-08-26 11:35:00+05:30,23712.07119213507,23713.80213296609,23710.50812586064,23712.0182506487,1629
2026-08-26 11:36:00+05:30,23712.0182506487,23714.95767844954,23709.083270781546,23710.065138695918,1105
2026-08-26 11:37:00+05:30,23710.065138695918,23711.694309578434,23708.27190849613,23711.0643745631,4517
2026-08-26 11:38:00+05:30,23711.0643745631,23714.51852583161,23710.382776733204,23714.079704651147,5657
2026-08-26 11:39:00+05:30,23714.079704651147,23718.290258946792,23713.6245234656,23717.082473664526,4585
2026-08-26 11:40:00+05:30,23717.082473664526,23717.91511987636,23714.02901160722,23715.962459816004,3381
2026-08-26 11:41:00+05:30,23715.962459816004,23719.235845488707,23715.240060253884,23717.078047956125,4925
2026-08-26 11:42:00+05:30,23717.078047956125,23720.79753153637,23715.806446686394,23719.75572199867,4625
2026-08-26 11:43:00+05:30,23719.75572199867,23722.04076624965,23718.725674926947,23721.985899679083,5423
2026-08-26 11:44:00+05:30,23721.985899679083,23722.823231359238,23716.445394945687,23718.836440467796,4464
2026-08-26 11:45:00+05:30,23718.836440467796,23719.766499715166,23718.30101141923,23718.89516085317,5714
2026-08-26 11:46:00+05:30,23718.89516085317,23719.95923012457,23715.546882856503,23716.453882974867,1301
2026-08-26 11:47:00+05:30,23716.453882974867,23721.6718367528,23715.34736286337,23720.762843204815,1769
2026-08-26 11:48:00+05:30,23720.762843204815,23724.375464736906,23719.13918777338,23723.410083512154,4796
2026-08-26 11:49:00+05:30,23723.410083512154,23723.54821476961,23719.99344674597,23720.913036660346,1533
2026-08-26 11:50:00+05:30,23720.913036660346,23722.315896772776,23717.166059461597,23717.70366438449,1576
2026-08-26 11:51:00+05:30,23717.70366438449,23721.54113479321,23717.53131197661,23720.707323367504,1427
2026-08-26 11:52:00+05:30,23720.707323367504,23723.2824087669,23720.64560815071,23721.57620563732,4476
2026-08-26 11:53:00+05:30,23721.57620563732,23725.177924927393,23721.345929440176,23724.003226971316,4340
2026-08-26 11:54:00+05:30,23724.003226971316,23726.768421284727,23723.492713631334,23725.288562178328,5486
2026-08-26 11:55:00+05:30,23725.288562178328,23726.317231195535,23721.174229542114,23724.02343884871,2108
2026-08-26 11:56:00+05:30,23724.02343884871,23724.60274511651,23722.94136971043,23724.20567264837,2623
2026-08-26 11:57:00+05:30,23724.20567264837,23725.409020092316,23722.42214368864,23725.28900251548,5499
2026-08-26 11:58:00+05:30,23725.28900251548,23726.864356780618,23724.50468929822,23724.87837861184,3370
2026-08-26 11:59:00+05:30,23724.87837861184,23727.842315051304,23723.285935497668,23725.585730627146,2916
2026-08-26 12:00:00+05:30,23725.585730627146,23726.61869699608,23725.07288008028,23725.347256716468,1363
2026-08-26 12:01:00+05:30,23725.347256716468,23728.434549744747,23724.505263375697,23727.499232034443,5677
2026-08-26 12:02:00+05:30,23727.499232034443,23727.924761184437,23724.432052290627,23725.482120804565,811
2026-08-26 12:03:00+05:30,23725.482120804565,23727.708356134393,23721.932150681514,23722.928514052008,4401
2026-08-26 12:04:00+05:30,23722.928514052008,23724.108821983056,23722.4691560508,23723.268572886223,2473
2026-08-26 12:05:00+05:30,23723.268572886223,23725.481720624113,23721.789783587155,23723.6299588593,4229
2026-08-26 12:06:00+05:30,23723.6299588593,23724.55072632451,23721.89818502817,23723.131327030063,3458
2026-08-26 12:07:00+05:30,23723.131327030063,23724.01579711852,23721.82274311332,23722.118796871604,1821
2026-08-26 12:08:00+05:30,23722.118796871604,23724.84183157442,23721.027052665486,23723.126077044228,4795
2026-08-26 12:09:00+05:30,23723.126077044228,23724.092971618556,23719.91561790737,23720.711260492586,768
2026-08-26 12:10:00+05:30,23720.711260492586,23722.55532536285,23720.047982253785,23721.471148014985,1515
2026-08-26 12:11:00+05:30,23721.471148014985,23725.31354123464,23720.707465338557,23724.09630768391,1578
2026-08-26 12:12:00+05:30,23724.09630768391,23724.22387898956,23722.332703916472,23722.921948977993,3660
2026-08-26 12:13:00+05:30,23722.921948977993,23725.948211287112,23721.634178986333,23724.59812881049,4113
2026-08-26 12:14:00+05:30,23724.59812881049,23727.27208516653,23724.35410960612,23726.43379470877,1144
2026-08-26 12:15:00+05:30,23726.43379470877,23726.476257824394,23724.090547961285,23725.139280369578,2340
2026-08-26 12:16:00+05:30,23725.139280369578,23725.19795013167,23722.14768721866,23724.762606040164,1741
2026-08-26 12:17:00+05:30,23724.762606040164,23725.394386556636,23721.76684174062,23723.248869922492,2968
2026-08-26 12:18:00+05:30,23723.248869922492,23724.102409243722,23719.26862982406,23719.80898608251,887
2026-08-26 12:19:00+05:30,23719.80898608251,23723.420364621266,23718.884247249178,23722.43546683272,2868
2026-08-26 12:20:00+05:30,23722.43546683272,23723.441475116502,23720.199690225847,23720.357958752742,2960
2026-08-26 12:21:00+05:30,23720.357958752742,23721.854410537882,23719.26941187422,23719.4711441812,2529
2026-08-26 12:22:00+05:30,23719.4711441812,23719.92734944745,23718.034157033188,23718.98471473893,2003
2026-08-26 12:23:00+05:30,23718.98471473893,23719.594036038074,23717.20946648936,23718.009790204604,4951
2026-08-26 12:24:00+05:30,23718.009790204604,23721.93897143459,23717.663780360315,23721.266189080205,4263
2026-08-26 12:25:00+05:30,23721.266189080205,23725.157958561245,23720.111222815252,23723.770663469462,5842
2026-08-26 12:26:00+05:30,23723.770663469462,23724.123730912983,23721.762215309012,23723.54396761262,3795
2026-08-26 12:27:00+05:30,23723.54396761262,23724.596866810818,23723.264334907893,23724.548624389117,3916
2026-08-26 12:28:00+05:30,23724.548624389117,23730.673740050446,23724.049876138874,23730.41566569098,5824
2026-08-26 12:29:00+05:30,23730.41566569098,23733.549359100005,23728.781037301127,23733.10799446902,3582
2026-08-26 12:30:00+05:30,23733.10799446902,23733.991754056296,23732.590190180235,23733.727113761888,1331
2026-08-26 12:31:00+05:30,23733.727113761888,23737.920627575455,23733.39999700508,23737.534434917798,5238
2026-08-26 12:32:00+05:30,23737.534434917798,23745.31993754222,23737.397811799034,23742.525828502203,3561
2026-08-26 12:33:00+05:30,23742.525828502203,23742.699047351387,23738.751063149626,23739.123126542927,2095
2026-08-26 12:34:00+05:30,23739.123126542927,23740.773450076354,23732.292793704957,23734.613122068647,5420
2026-08-26 12:35:00+05:30,23734.613122068647,23737.630842382176,23731.314215294195,23731.390465915316,2546
2026-08-26 12:36:00+05:30,23731.390465915316,23736.357036151854,23731.263476076536,23733.985428048,2766
2026-08-26 12:37:00+05:30,23733.985428048,23734.03179215012,23731.926480714104,23732.086810297962,1904
2026-08-26 12:38:00+05:30,23732.086810297962,23732.54581172399,23730.827953054715,23731.67598285606,1528
2026-08-26 12:39:00+05:30,23731.67598285606,23734.491270234896,23730.197442303273,23733.133736076517,5167
2026-08-26 12:40:00+05:30,23733.133736076517,23737.89136053279,23732.074850985013,23737.397556134754,3546
2026-08-26 12:41:00+05:30,23737.397556134754,23740.30185470724,23736.33091821491,23739.79682182388,4493
2026-08-26 12:42:00+05:30,23739.79682182388,23744.2855331685,23737.846050617998,23742.958831682627,873
2026-08-26 12:43:00+05:30,23742.958831682627,23744.184763969977,23741.85271990428,23743.572868494095,1635
2026-08-26 12:44:00+05:30,23743.572868494095,23744.952077384223,23738.093670762737,23738.56917723128,2039
2026-08-26 12:45:00+05:30,23738.56917723128,23740.72942338846,23737.27278421938,23740.055382406696,1979
2026-08-26 12:46:00+05:30,23740.055382406696,23740.57072441631,23738.644904322584,23739.752546138043,3191
2026-08-26 12:47:00+05:30,23739.752546138043,23743.14003523927,23738.864540099075,23741.174131872547,556
2026-08-26 12:48:00+05:30,23741.174131872547,23741.314667826726,23740.167603142432,23740.873498055775,2431
2026-08-26 12:49:00+05:30,23740.873498055775,23743.40955094685,23738.906626540473,23742.62873186536,3179
2026-08-26 12:50:00+05:30,23742.62873186536,23744.766921943126,23738.58171919489,23738.75227619226,4109
2026-08-26 12:51:00+05:30,23738.75227619226,23740.471074338013,23737.02290523909,23737.924406839295,747
2026-08-26 12:52:00+05:30,23737.924406839295,23740.60354345279,23736.3534089272,23739.19403229213,3634
2026-08-26 12:53:00+05:30,23739.19403229213,23741.51408155161,23737.813266860096,23740.625249741308,1461
2026-08-26 12:54:00+05:30,23740.625249741308,23742.238511946376,23736.481788780813,23738.98680760011,1012
2026-08-26 12:55:00+05:30,23738.98680760011,23739.516239520486,23737.184362504602,23738.41961223435,3514
2026-08-26 12:56:00+05:30,23738.41961223435,23741.364094904387,23737.132734575727,23740.656465345586,3175
2026-08-26 12:57:00+05:30,23740.656465345586,23744.064869131184,23739.836820581877,23741.490295788888,2394
2026-08-26 12:58:00+05:30,23741.490295788888,23742.827282980237,23740.233299062245,23742.682897519655,2938
2026-08-26 12:59:00+05:30,23742.682897519655,23746.844982425016,23741.453405712095,23746.632879488134,728
2026-08-26 13:00:00+05:30,23746.632879488134,23747.46511108338,23746.036434275276,23746.53002661036,5588
2026-08-26 13:01:00+05:30,23746.53002661036,23747.125899886054,23744.353321991162,23744.74498312756,3458
2026-08-26 13:02:00+05:30,23744.74498312756,23749.047959676347,23743.620596939832,23747.69542336029,1295
2026-08-26 13:03:00+05:30,23747.69542336029,23748.249062702347,23747.381530578776,23747.648567898712,5896
2026-08-26 13:04:00+05:30,23747.648567898712,23749.639048730958,23747.32648644083,23748.953809913946,985
2026-08-26 13:05:00+05:30,23748.953809913946,23752.972403976935,23747.78779479737,23751.617409029284,4059
2026-08-26 13:06:00+05:30,23751.617409029284,23753.846544150416,23749.193781022717,23750.60655585657,5088
2026-08-26 13:07:00+05:30,23750.60655585657,23753.08064744153,23749.396358786988,23752.645011294742,4308
2026-08-26 13:08:00+05:30,23752.645011294742,23753.79953481867,23747.227229254764,23747.86382881522,2782
2026-08-26 13:09:00+05:30,23747.86382881522,23750.109450820877,23746.03630941178,23748.489140967366,3359
2026-08-26 13:10:00+05:30,23748.489140967366,23752.777235726575,23747.774798506085,23751.999834249396,4863
2026-08-26 13:11:00+05:30,23751.999834249396,23754.49872311213,23751.004206885384,23752.216356708286,1588
2026-08-26 13:12:00+05:30,23752.216356708286,23753.081572217605,23750.875623039152,23751.273879343025,962
2026-08-26 13:13:00+05:30,23751.273879343025,23755.23019785439,23751.057792658692,23754.44431695779,4368
2026-08-26 13:14:00+05:30,23754.44431695779,23757.24108928944,23751.9828512994,23756.189339876586,803
2026-08-26 13:15:00+05:30,23756.189339876586,23757.73931284776,23755.350555015728,23757.69955099018,5253
2026-08-26 13:16:00+05:30,23757.69955099018,23758.25398432565,23755.040107275272,23757.13752975107,3521
2026-08-26 13:17:00+05:30,23757.13752975107,23758.93535445108,23755.468733889764,23758.238902873825,4614
2026-08-26 13:18:00+05:30,23758.238902873825,23758.533853075678,23757.01005294472,23757.899057178747,2931
2026-08-26 13:19:00+05:30,23757.899057178747,23759.647663323834,23752.20840253119,23753.24357498183,1384
2026-08-26 13:20:00+05:30,23753.24357498183,23753.847410281942,23749.36905730204,23750.40823063943,2640
2026-08-26 13:21:00+05:30,23750.40823063943,23754.28831507896,23748.676535942555,23752.786865343664,1968
2026-08-26 13:22:00+05:30,23752.786865343664,23755.40380540632,23751.767344209737,23754.712108808817,600
2026-08-26 13:23:00+05:30,23754.712108808817,23754.71410986671,23751.796205418585,23754.31174975535,5722
2026-08-26 13:24:00+05:30,23754.31174975535,23755.127658569592,23747.558383277174,23749.73586999674,5958
2026-08-26 13:25:00+05:30,23749.73586999674,23753.404869914608,23749.23576787221,23751.07431105061,4358
2026-08-26 13:26:00+05:30,23751.07431105061,23751.244774589344,23747.842861444406,23749.5756762583,4427
2026-08-26 13:27:00+05:30,23749.5756762583,23750.054697985088,23748.11550145916,23748.477195062886,5414
2026-08-26 13:28:00+05:30,23748.477195062886,23754.30762364539,23747.673183339335,23753.654081731023,2401
2026-08-26 13:29:00+05:30,23753.654081731023,23754.27823980235,23752.376345626843,23752.38908075503,5879
2026-08-26 13:30:00+05:30,23752.38908075503,23753.34353916257,23751.54494101094,23752.12235450628,3257
2026-08-26 13:31:00+05:30,23752.12235450628,23756.03145226503,23751.36704294739,23755.463383428312,5774
2026-08-26 13:32:00+05:30,23755.463383428312,23756.29301282379,23752.919972875836,23753.687044116024,4937
2026-08-26 13:33:00+05:30,23753.687044116024,23755.081610277906,23751.140020254756,23753.685094064604,1616
2026-08-26 13:34:00+05:30,23753.685094064604,23756.223584337917,23753.656043645613,23755.923940723864,3489
2026-08-26 13:35:00+05:30,23755.923940723864,23756.15329494741,23749.723180711284,23752.407270345208,4030
2026-08-26 13:36:00+05:30,23752.407270345208,23754.833426179364,23752.377959371577,23754.093119144127,1112
2026-08-26 13:37:00+05:30,23754.093119144127,23755.008669373103,23751.42929740518,23751.470938461014,4310
2026-08-26 13:38:00+05:30,23751.470938461014,23753.47415366755,23749.67619790739,23750.9606312375,2860
2026-08-26 13:39:00+05:30,23750.9606312375,23751.678017038983,23749.46053290701,23749.74436997861,3598
2026-08-26 13:40:00+05:30,23749.74436997861,23750.342159956443,23746.063110127743,23746.86125375708,946
2026-08-26 13:41:00+05:30,23746.86125375708,23747.274371362597,23746.333745711414,23746.883889825527,4889
2026-08-26 13:42:00+05:30,23746.883889825527,23749.13464236484,23745.635205028397,23748.027752444985,4727
2026-08-26 13:43:00+05:30,23748.027752444985,23751.404323091276,23746.00181232841,23748.76101776845,3092
2026-08-26 13:44:00+05:30,23748.76101776845,23750.978786142565,23747.931777233985,23749.902339785178,1224
2026-08-26 13:45:00+05:30,23749.902339785178,23750.855363188817,23745.846293496288,23746.80470014365,1184
2026-08-26 13:46:00+05:30,23746.80470014365,23747.132459848337,23742.783093922135,23743.621170033734,1581
2026-08-26 13:47:00+05:30,23743.621170033734,23744.336765545188,23743.070113065194,23743.631799941322,2723
2026-08-26 13:48:00+05:30,23743.631799941322,23746.2536898148,23741.040226047877,23745.449265117688,3880
2026-08-26 13:49:00+05:30,23745.449265117688,23745.871452225165,23743.851818603143,23745.750222840074,3277
2026-08-26 13:50:00+05:30,23745.750222840074,23747.269885106238,23744.204076264476,23747.01855113336,3781
2026-08-26 13:51:00+05:30,23747.01855113336,23747.340178225528,23740.300101522203,23742.757681572115,3951
2026-08-26 13:52:00+05:30,23742.757681572115,23745.168165827734,23742.38588907619,23744.93683426342,3224
2026-08-26 13:53:00+05:30,23744.93683426342,23748.37007846284,23744.65611083186,23747.477001267027,1020
2026-08-26 13:54:00+05:30,23747.477001267027,23750.53481995446,23747.322752939803,23750.07216834236,670
2026-08-26 13:55:00+05:30,23750.07216834236,23753.621641473164,23748.29153850254,23751.758790302105,1652
2026-08-26 13:56:00+05:30,23751.758790302105,23752.620609821046,23748.62317474863,23752.293924633974,4014
2026-08-26 13:57:00+05:30,23752.293924633974,23757.213839774984,23751.49847041133,23755.554082457635,2628
2026-08-26 13:58:00+05:30,23755.554082457635,23756.398819089558,23753.01836669605,23754.31460044584,5067
2026-08-26 13:59:00+05:30,23754.31460044584,23759.209245548795,23753.11822956923,23757.63723081132,1186
2026-08-26 14:00:00+05:30,23757.63723081132,23759.435792112105,23754.271092614294,23754.734353786946,5047
2026-08-26 14:01:00+05:30,23754.734353786946,23755.17251745389,23753.322991485664,23753.916124464125,1173
2026-08-26 14:02:00+05:30,23753.916124464125,23754.871451909527,23750.638888576876,23750.73984474372,2297
2026-08-26 14:03:00+05:30,23750.73984474372,23755.322510578982,23750.219353808676,23753.33330862368,4121
2026-08-26 14:04:00+05:30,23753.33330862368,23754.58501268819,23750.4457237368,23750.504182027977,849
2026-08-26 14:05:00+05:30,23750.504182027977,23751.674067126187,23749.402897992815,23749.890912508912,4125
2026-08-26 14:06:00+05:30,23749.890912508912,23750.178636989942,23746.323855250008,23748.95466023835,4320
2026-08-26 14:07:00+05:30,23748.95466023835,23749.882162166643,23748.517042046285,23748.90335138279,1561
2026-08-26 14:08:00+05:30,23748.90335138279,23749.87123809999,23747.534139082934,23747.596757073323,3910
2026-08-26 14:09:00+05:30,23747.596757073323,23749.015974719245,23747.120982948054,23747.17098423954,1703
2026-08-26 14:10:00+05:30,23747.17098423954,23750.373669276138,23745.7379625234,23749.596249646856,2794
2026-08-26 14:11:00+05:30,23749.596249646856,23750.945634084394,23748.5726186746,23749.310838576424,5674
2026-08-26 14:12:00+05:30,23749.310838576424,23751.182195010428,23748.70507805187,23750.142400284836,4993
2026-08-26 14:13:00+05:30,23750.142400284836,23751.682286643703,23748.547636388048,23748.760216658728,2474
2026-08-26 14:14:00+05:30,23748.760216658728,23750.29700012721,23748.371676451705,23749.802621036935,4831
2026-08-26 14:15:00+05:30,23749.802621036935,23750.66881922896,23746.776428301804,23749.579154206833,2502
2026-08-26 14:16:00+05:30,23749.579154206833,23751.39874982551,23748.001250091704,23750.284638030105,4101
2026-08-26 14:17:00+05:30,23750.284638030105,23752.612513326625,23750.103159084443,23751.678385530446,3915
2026-08-26 14:18:00+05:30,23751.678385530446,23752.119885103115,23750.465205947257,23751.27769248996,3823
2026-08-26 14:19:00+05:30,23751.27769248996,23752.84518651369,23748.593845835734,23749.376398285152,3833
2026-08-26 14:20:00+05:30,23749.376398285152,23754.44995907204,23748.587902342882,23753.14252153304,4828
2026-08-26 14:21:00+05:30,23753.14252153304,23754.38990268817,23752.475626442563,23753.809925172238,3482
2026-08-26 14:22:00+05:30,23753.809925172238,23754.381499820054,23745.29381504357,23748.28097559581,725
2026-08-26 14:23:00+05:30,23748.28097559581,23749.381534593635,23747.441010862545,23748.63363411302,4371
2026-08-26 14:24:00+05:30,23748.63363411302,23750.46375953273,23746.883723122286,23749.686793780074,835
2026-08-26 14:25:00+05:30,23749.686793780074,23751.68961447681,23748.819339949485,23748.836741124756,978
2026-08-26 14:26:00+05:30,23748.836741124756,23753.127739599375,23748.274528185942,23752.693145334815,5640
2026-08-26 14:27:00+05:30,23752.693145334815,23752.881685319408,23749.172382880795,23752.472678024267,4134
2026-08-26 14:28:00+05:30,23752.472678024267,23754.56901429778,23750.549371126388,23751.015754135413,3707
2026-08-26 14:29:00+05:30,23751.015754135413,23753.187527573038,23747.671882479743,23748.780906566055,1794
2026-08-26 14:30:00+05:30,23748.780906566055,23749.964487808396,23745.89987996747,23747.1636803996,701
2026-08-26 14:31:00+05:30,23747.1636803996,23747.913428034604,23746.296731488823,23746.593970238962,2528
2026-08-26 14:32:00+05:30,23746.593970238962,23748.94109892338,23744.90841246689,23744.978862779328,4488
2026-08-26 14:33:00+05:30,23744.978862779328,23746.218158139196,23744.05970993482,23745.47574018616,1325
2026-08-26 14:34:00+05:30,23745.47574018616,23748.527777248088,23741.695644964813,23743.070310977426,5157
2026-08-26 14:35:00+05:30,23743.070310977426,23746.068989898704,23742.74111539721,23745.339536464227,3118
2026-08-26 14:36:00+05:30,23745.339536464227,23746.737309263102,23743.24923147484,23745.89101715359,4027
2026-08-26 14:37:00+05:30,23745.89101715359,23747.10296866894,23744.801872723277,23744.922741593567,1957
2026-08-26 14:38:00+05:30,23744.922741593567,23746.65591680948,23744.067714848785,23746.397551336606,5964
2026-08-26 14:39:00+05:30,23746.397551336606,23747.90441152743,23746.227186205557,23747.007414098243,4240
2026-08-26 14:40:00+05:30,23747.007414098243,23747.255589380886,23744.757811524123,23746.63268311194,5007
2026-08-26 14:41:00+05:30,23746.63268311194,23748.31449285517,23745.3277275467,23748.026308600587,1566
2026-08-26 14:42:00+05:30,23748.026308600587,23749.675298975195,23747.37072436858,23748.62197905931,4363
2026-08-26 14:43:00+05:30,23748.62197905931,23751.384058872252,23747.78765778902,23750.90878073707,3802
2026-08-26 14:44:00+05:30,23750.90878073707,23751.401039179236,23745.703650000058,23745.99874254494,4815
2026-08-26 14:45:00+05:30,23745.99874254494,23748.46075124501,23740.571427989158,23740.894854912633,5416
2026-08-26 14:46:00+05:30,23740.894854912633,23744.96503832189,23740.442458701273,23744.111765999085,2785
2026-08-26 14:47:00+05:30,23744.111765999085,23744.29633215198,23742.183016018167,23742.595947488884,1981
2026-08-26 14:48:00+05:30,23742.595947488884,23743.75257369685,23741.62985770574,23741.815786373427,1793
2026-08-26 14:49:00+05:30,23741.815786373427,23742.597816155216,23738.3816770292,23739.58727356494,999
2026-08-26 14:50:00+05:30,23739.58727356494,23740.62800397609,23736.991367495448,23737.04749587882,2883
2026-08-26 14:51:00+05:30,23737.04749587882,23738.8856006093,23735.858632858257,23737.449289692606,2995
2026-08-26 14:52:00+05:30,23737.449289692606,23737.713497722725,23734.080383474127,23734.157312402855,1963
2026-08-26 14:53:00+05:30,23734.157312402855,23735.0985353162,23732.842929254006,23733.078728351902,1860
2026-08-26 14:54:00+05:30,23733.078728351902,23734.651662245924,23732.740467898962,23734.027863512943,578
2026-08-26 14:55:00+05:30,23734.027863512943,23734.4808312707,23730.39070815473,23733.2403789926,4009
2026-08-26 14:56:00+05:30,23733.2403789926,23734.15267517517,23725.31007945634,23728.436613036505,5412
2026-08-26 14:57:00+05:30,23728.436613036505,23728.57735508094,23724.782029135222,23726.07163455665,937
2026-08-26 14:58:00+05:30,23726.07163455665,23729.774789748273,23724.67116707407,23727.39504568458,2260
2026-08-26 14:59:00+05:30,23727.39504568458,23728.7353077551,23726.010440999566,23726.280983305434,2925
2026-08-26 15:00:00+05:30,23726.280983305434,23728.896953151518,23724.335931892147,23726.19629024282,5089
2026-08-26 15:01:00+05:30,23726.19629024282,23727.521340736046,23725.49169193248,23726.782795906343,1685
2026-08-26 15:02:00+05:30,23726.782795906343,23731.788386406777,23726.060371855136,23729.87080821478,4871
2026-08-26 15:03:00+05:30,23729.87080821478,23734.312936281272,23728.517074009887,23732.283210937345,3416
2026-08-26 15:04:00+05:30,23732.283210937345,23736.0439482824,23731.50990969361,23734.958570909686,4710
2026-08-26 15:05:00+05:30,23734.958570909686,23736.28972766586,23732.723204023107,23733.368747094304,5636
2026-08-26 15:06:00+05:30,23733.368747094304,23736.58075569328,23732.671656380946,23734.856991939483,2813
2026-08-26 15:07:00+05:30,23734.856991939483,23735.918557888057,23732.36087647288,23733.096033577836,1040
2026-08-26 15:08:00+05:30,23733.096033577836,23735.155930137396,23732.612885431707,23733.153025373325,4064
2026-08-26 15:09:00+05:30,23733.153025373325,23733.883516121048,23730.52821407704,23731.683948073867,2649
2026-08-26 15:10:00+05:30,23731.683948073867,23733.42362685953,23731.33125815857,23732.50781786875,5839
2026-08-26 15:11:00+05:30,23732.50781786875,23735.832827164195,23732.19275991304,23735.238560271573,4181
2026-08-26 15:12:00+05:30,23735.238560271573,23735.95350730119,23729.501287014693,23730.468041436146,1409
2026-08-26 15:13:00+05:30,23730.468041436146,23736.594719934248,23729.84150808571,23736.450176514016,2630
2026-08-26 15:14:00+05:30,23736.450176514016,23737.588164742814,23735.6266224706,23736.113139034183,3137
2026-08-26 15:15:00+05:30,23736.113139034183,23738.85743034743,23734.721791217486,23738.68420399541,2369
2026-08-26 15:16:00+05:30,23738.68420399541,23739.493557728376,23731.16855122736,23732.975599802972,1302
2026-08-26 15:17:00+05:30,23732.975599802972,23736.73789082666,23732.07049147399,23735.7120762007,3193
2026-08-26 15:18:00+05:30,23735.7120762007,23736.63149713015,23732.101113979137,23734.254800653827,2093
2026-08-26 15:19:00+05:30,23734.254800653827,23738.456812316057,23733.939589131154,23736.660783704236,3415
2026-08-26 15:20:00+05:30,23736.660783704236,23737.29203592389,23732.37940815154,23734.096075578764,1495
2026-08-26 15:21:00+05:30,23734.096075578764,23734.813328779135,23733.548682051212,23734.29054168943,3805
2026-08-26 15:22:00+05:30,23734.29054168943,23734.883825024604,23734.22137429944,23734.810484251375,3111
2026-08-26 15:23:00+05:30,23734.810484251375,23736.725522380882,23733.115145427728,23735.612301489193,3697
2026-08-26 15:24:00+05:30,23735.612301489193,23740.988137146607,23735.244253128796,23738.78046717366,5600
2026-08-26 15:25:00+05:30,23738.78046717366,23739.83258212131,23737.166029605793,23737.340798048463,3020
2026-08-26 15:26:00+05:30,23737.340798048463,23742.1852835978,23735.49628438111,23740.622828881413,4916
2026-08-26 15:27:00+05:30,23740.622828881413,23742.229347234246,23738.48899142615,23739.522372191528,4879
2026-08-26 15:28:00+05:30,23739.522372191528,23740.76790257966,23734.83177069706,23736.59308562931,5531
2026-08-26 15:29:00+05:30,23736.59308562931,23737.50627873498,23735.41938199441,23736.1465353391,2314
2026-08-27 09:15:00+05:30,23736.1465353391,23738.91090576573,23734.8791373138,23737.289769916995,5197
2026-08-27 09:16:00+05:30,23737.289769916995,23737.934570394344,23734.974352133064,23735.8463222885,4827
2026-08-27 09:17:00+05:30,23735.8463222885,23739.885545413606,23733.50718799715,23735.506211077747,1667
2026-08-27 09:18:00+05:30,23735.506211077747,23737.74117514697,23735.0526136394,23736.593618230432,3918
2026-08-27 09:19:00+05:30,23736.593618230432,23736.688697761147,23733.883137972207,23734.197543056292,5030
2026-08-27 09:20:00+05:30,23734.197543056292,23735.284059787697,23733.278620170193,23734.81836747211,5189
2026-08-27 09:21:00+05:30,23734.81836747211,23740.51005853242,23734.139083141086,23738.75926411549,5763
2026-08-27 09:22:00+05:30,23738.75926411549,23738.802003268396,23735.25640124822,23736.60882192749,732
2026-08-27 09:23:00+05:30,23736.60882192749,23736.73429221969,23735.519719616317,23736.48856224882,1889
2026-08-27 09:24:00+05:30,23736.48856224882,23737.710860312036,23735.957347031588,23737.244246077662,1676
2026-08-27 09:25:00+05:30,23737.244246077662,23737.894126293868,23733.63304207354,23735.51409179107,3474
2026-08-27 09:26:00+05:30,23735.51409179107,23735.882902332607,23733.773918930332,23734.92770374115,5014
2026-08-27 09:27:00+05:30,23734.92770374115,23737.858204336837,23732.993956119164,23736.49699903168,4869
2026-08-27 09:28:00+05:30,23736.49699903168,23737.766439672494,23736.193252041412,23737.62755029371,4429
2026-08-27 09:29:00+05:30,23737.62755029371,23738.125766245652,23735.49095947205,23735.718964301377,5455
2026-08-27 09:30:00+05:30,23735.718964301377,23736.170473557555,23734.156635426036,23734.177690735378,972
2026-08-27 09:31:00+05:30,23734.177690735378,23736.996662899805,23727.455174832314,23730.745871043022,1691
2026-08-27 09:32:00+05:30,23730.745871043022,23731.08955124498,23728.24612910525,23728.94301586822,2065
2026-08-27 09:33:00+05:30,23728.94301586822,23729.656063722727,23728.80132415645,23729.45621641071,1714
2026-08-27 09:34:00+05:30,23729.45621641071,23731.042663435008,23726.383777153114,23726.986907914943,5737
2026-08-27 09:35:00+05:30,23726.986907914943,23727.970520196413,23726.976848350856,23727.18400596116,3405
2026-08-27 09:36:00+05:30,23727.18400596116,23728.60354654234,23726.813588749308,23727.44027786573,4607
2026-08-27 09:37:00+05:30,23727.44027786573,23728.91906290823,23727.137538166953,23727.291274147115,4684
2026-08-27 09:38:00+05:30,23727.291274147115,23727.715982146652,23723.985018781314,23725.253874357873,5966
2026-08-27 09:39:00+05:30,23725.253874357873,23727.315407482016,23723.719865780397,23727.05591790652,5243
2026-08-27 09:40:00+05:30,23727.05591790652,23730.77892929793,23725.64458218386,23728.64550044733,5753
2026-08-27 09:41:00+05:30,23728.64550044733,23729.893207966463,23723.199028621504,23725.413707888023,5873
2026-08-27 09:42:00+05:30,23725.413707888023,23727.324137582164,23724.7059949917,23726.04753160368,2323
2026-08-27 09:43:00+05:30,23726.04753160368,23726.78519794419,23722.91023275514,23724.986843127554,4334
2026-08-27 09:44:00+05:30,23724.986843127554,23725.835082491874,23720.04309821634,23721.997342641855,2000
2026-08-27 09:45:00+05:30,23721.997342641855,23722.837496747343,23721.765949597353,23722.477349885616,3214
2026-08-27 09:46:00+05:30,23722.477349885616,23724.59018749696,23718.751579381096,23719.55649331081,2260
2026-08-27 09:47:00+05:30,23719.55649331081,23721.544929598564,23716.18867958416,23718.055912713164,5682
2026-08-27 09:48:00+05:30,23718.055912713164,23720.160094103503,23717.562330600576,23719.347841739633,1453
2026-08-27 09:49:00+05:30,23719.347841739633,23720.309126577245,23718.997627060402,23719.026069755477,777
2026-08-27 09:50:00+05:30,23719.026069755477,23719.6141228811,23718.54829210171,23718.567854235946,3013
2026-08-27 09:51:00+05:30,23718.567854235946,23721.922219042535,23718.245638851986,23719.800661463873,3751
2026-08-27 09:52:00+05:30,23719.800661463873,23720.94224621753,23716.565715370518,23717.31138181002,2609
2026-08-27 09:53:00+05:30,23717.31138181002,23718.08505058824,23713.426132214645,23716.753872514775,2800
2026-08-27 09:54:00+05:30,23716.753872514775,23719.207887174784,23715.342939192524,23715.672674645237,5569
2026-08-27 09:55:00+05:30,23715.672674645237,23717.311981724055,23711.576590589004,23712.236047061047,2116
2026-08-27 09:56:00+05:30,23712.236047061047,23713.392033305685,23711.740666473383,23712.57664238885,1874
2026-08-27 09:57:00+05:30,23712.57664238885,23718.56168218622,23712.022655578785,23716.364501215674,5885
2026-08-27 09:58:00+05:30,23716.364501215674,23719.414570872763,23715.844131752496,23718.92869247288,3280
2026-08-27 09:59:00+05:30,23718.92869247288,23721.410327554157,23716.731066706077,23718.65906807918,5816
2026-08-27 10:00:00+05:30,23718.65906807918,23718.950962708477,23716.481595410056,23716.54311592025,5347
2026-08-27 10:01:00+05:30,23716.54311592025,23716.549955007406,23711.97235259652,23713.185599725526,5238
2026-08-27 10:02:00+05:30,23713.185599725526,23714.129189253716,23712.770507010882,23712.82988623356,4225
2026-08-27 10:03:00+05:30,23712.82988623356,23713.177212926777,23710.89436114248,23712.827694398955,1944
2026-08-27 10:04:00+05:30,23712.827694398955,23713.236320149554,23707.928375456744,23709.404476301705,5509
2026-08-27 10:05:00+05:30,23709.404476301705,23711.876200671017,23709.403669237894,23710.93931752881,3602
2026-08-27 10:06:00+05:30,23710.93931752881,23711.07092463267,23708.943789737503,23709.354643726416,2550
2026-08-27 10:07:00+05:30,23709.354643726416,23710.14633331883,23708.524179281918,23710.13485826455,5263
2026-08-27 10:08:00+05:30,23710.13485826455,23711.67310960219,23708.566891420687,23711.3795775749,1532
2026-08-27 10:09:00+05:30,23711.3795775749,23713.22190692826,23711.2688489748,23713.09637560355,5711
2026-08-27 10:10:00+05:30,23713.09637560355,23714.59218359849,23711.099551688912,23714.341073277927,5538
2026-08-27 10:11:00+05:30,23714.341073277927,23718.803879262974,23712.911741833123,23717.118585956232,4648
2026-08-27 10:12:00+05:30,23717.118585956232,23718.892031740044,23714.491479350552,23714.810004799652,3191
2026-08-27 10:13:00+05:30,23714.810004799652,23714.947922962358,23712.647416840176,23714.57366455988,3764
2026-08-27 10:14:00+05:30,23714.57366455988,23716.543868695506,23708.202737765,23709.47675973944,3954
2026-08-27 10:15:00+05:30,23709.47675973944,23711.372403444242,23706.384117123725,23707.615390641164,5614
2026-08-27 10:16:00+05:30,23707.615390641164,23709.132970633742,23703.666961568677,23703.92583103585,2866
2026-08-27 10:17:00+05:30,23703.92583103585,23705.57725565134,23701.73365536645,23702.177906477216,1253
2026-08-27 10:18:00+05:30,23702.177906477216,23702.843503813943,23695.437572384984,23697.249240712383,2246
2026-08-27 10:19:00+05:30,23697.249240712383,23699.0722772246,23696.663646204397,23699.051879250997,4252
2026-08-27 10:20:00+05:30,23699.051879250997,23703.466582778856,23697.106043496893,23702.223390513656,5816
2026-08-27 10:21:00+05:30,23702.223390513656,23702.595738280146,23701.47127984248,23701.667629218002,3101
2026-08-27 10:22:00+05:30,23701.667629218002,23702.23949234294,23698.314485142975,23699.839528916556,3163
2026-08-27 10:23:00+05:30,23699.839528916556,23701.908820789937,23699.382781596898,23701.754918175073,5403
2026-08-27 10:24:00+05:30,23701.754918175073,23704.349388193816,23700.76093447481,23701.854365388266,4628
2026-08-27 10:25:00+05:30,23701.854365388266,23701.854660403686,23700.847674219298,23700.954788331193,5322
2026-08-27 10:26:00+05:30,23700.954788331193,23702.78406983865,23696.065786756255,23698.361047669547,1644
2026-08-27 10:27:00+05:30,23698.361047669547,23698.655156140667,23695.49058399809,23695.749070844682,5206
2026-08-27 10:28:00+05:30,23695.749070844682,23696.61836070317,23693.308956207806,23693.629679794936,1222
2026-08-27 10:29:00+05:30,23693.629679794936,23694.77085196247,23692.74419346771,23693.7111462839,2260
2026-08-27 10:30:00+05:30,23693.7111462839,23696.660856386945,23693.61668839858,23696.237015381605,4864
2026-08-27 10:31:00+05:30,23696.237015381605,23696.425376000516,23694.53333993405,23695.345186610935,2591
2026-08-27 10:32:00+05:30,23695.345186610935,23696.908474655535,23693.39177869229,23694.150119988517,1702
2026-08-27 10:33:00+05:30,23694.150119988517,23696.203273594467,23694.063542933454,23695.959357871394,2315
2026-08-27 10:34:00+05:30,23695.959357871394,23697.329923047648,23695.576654726352,23697.094769458516,1604
2026-08-27 10:35:00+05:30,23697.094769458516,23697.913641269824,23696.051717242877,23697.21469196599,2807
2026-08-27 10:36:00+05:30,23697.21469196599,23700.599161641145,23694.788137908676,23699.78212321439,2342
2026-08-27 10:37:00+05:30,23699.78212321439,23705.302808198307,23699.14224006083,23704.68601062493,5889
2026-08-27 10:38:00+05:30,23704.68601062493,23705.464689609187,23701.617425320495,23701.684608113537,4035
2026-08-27 10:39:00+05:30,23701.684608113537,23701.743230570635,23699.2794659469,23699.671296712266,4402
2026-08-27 10:40:00+05:30,23699.671296712266,23700.496576865065,23694.585001268093,23695.3841313681,4021
2026-08-27 10:41:00+05:30,23695.3841313681,23696.872876635025,23692.732093096525,23694.639424485686,2098
2026-08-27 10:42:00+05:30,23694.639424485686,23695.168614948023,23694.166686749886,23695.12759424229,3493
2026-08-27 10:43:00+05:30,23695.12759424229,23695.704783924626,23693.4970315103,23694.248286480906,4874
2026-08-27 10:44:00+05:30,23694.248286480906,23694.778945434522,23691.21877330505,23693.065980410178,2829
2026-08-27 10:45:00+05:30,23693.065980410178,23697.905726022553,23692.36122979487,23696.837879045986,1121
2026-08-27 10:46:00+05:30,23696.837879045986,23698.12965641676,23695.026734704603,23697.608359870934,5894
2026-08-27 10:47:00+05:30,23697.608359870934,23698.137646024217,23696.581459206944,23697.639427468373,4834
2026-08-27 10:48:00+05:30,23697.639427468373,23702.340107490356,23696.674693434084,23701.033291395543,1960
2026-08-27 10:49:00+05:30,23701.033291395543,23701.620049469893,23695.983567845367,23698.54359280949,1743
2026-08-27 10:50:00+05:30,23698.54359280949,23698.67909100576,23692.53358112193,23693.68663043959,1633
2026-08-27 10:51:00+05:30,23693.68663043959,23696.737324988717,23692.054121250367,23692.741583735246,3044
2026-08-27 10:52:00+05:30,23692.741583735246,23693.821174885263,23690.322891212367,23690.527641882043,4742
2026-08-27 10:53:00+05:30,23690.527641882043,23695.008932799745,23689.704446959106,23693.968917016813,3455
2026-08-27 10:54:00+05:30,23693.968917016813,23695.07872954556,23691.643773139793,23693.030533195262,2895
2026-08-27 10:55:00+05:30,23693.030533195262,23693.44100449083,23690.02641802535,23691.112019717886,4811
2026-08-27 10:56:00+05:30,23691.112019717886,23692.88933163416,23690.007705315424,23690.014045754215,5708
2026-08-27 10:57:00+05:30,23690.014045754215,23691.417071415486,23688.93847086653,23691.04434397601,1834
2026-08-27 10:58:00+05:30,23691.04434397601,23692.304974787454,23690.188781363388,23692.11746845547,1019
2026-08-27 10:59:00+05:30,23692.11746845547,23695.76449798185,23689.771043642144,23693.93263546817,5067
2026-08-27 11:00:00+05:30,23693.93263546817,23694.937585012325,23691.064040377565,23691.560900951536,1882
2026-08-27 11:01:00+05:30,23691.560900951536,23693.658897966914,23691.49694868903,23692.88880437159,1111
2026-08-27 11:02:00+05:30,23692.88880437159,23693.441358362918,23692.03967601197,23692.28773395787,1882
2026-08-27 11:03:00+05:30,23692.28773395787,23694.122339039463,23689.177362424776,23689.771417536307,2419
2026-08-27 11:04:00+05:30,23689.771417536307,23697.36573694974,23689.091619173123,23696.517680603607,1690
2026-08-27 11:05:00+05:30,23696.517680603607,23697.96247412083,23694.016065945838,23695.029920939014,4796
2026-08-27 11:06:00+05:30,23695.029920939014,23695.91071577847,23690.969133872735,23692.09238924649,2053
2026-08-27 11:07:00+05:30,23692.09238924649,23692.896937261034,23691.552668210876,23692.64649276257,1391
2026-08-27 11:08:00+05:30,23692.64649276257,23695.152599602065,23689.27600557212,23690.550659445566,5087
2026-08-27 11:09:00+05:30,23690.550659445566,23691.938988372985,23687.475950949076,23689.527544908935,5428
2026-08-27 11:10:00+05:30,23689.527544908935,23690.125166893773,23688.344025621318,23688.93295556421,1787
2026-08-27 11:11:00+05:30,23688.93295556421,23694.406250697317,23688.713372995702,23692.07904157186,3685
2026-08-27 11:12:00+05:30,23692.07904157186,23694.929566407372,23689.473050436995,23693.79809873339,5353
2026-08-27 11:13:00+05:30,23693.79809873339,23693.81137370662,23689.830412901054,23690.771357706773,5872
2026-08-27 11:14:00+05:30,23690.771357706773,23692.298627815373,23688.85305086702,23690.601363129765,2332
2026-08-27 11:15:00+05:30,23690.601363129765,23690.89953201409,23686.431086156736,23688.078734656774,4559
2026-08-27 11:16:00+05:30,23688.078734656774,23692.106710734755,23687.735288431886,23691.343252229497,912
2026-08-27 11:17:00+05:30,23691.343252229497,23695.323490320894,23690.250301055363,23693.646658617712,4333
2026-08-27 11:18:00+05:30,23693.646658617712,23694.827700077974,23690.88626626958,23691.537451124856,5532
2026-08-27 11:19:00+05:30,23691.537451124856,23692.810635667116,23689.713660203404,23691.188238429,1359
2026-08-27 11:20:00+05:30,23691.188238429,23693.12581876885,23690.55885720616,23691.83403644468,3124
2026-08-27 11:21:00+05:30,23691.83403644468,23693.82765603587,23687.977376640785,23689.994131636326,3330
2026-08-27 11:22:00+05:30,23689.994131636326,23692.80458497315,23689.19367271539,23692.298240645974,5515
2026-08-27 11:23:00+05:30,23692.298240645974,23694.897618299834,23692.154129342063,23694.496181883438,1182
2026-08-27 11:24:00+05:30,23694.496181883438,23694.559422212624,23692.877021131942,23693.64851497254,1848
2026-08-27 11:25:00+05:30,23693.64851497254,23696.022276272062,23693.63867005165,23694.679147842216,1582
2026-08-27 11:26:00+05:30,23694.679147842216,23695.580794051002,23690.696844001446,23692.060388571055,2193
2026-08-27 11:27:00+05:30,23692.060388571055,23694.97702388663,23691.497953646245,23693.262898713514,5050
2026-08-27 11:28:00+05:30,23693.262898713514,23693.36251202559,23691.347440008652,23692.477021587525,2644
2026-08-27 11:29:00+05:30,23692.477021587525,23693.094812946056,23690.597773347105,23691.240035987423,1121
2026-08-27 11:30:00+05:30,23691.240035987423,23691.817546333725,23687.68681606765,23688.679183509063,3935
2026-08-27 11:31:00+05:30,23688.679183509063,23691.8839391515,23687.349613633014,23688.620320776517,4977
2026-08-27 11:32:00+05:30,23688.620320776517,23688.685463238282,23684.789551371086,23685.285460705567,3878
2026-08-27 11:33:00+05:30,23685.285460705567,23688.488132871345,23684.41790012137,23685.96457318216,5046
2026-08-27 11:34:00+05:30,23685.96457318216,23687.434911437726,23685.358935734763,23686.08920666975,2218
2026-08-27 11:35:00+05:30,23686.08920666975,23686.32139476538,23681.404836636797,23683.340923219203,2711
2026-08-27 11:36:00+05:30,23683.340923219203,23683.734756962614,23681.9315553296,23682.684840506063,5414
2026-08-27 11:37:00+05:30,23682.684840506063,23683.569835202,23678.119773659862,23678.739256900775,4344
2026-08-27 11:38:00+05:30,23678.739256900775,23680.0980675767,23675.11361895301,23675.952691008704,5047
2026-08-27 11:39:00+05:30,23675.952691008704,23677.167766092825,23675.57054745078,23677.140873263677,945
2026-08-27 11:40:00+05:30,23677.140873263677,23678.11614563313,23674.031775448577,23674.961689279557,4392
2026-08-27 11:41:00+05:30,23674.961689279557,23675.574521545364,23671.5210872159,23672.79041479502,1793
2026-08-27 11:42:00+05:30,23672.79041479502,23673.51034275204,23667.764011659685,23668.403163679093,2732
2026-08-27 11:43:00+05:30,23668.403163679093,23670.689634359554,23667.4135684379,23668.70682760119,1607
2026-08-27 11:44:00+05:30,23668.70682760119,23669.2343692213,23664.411180872255,23666.02171176045,3873
2026-08-27 11:45:00+05:30,23666.02171176045,23667.129405674223,23662.292419548594,23663.08703700661,3046
2026-08-27 11:46:00+05:30,23663.08703700661,23664.73914317218,23659.539905937123,23660.132327719257,3074
2026-08-27 11:47:00+05:30,23660.132327719257,23660.65541202602,23660.005812342333,23660.2874917048,2106
2026-08-27 11:48:00+05:30,23660.2874917048,23662.672268820697,23659.702262257837,23661.989190797707,1591
2026-08-27 11:49:00+05:30,23661.989190797707,23663.249854936013,23657.98747883689,23660.74438003781,676
2026-08-27 11:50:00+05:30,23660.74438003781,23661.13915068857,23659.517104416573,23660.813584229378,1006
2026-08-27 11:51:00+05:30,23660.813584229378,23662.526193608323,23659.71494734403,23662.109635317225,2538
2026-08-27 11:52:00+05:30,23662.109635317225,23667.1032623685,23662.063991099218,23665.431895230267,4361
2026-08-27 11:53:00+05:30,23665.431895230267,23665.842436617117,23664.644370674396,23664.98454915377,1193
2026-08-27 11:54:00+05:30,23664.98454915377,23666.45434766851,23664.345675793094,23664.516527812262,4712
2026-08-27 11:55:00+05:30,23664.516527812262,23665.74502276968,23663.07252575977,23664.89727451048,1696
2026-08-27 11:56:00+05:30,23664.89727451048,23671.075927377588,23664.61061682653,23669.888958209183,587
2026-08-27 11:57:00+05:30,23669.888958209183,23670.160379194196,23665.1245173197,23665.45096601704,1653
2026-08-27 11:58:00+05:30,23665.45096601704,23669.578942401025,23663.863415549127,23665.101431199357,1468
2026-08-27 11:59:00+05:30,23665.101431199357,23665.7419535378,23660.876561509987,23661.649085419274,3510
2026-08-27 12:00:00+05:30,23661.649085419274,23661.808401472605,23658.64563824254,23659.79674800591,2526
2026-08-27 12:01:00+05:30,23659.79674800591,23660.05229733646,23656.6881428,23656.945306197125,2023
2026-08-27 12:02:00+05:30,23656.945306197125,23659.098242638214,23654.714270344306,23655.96661730535,3826
2026-08-27 12:03:00+05:30,23655.96661730535,23657.20173247676,23655.74244260254,23656.06657157539,621
2026-08-27 12:04:00+05:30,23656.06657157539,23658.25576059255,23654.189140820272,23657.77724911487,4484
2026-08-27 12:05:00+05:30,23657.77724911487,23661.069525708088,23656.930361801755,23659.495631088186,3867
2026-08-27 12:06:00+05:30,23659.495631088186,23660.853580052633,23657.99719303386,23658.533492844595,5002
2026-08-27 12:07:00+05:30,23658.533492844595,23659.807755498277,23653.17933680949,23655.213530566252,1236
2026-08-27 12:08:00+05:30,23655.213530566252,23657.155444962078,23652.745944820133,23655.348450641475,3019
2026-08-27 12:09:00+05:30,23655.348450641475,23657.68475031542,23654.701491071897,23656.227186453532,5858
2026-08-27 12:10:00+05:30,23656.227186453532,23657.49037570052,23655.11948932152,23657.290675835706,3359
2026-08-27 12:11:00+05:30,23657.290675835706,23657.48897208307,23651.126211618062,23651.641391060053,2825
2026-08-27 12:12:00+05:30,23651.641391060053,23654.132651055334,23650.65547767423,23653.120310652143,1894
2026-08-27 12:13:00+05:30,23653.120310652143,23655.713500574893,23652.887814810972,23654.083899702404,1416
2026-08-27 12:14:00+05:30,23654.083899702404,23655.633224291745,23653.181608471205,23655.1475502128,1739
2026-08-27 12:15:00+05:30,23655.1475502128,23655.889276226364,23652.66311913526,23654.45973792265,5155
2026-08-27 12:16:00+05:30,23654.45973792265,23654.91572654492,23654.177351332746,23654.463788166504,4376
2026-08-27 12:17:00+05:30,23654.463788166504,23655.53103862957,23652.79103896764,23652.97993631987,572
2026-08-27 12:18:00+05:30,23652.97993631987,23654.402297945944,23649.598353785015,23651.328141299382,1989
2026-08-27 12:19:00+05:30,23651.328141299382,23651.879023957576,23648.78726363966,23649.173437649864,3009
2026-08-27 12:20:00+05:30,23649.173437649864,23651.254527338177,23646.02022679088,23646.826603713624,3062
2026-08-27 12:21:00+05:30,23646.826603713624,23651.616775372764,23644.88535033548,23650.305532335322,4060
2026-08-27 12:22:00+05:30,23650.305532335322,23651.968159702,23649.87795113702,23650.193838525956,4040
2026-08-27 12:23:00+05:30,23650.193838525956,23650.94728959622,23648.751970065565,23650.557898313247,4630
2026-08-27 12:24:00+05:30,23650.557898313247,23650.986492859123,23647.938667365866,23649.170189485038,5682
2026-08-27 12:25:00+05:30,23649.170189485038,23651.024222804826,23646.77563922621,23647.27822855664,2774
2026-08-27 12:26:00+05:30,23647.27822855664,23649.015338859048,23645.677597741476,23648.66005181793,2569
2026-08-27 12:27:00+05:30,23648.66005181793,23651.051598027127,23648.354995453858,23650.18674400854,4724
2026-08-27 12:28:00+05:30,23650.18674400854,23651.819465074383,23646.12820634953,23646.254681461724,2448
2026-08-27 12:29:00+05:30,23646.254681461724,23646.78794187806,23639.82843540237,23641.56780862244,671
2026-08-27 12:30:00+05:30,23641.56780862244,23645.001126205552,23641.283744246437,23642.709791553505,5099
2026-08-27 12:31:00+05:30,23642.709791553505,23644.61720031034,23639.33386316648,23639.977085259536,3000
2026-08-27 12:32:00+05:30,23639.977085259536,23643.778869439066,23639.228997554725,23641.51870239958,5278
2026-08-27 12:33:00+05:30,23641.51870239958,23642.66305228014,23636.862519045284,23637.465004549384,3392
2026-08-27 12:34:00+05:30,23637.465004549384,23638.2423206698,23636.927264455604,23636.976850756666,3371
2026-08-27 12:35:00+05:30,23636.976850756666,23640.502387665292,23636.897418469143,23640.236900090425,3471
2026-08-27 12:36:00+05:30,23640.236900090425,23642.349216623414,23640.179220707578,23640.895152221787,2522
2026-08-27 12:37:00+05:30,23640.895152221787,23642.44899316155,23639.674233104568,23640.071190506336,5017
2026-08-27 12:38:00+05:30,23640.071190506336,23644.10408893921,23640.068202971368,23641.974346668514,5050
2026-08-27 12:39:00+05:30,23641.974346668514,23643.401293407536,23639.649690863753,23641.743399837527,4336
2026-08-27 12:40:00+05:30,23641.743399837527,23642.922265752542,23640.806916715188,23641.354821199056,4107
2026-08-27 12:41:00+05:30,23641.354821199056,23641.589039886523,23635.070260305325,23636.376865210597,2601
2026-08-27 12:42:00+05:30,23636.376865210597,23639.478459569935,23631.205166686213,23632.258457107604,3600
2026-08-27 12:43:00+05:30,23632.258457107604,23632.326148094355,23629.6372917797,23630.754257188604,4729
2026-08-27 12:44:00+05:30,23630.754257188604,23632.180250675636,23628.38985048547,23628.803662883143,1879
2026-08-27 12:45:00+05:30,23628.803662883143,23629.317497444565,23626.87488805918,23628.112549074016,5003
2026-08-27 12:46:00+05:30,23628.112549074016,23628.47359320753,23626.517622307925,23627.12619240092,1737
2026-08-27 12:47:00+05:30,23627.12619240092,23629.439775318202,23626.023053756533,23629.35898678448,2149
2026-08-27 12:48:00+05:30,23629.35898678448,23629.975437924626,23621.408256145936,23623.39996706501,5495
2026-08-27 12:49:00+05:30,23623.39996706501,23624.989053359033,23619.892356474556,23620.40653703881,4752
2026-08-27 12:50:00+05:30,23620.40653703881,23620.930475273242,23619.23572403273,23619.65612593755,5407
2026-08-27 12:51:00+05:30,23619.65612593755,23620.96297795795,23617.367430052836,23617.452575724943,3466
2026-08-27 12:52:00+05:30,23617.452575724943,23618.23987383802,23613.950427146774,23616.550249351632,1932
2026-08-27 12:53:00+05:30,23616.550249351632,23618.50094657213,23615.07663129671,23616.939993499956,4625
2026-08-27 12:54:00+05:30,23616.939993499956,23617.221858765726,23616.354395176495,23617.191158518734,5305
2026-08-27 12:55:00+05:30,23617.191158518734,23620.381660221403,23616.4546013262,23620.19634961773,5101
2026-08-27 12:56:00+05:30,23620.19634961773,23624.05680423696,23619.627225130782,23622.573357257734,3507
2026-08-27 12:57:00+05:30,23622.573357257734,23624.011465213567,23619.683781859727,23620.050922024555,1909
2026-08-27 12:58:00+05:30,23620.050922024555,23621.491222851615,23617.909442093023,23618.362772807493,3378
2026-08-27 12:59:00+05:30,23618.362772807493,23619.17680958112,23615.436149671732,23617.91396911835,1662
2026-08-27 13:00:00+05:30,23617.91396911835,23619.119054539115,23611.690469943907,23612.46709617455,1622
2026-08-27 13:01:00+05:30,23612.46709617455,23612.95622440927,23609.714896155336,23610.18624754754,5453
2026-08-27 13:02:00+05:30,23610.18624754754,23611.48950731771,23607.108573930953,23608.8304788198,4995
2026-08-27 13:03:00+05:30,23608.8304788198,23611.104016119516,23607.701188385392,23607.720888189775,5249
2026-08-27 13:04:00+05:30,23607.720888189775,23608.129607224844,23603.31507332043,23604.719711942846,2897
2026-08-27 13:05:00+05:30,23604.719711942846,23607.059839679638,23603.87140389872,23605.355526421252,5033
2026-08-27 13:06:00+05:30,23605.355526421252,23608.541641405514,23604.45259354658,23605.588328922542,975
2026-08-27 13:07:00+05:30,23605.588328922542,23607.119573833184,23603.104722220833,23605.10005005669,4657
2026-08-27 13:08:00+05:30,23605.10005005669,23606.48803334202,23601.729300617964,23604.240393513643,1317
2026-08-27 13:09:00+05:30,23604.240393513643,23605.456402349922,23601.98375445989,23602.626087529727,1203
2026-08-27 13:10:00+05:30,23602.626087529727,23605.541011954316,23600.789891515553,23604.49383414595,1713
2026-08-27 13:11:00+05:30,23604.49383414595,23608.98542451393,23603.97457770879,23607.637674320806,3755
2026-08-27 13:12:00+05:30,23607.637674320806,23609.190473268223,23607.370690149593,23608.39305530887,4627
2026-08-27 13:13:00+05:30,23608.39305530887,23610.556081965675,23607.59009774884,23609.86940806952,3527
2026-08-27 13:14:00+05:30,23609.86940806952,23612.887245034297,23608.766008000337,23612.745118630188,3274
2026-08-27 13:15:00+05:30,23612.745118630188,23615.063444572163,23611.62601294506,23614.950275871866,5297
2026-08-27 13:16:00+05:30,23614.950275871866,23620.51331555948,23614.806047066093,23617.81357178103,4706
2026-08-27 13:17:00+05:30,23617.81357178103,23619.337095426985,23616.689479652458,23617.6960510283,2415
2026-08-27 13:18:00+05:30,23617.6960510283,23618.906827084083,23617.390704312296,23618.720519571863,4653
2026-08-27 13:19:00+05:30,23618.720519571863,23621.059160045515,23616.606939819278,23618.520436062765,3386
2026-08-27 13:20:00+05:30,23618.520436062765,23618.734450399512,23616.510742091494,23616.781996487418,4465
2026-08-27 13:21:00+05:30,23616.781996487418,23617.899106637655,23615.440401199932,23615.505930670006,3760
2026-08-27 13:22:00+05:30,23615.505930670006,23620.30479860283,23613.794675512636,23617.67040283729,1977
2026-08-27 13:23:00+05:30,23617.67040283729,23622.215012826488,23615.99831588404,23618.858985170264,4204
2026-08-27 13:24:00+05:30,23618.858985170264,23618.956012045976,23615.1427160052,23615.996267644845,3751
2026-08-27 13:25:00+05:30,23615.996267644845,23616.504073897595,23614.914199417595,23616.204865605323,2236
2026-08-27 13:26:00+05:30,23616.204865605323,23618.900779588996,23615.608225540564,23617.835575464123,1770
2026-08-27 13:27:00+05:30,23617.835575464123,23618.423101532815,23616.380044295158,23617.991120018403,2267
2026-08-27 13:28:00+05:30,23617.991120018403,23619.232709401538,23615.668329257896,23618.363417111355,3871
2026-08-27 13:29:00+05:30,23618.363417111355,23618.847986922527,23617.161637139885,23617.758777986324,1876
2026-08-27 13:30:00+05:30,23617.758777986324,23619.346128426336,23617.165225953737,23617.688468190554,672
2026-08-27 13:31:00+05:30,23617.688468190554,23618.488660156432,23613.33127124247,23614.59128704781,4813
2026-08-27 13:32:00+05:30,23614.59128704781,23614.98258342921,23611.882400292707,23612.01846813983,5152
2026-08-27 13:33:00+05:30,23612.01846813983,23613.5463907029,23605.154956956194,23607.049259813764,802
2026-08-27 13:34:00+05:30,23607.049259813764,23611.836843824476,23606.249185849843,23610.57941770798,914
2026-08-27 13:35:00+05:30,23610.57941770798,23612.60684502862,23609.891370604477,23612.55184402586,1499
2026-08-27 13:36:00+05:30,23612.55184402586,23613.7456275767,23609.351629273195,23610.44416680312,3430
2026-08-27 13:37:00+05:30,23610.44416680312,23613.084044816518,23610.335091736706,23612.65826580531,3353
2026-08-27 13:38:00+05:30,23612.65826580531,23614.914710962785,23611.881512389562,23613.942479977155,5078
2026-08-27 13:39:00+05:30,23613.942479977155,23615.135338245087,23611.34488008361,23612.646563240043,5649
2026-08-27 13:40:00+05:30,23612.646563240043,23613.771919093175,23610.24491576967,23610.445504055384,3837
2026-08-27 13:41:00+05:30,23610.445504055384,23611.79243706962,23606.348317501688,23607.253201832315,1672
2026-08-27 13:42:00+05:30,23607.253201832315,23609.12109791392,23605.440934887865,23605.603343923558,2432
2026-08-27 13:43:00+05:30,23605.603343923558,23605.98556890959,23601.670616477724,23601.808147865446,5890
2026-08-27 13:44:00+05:30,23601.808147865446,23603.774806352656,23600.826488364146,23602.73862561326,2703
2026-08-27 13:45:00+05:30,23602.73862561326,23603.407816098254,23600.267936327455,23600.754936150443,5560
2026-08-27 13:46:00+05:30,23600.754936150443,23601.403406926755,23599.914744133035,23599.98671592777,2315
2026-08-27 13:47:00+05:30,23599.98671592777,23601.045277294554,23599.619523181656,23600.588687083513,3991
2026-08-27 13:48:00+05:30,23600.588687083513,23600.820335834767,23595.983107462987,23597.317242891117,5328
2026-08-27 13:49:00+05:30,23597.317242891117,23601.350975062534,23597.276548383732,23601.028625989955,2894
2026-08-27 13:50:00+05:30,23601.028625989955,23602.679852084588,23600.579663289598,23601.054630644223,4862
2026-08-27 13:51:00+05:30,23601.054630644223,23601.693162326752,23600.38214816764,23601.03143278828,3910
2026-08-27 13:52:00+05:30,23601.03143278828,23602.12876465258,23597.428465381432,23598.54050005894,3057
2026-08-27 13:53:00+05:30,23598.54050005894,23600.345220930947,23597.43456876084,23599.83289620064,1040
2026-08-27 13:54:00+05:30,23599.83289620064,23601.223732635084,23594.820772413197,23596.50796786,5262
2026-08-27 13:55:00+05:30,23596.50796786,23599.819940303187,23595.11954303174,23599.03603545054,1995
2026-08-27 13:56:00+05:30,23599.03603545054,23599.11602250327,23595.871552613553,23597.61370997176,4351
2026-08-27 13:57:00+05:30,23597.61370997176,23599.53658811226,23596.5324413911,23598.170475169165,2887
2026-08-27 13:58:00+05:30,23598.170475169165,23598.543996240278,23596.175937086202,23598.136527944313,4996
2026-08-27 13:59:00+05:30,23598.136527944313,23598.504312088753,23594.068788494358,23594.87422875056,5352
2026-08-27 14:00:00+05:30,23594.87422875056,23597.768864791415,23594.742637746276,23597.576154746082,1714
2026-08-27 14:01:00+05:30,23597.576154746082,23598.158799245804,23595.524121716535,23598.031321595616,1610
2026-08-27 14:02:00+05:30,23598.031321595616,23598.03880773869,23596.42424695803,23598.01141201153,5670
2026-08-27 14:03:00+05:30,23598.01141201153,23600.14612599636,23594.607501816405,23596.778265705037,1961
2026-08-27 14:04:00+05:30,23596.778265705037,23597.451378209884,23595.981847174113,23597.397515767956,916
2026-08-27 14:05:00+05:30,23597.397515767956,23597.975125341258,23595.842358643236,23596.692047005807,5089
2026-08-27 14:06:00+05:30,23596.692047005807,23600.84326068305,23596.450996052234,23599.554646001798,2715
2026-08-27 14:07:00+05:30,23599.554646001798,23599.764110073014,23595.976659416727,23597.90018925095,1676
2026-08-27 14:08:00+05:30,23597.90018925095,23598.872934031147,23596.41067672256,23597.594200295316,3177
2026-08-27 14:09:00+05:30,23597.594200295316,23598.660431248813,23595.122725458696,23595.711065944655,2454
2026-08-27 14:10:00+05:30,23595.711065944655,23596.43142891969,23594.384091852775,23594.587959076118,2661
2026-08-27 14:11:00+05:30,23594.587959076118,23596.794491857447,23594.56292041647,23595.318010591105,4125
2026-08-27 14:12:00+05:30,23595.318010591105,23596.488379276154,23593.900943674795,23595.11149801697,2342
2026-08-27 14:13:00+05:30,23595.11149801697,23595.339714752066,23589.229856782153,23589.861001874124,2679
2026-08-27 14:14:00+05:30,23589.861001874124,23592.570841245622,23589.763342838363,23590.70642104765,4106
2026-08-27 14:15:00+05:30,23590.70642104765,23592.92275382969,23588.899981153372,23592.57738005755,3335
2026-08-27 14:16:00+05:30,23592.57738005755,23593.95954689345,23591.16714960556,23592.006260781818,3771
2026-08-27 14:17:00+05:30,23592.006260781818,23592.531552618497,23591.62864881379,23591.953325522343,3629
2026-08-27 14:18:00+05:30,23591.953325522343,23592.247067078915,23589.913751371125,23590.860739521147,4561
2026-08-27 14:19:00+05:30,23590.860739521147,23592.678013890956,23589.864174213842,23590.206057759166,1787
2026-08-27 14:20:00+05:30,23590.206057759166,23591.03830284856,23588.830577921322,23590.850600769725,4675
2026-08-27 14:21:00+05:30,23590.850600769725,23592.4556663488,23588.978883538846,23590.48120954712,3992
2026-08-27 14:22:00+05:30,23590.48120954712,23592.24813686918,23587.96123564217,23588.2792696992,2677
2026-08-27 14:23:00+05:30,23588.2792696992,23590.608751157073,23585.51230324424,23590.19394187711,5760
2026-08-27 14:24:00+05:30,23590.19394187711,23590.787045096346,23587.602194912382,23590.67940519962,3474
2026-08-27 14:25:00+05:30,23590.67940519962,23592.05451514506,23589.655841171952,23591.338063352607,3277
2026-08-27 14:26:00+05:30,23591.338063352607,23593.851556402846,23590.738155712137,23592.96849117647,2558
2026-08-27 14:27:00+05:30,23592.96849117647,23593.17779762386,23590.485039656916,23590.71167158462,1950
2026-08-27 14:28:00+05:30,23590.71167158462,23592.40219194166,23589.4843279166,23591.00053373987,5355
2026-08-27 14:29:00+05:30,23591.00053373987,23593.053425167538,23590.77146909527,23591.75981496352,1192
2026-08-27 14:30:00+05:30,23591.75981496352,23592.59311885476,23588.61695279115,23591.330811063293,1362
2026-08-27 14:31:00+05:30,23591.330811063293,23596.74714920329,23590.554296694892,23593.623571465443,3936
2026-08-27 14:32:00+05:30,23593.623571465443,23595.903974011864,23592.96047076086,23594.960874419,4384
2026-08-27 14:33:00+05:30,23594.960874419,23596.737064247733,23594.04585773274,23595.93181458185,1257
2026-08-27 14:34:00+05:30,23595.93181458185,23596.708171810267,23593.136834611392,23596.66140873515,709
2026-08-27 14:35:00+05:30,23596.66140873515,23597.97477421941,23595.669189610948,23595.981869860585,2993
2026-08-27 14:36:00+05:30,23595.981869860585,23597.498301704738,23594.408472980253,23597.25967702377,4271
2026-08-27 14:37:00+05:30,23597.25967702377,23597.475404113942,23596.83662634333,23597.417734858995,1473
2026-08-27 14:38:00+05:30,23597.417734858995,23600.695536706204,23596.45377715074,23599.73284958329,694
2026-08-27 14:39:00+05:30,23599.73284958329,23601.807575463783,23599.644240172373,23599.652990163508,4527
2026-08-27 14:40:00+05:30,23599.652990163508,23600.90479340151,23595.19014302737,23595.797924204486,687
2026-08-27 14:41:00+05:30,23595.797924204486,23596.19383277068,23593.16919860575,23593.50544779948,3280
2026-08-27 14:42:00+05:30,23593.50544779948,23594.82375727451,23589.61825794721,23590.361500614516,5467
2026-08-27 14:43:00+05:30,23590.361500614516,23591.176473248328,23588.887041615224,23589.0710675969,3688
2026-08-27 14:44:00+05:30,23589.0710675969,23589.783008115963,23587.43298214678,23588.753314367408,5612
2026-08-27 14:45:00+05:30,23588.753314367408,23589.291769544823,23581.83168811342,23583.17143460317,5315
2026-08-27 14:46:00+05:30,23583.17143460317,23585.344610863,23580.8806572393,23581.3761915967,3318
2026-08-27 14:47:00+05:30,23581.3761915967,23582.891031898947,23579.11611524656,23579.673740050006,4250
2026-08-27 14:48:00+05:30,23579.673740050006,23581.535477254703,23579.128017603238,23580.83477982285,3157
2026-08-27 14:49:00+05:30,23580.83477982285,23587.513279362847,23578.183604964997,23585.313164887855,538
2026-08-27 14:50:00+05:30,23585.313164887855,23585.327927332473,23581.532767827775,23582.534254854803,508
2026-08-27 14:51:00+05:30,23582.534254854803,23586.73653321077,23580.631081943982,23584.94967402598,5033
2026-08-27 14:52:00+05:30,23584.94967402598,23585.776235521527,23575.52068000409,23576.328067886472,5731
2026-08-27 14:53:00+05:30,23576.328067886472,23580.385255438116,23574.149414057858,23579.55670821059,1988
2026-08-27 14:54:00+05:30,23579.55670821059,23584.15682445177,23577.09834470372,23582.522443314065,5401
2026-08-27 14:55:00+05:30,23582.522443314065,23583.23441773043,23581.040110736943,23581.93161387239,5736
2026-08-27 14:56:00+05:30,23581.93161387239,23582.94661695255,23574.24554730937,23574.89552158189,5149
2026-08-27 14:57:00+05:30,23574.89552158189,23575.233134360467,23572.61343997252,23573.4871563623,3944
2026-08-27 14:58:00+05:30,23573.4871563623,23576.14272304067,23572.60572682648,23575.535738907107,5069
2026-08-27 14:59:00+05:30,23575.535738907107,23576.524942608998,23575.023672684394,23576.437711820996,1209
2026-08-27 15:00:00+05:30,23576.437711820996,23581.38512420707,23575.766199077305,23579.015907870806,2809
2026-08-27 15:01:00+05:30,23579.015907870806,23579.566817968796,23578.393481969884,23578.5760658589,3697
2026-08-27 15:02:00+05:30,23578.5760658589,23582.87125864278,23577.863674089353,23581.884689175546,5043
2026-08-27 15:03:00+05:30,23581.884689175546,23583.535831032354,23581.1266992141,23581.308434952167,4387
2026-08-27 15:04:00+05:30,23581.308434952167,23583.04501966917,23577.798436095694,23579.887828647832,4462
2026-08-27 15:05:00+05:30,23579.887828647832,23581.432640349223,23579.760681182124,23581.089751416934,3891
2026-08-27 15:06:00+05:30,23581.089751416934,23581.09555528084,23578.383168402834,23579.415954153363,4284
2026-08-27 15:07:00+05:30,23579.415954153363,23579.567252394743,23574.711682753754,23574.79659942467,2337
2026-08-27 15:08:00+05:30,23574.79659942467,23577.147013283517,23572.769596928134,23574.73804658986,3430
2026-08-27 15:09:00+05:30,23574.73804658986,23576.383788002284,23574.546642371908,23575.902235703463,3260
2026-08-27 15:10:00+05:30,23575.902235703463,23576.45905776202,23570.79294631933,23571.443684078888,4241
2026-08-27 15:11:00+05:30,23571.443684078888,23572.305619403814,23568.12343780334,23569.64541389004,587
2026-08-27 15:12:00+05:30,23569.64541389004,23570.491920863886,23568.901923736434,23569.905297635076,744
2026-08-27 15:13:00+05:30,23569.905297635076,23571.38136697495,23567.61652160001,23570.9402091851,3132
2026-08-27 15:14:00+05:30,23570.9402091851,23575.406892358882,23570.035421215798,23573.05938865886,4135
2026-08-27 15:15:00+05:30,23573.05938865886,23575.130882885514,23570.503295860406,23570.872077509575,4843
2026-08-27 15:16:00+05:30,23570.872077509575,23571.116951008626,23570.401857441557,23570.41730844482,5752
2026-08-27 15:17:00+05:30,23570.41730844482,23572.66117520832,23567.68169915321,23568.26780785447,795
2026-08-27 15:18:00+05:30,23568.26780785447,23568.470254594606,23565.05804710393,23566.7887957731,5611
2026-08-27 15:19:00+05:30,23566.7887957731,23566.862086679594,23563.58910806549,23565.767736309866,5092
2026-08-27 15:20:00+05:30,23565.767736309866,23569.915189708405,23564.442070140696,23569.156975920523,4767
2026-08-27 15:21:00+05:30,23569.156975920523,23570.080650510612,23563.77906712606,23566.779405056473,3364
2026-08-27 15:22:00+05:30,23566.779405056473,23567.678482422878,23563.30077395772,23564.385177442633,970
2026-08-27 15:23:00+05:30,23564.385177442633,23567.816370719436,23563.689925985374,23565.326423169012,3841
2026-08-27 15:24:00+05:30,23565.326423169012,23566.37167396151,23563.679887271148,23566.212211023667,4010
2026-08-27 15:25:00+05:30,23566.212211023667,23567.19725139389,23563.15440728362,23564.29365492112,4757
2026-08-27 15:26:00+05:30,23564.29365492112,23565.984040283565,23563.22895390129,23563.35403232432,542
2026-08-27 15:27:00+05:30,23563.35403232432,23566.916219676437,23562.64325724915,23563.823914689176,4903
2026-08-27 15:28:00+05:30,23563.823914689176,23565.593853214,23559.959092244422,23561.486339457006,2413
2026-08-27 15:29:00+05:30,23561.486339457006,23562.117526002152,23556.7018246198,23556.900968853646,2362
2026-08-28 09:15:00+05:30,23556.900968853646,23558.764079198307,23555.488282515722,23557.894735911214,5683
2026-08-28 09:16:00+05:30,23557.894735911214,23558.42998020657,23556.33769021021,23557.391110468867,1946
2026-08-28 09:17:00+05:30,23557.391110468867,23562.647637777278,23556.472868596487,23562.50197529721,793
2026-08-28 09:18:00+05:30,23562.50197529721,23566.223527664035,23562.470762837875,23564.973978197082,5732
2026-08-28 09:19:00+05:30,23564.973978197082,23565.939709190006,23563.13425407675,23564.43982576516,5408
2026-08-28 09:20:00+05:30,23564.43982576516,23573.382626671544,23564.12738169077,23571.162386515138,3171
2026-08-28 09:21:00+05:30,23571.162386515138,23572.24304280325,23567.826902845773,23569.969317163766,3730
2026-08-28 09:22:00+05:30,23569.969317163766,23571.536477768015,23564.330775209026,23565.743567068224,2958
2026-08-28 09:23:00+05:30,23565.743567068224,23570.192544667192,23562.96919885675,23569.909840585977,1227
2026-08-28 09:24:00+05:30,23569.909840585977,23573.8839948678,23569.698470494764,23572.972337140982,1665
2026-08-28 09:25:00+05:30,23572.972337140982,23579.577174158378,23572.746071194757,23577.97947898011,4697
2026-08-28 09:26:00+05:30,23577.97947898011,23578.89983439717,23574.277331569356,23576.440726947396,1364
2026-08-28 09:27:00+05:30,23576.440726947396,23578.397680726197,23574.66400097203,23577.121499913417,4489
2026-08-28 09:28:00+05:30,23577.121499913417,23582.59968037603,23576.60044674364,23581.09338520328,5174
2026-08-28 09:29:00+05:30,23581.09338520328,23583.027992969448,23580.733472940476,23580.74688032901,2597
2026-08-28 09:30:00+05:30,23580.74688032901,23582.12511659452,23579.38531047805,23581.783646480326,960
2026-08-28 09:31:00+05:30,23581.783646480326,23582.453162691905,23581.654776261374,23581.665219904855,720
2026-08-28 09:32:00+05:30,23581.665219904855,23582.8598211236,23577.491469089,23579.155551067495,761
2026-08-28 09:33:00+05:30,23579.155551067495,23582.305238586097,23576.754962467166,23580.639980557055,1880
2026-08-28 09:34:00+05:30,23580.639980557055,23582.937463819555,23579.076581773363,23579.78714028714,3642
2026-08-28 09:35:00+05:30,23579.78714028714,23580.640186259046,23576.6629427923,23578.641796361255,1923
2026-08-28 09:36:00+05:30,23578.641796361255,23579.899876982494,23578.418801615808,23578.938108932587,2813
2026-08-28 09:37:00+05:30,23578.938108932587,23579.278635900897,23576.915971581242,23577.291518726932,4467
2026-08-28 09:38:00+05:30,23577.291518726932,23579.93005291223,23576.41543842224,23579.18785982567,3311
2026-08-28 09:39:00+05:30,23579.18785982567,23580.277621124886,23579.12291221309,23579.379375051893,5118
2026-08-28 09:40:00+05:30,23579.379375051893,23581.33285833658,23576.633716290642,23577.992883379455,1386
2026-08-28 09:41:00+05:30,23577.992883379455,23583.283707416227,23577.241604356666,23580.813532774686,2674
2026-08-28 09:42:00+05:30,23580.813532774686,23583.579640920336,23580.764941376136,23582.736646204925,2099
2026-08-28 09:43:00+05:30,23582.736646204925,23585.531506941355,23582.52543609494,23585.39778228237,3995
2026-08-28 09:44:00+05:30,23585.39778228237,23591.541984763084,23585.07343946703,23590.785829765344,5988
2026-08-28 09:45:00+05:30,23590.785829765344,23594.15331635142,23587.92088013983,23594.15018346195,3233
2026-08-28 09:46:00+05:30,23594.15018346195,23597.68742381038,23593.37304969348,23593.553471703177,1731
2026-08-28 09:47:00+05:30,23593.553471703177,23593.756059939544,23591.615724914507,23593.119488945988,5273
2026-08-28 09:48:00+05:30,23593.119488945988,23593.515294621826,23590.613454769307,23592.340704369577,1148
2026-08-28 09:49:00+05:30,23592.340704369577,23592.83043343007,23586.360315209793,23587.61049592223,2330
2026-08-28 09:50:00+05:30,23587.61049592223,23588.811809761715,23587.088173403885,23588.305794011787,4842
2026-08-28 09:51:00+05:30,23588.305794011787,23589.648190547392,23587.147107379125,23589.428317720754,5175
2026-08-28 09:52:00+05:30,23589.428317720754,23589.462362767503,23586.113665643858,23586.384698171158,2442
2026-08-28 09:53:00+05:30,23586.384698171158,23586.971780018343,23585.40257413826,23586.824312638742,2568
2026-08-28 09:54:00+05:30,23586.824312638742,23591.021097334244,23586.01482771162,23590.523593538666,3843
2026-08-28 09:55:00+05:30,23590.523593538666,23591.589166748443,23590.4773674484,23591.165328824864,2086
2026-08-28 09:56:00+05:30,23591.165328824864,23592.104577552695,23589.37438435276,23590.037346223286,2346
2026-08-28 09:57:00+05:30,23590.037346223286,23590.277167791388,23587.3921456605,23588.363385593897,3820
2026-08-28 09:58:00+05:30,23588.363385593897,23590.726320898895,23588.316327082353,23590.606682502643,2411
2026-08-28 09:59:00+05:30,23590.606682502643,23593.675497513388,23587.384966657406,23589.02049896685,3727
2026-08-28 10:00:00+05:30,23589.02049896685,23590.00270839385,23588.197655388376,23588.215459350045,3534
2026-08-28 10:01:00+05:30,23588.215459350045,23588.859216388395,23588.02962491633,23588.73439241758,4354
2026-08-28 10:02:00+05:30,23588.73439241758,23592.660753068514,23587.74202867603,23592.651857887457,5887
2026-08-28 10:03:00+05:30,23592.651857887457,23595.042414118638,23591.610360387873,23594.65417337563,796
2026-08-28 10:04:00+05:30,23594.65417337563,23600.91299897302,23594.238476634266,23598.805811586255,789
2026-08-28 10:05:00+05:30,23598.805811586255,23601.16330614551,23598.69907487498,23600.41070009791,2970
2026-08-28 10:06:00+05:30,23600.41070009791,23600.655078642696,23597.126792151998,23598.252183518685,5597
2026-08-28 10:07:00+05:30,23598.252183518685,23599.831152876082,23597.6902697241,23599.534496161228,4166
2026-08-28 10:08:00+05:30,23599.534496161228,23599.79036099415,23598.823755227957,23598.9557234331,5271
2026-08-28 10:09:00+05:30,23598.9557234331,23600.734246945223,23597.03175885816,23598.180723412872,4212
2026-08-28 10:10:00+05:30,23598.180723412872,23600.382768988675,23595.41927582616,23599.267848250336,1933
2026-08-28 10:11:00+05:30,23599.267848250336,23604.102542014887,23596.235051173022,23602.964312160613,5620
2026-08-28 10:12:00+05:30,23602.964312160613,23605.537966326818,23600.82156709798,23602.127111814283,5067
2026-08-28 10:13:00+05:30,23602.127111814283,23605.90290230811,23598.885913093265,23599.282307492347,5860
2026-08-28 10:14:00+05:30,23599.282307492347,23601.36683440178,23598.86049723656,23599.123440455594,2635
2026-08-28 10:15:00+05:30,23599.123440455594,23600.500470501076,23598.407413193134,23599.95976768447,4372
2026-08-28 10:16:00+05:30,23599.95976768447,23601.35268038427,23599.038731181077,23600.816715175697,3409
2026-08-28 10:17:00+05:30,23600.816715175697,23602.691074086266,23599.027796716844,23599.424688238334,1107
2026-08-28 10:18:00+05:30,23599.424688238334,23601.952417760687,23598.752364916367,23599.781850473322,3916
2026-08-28 10:19:00+05:30,23599.781850473322,23602.694873797827,23599.295497277573,23601.835594763237,4396
2026-08-28 10:20:00+05:30,23601.835594763237,23604.368880467417,23599.049578496575,23600.361002993617,3686
2026-08-28 10:21:00+05:30,23600.361002993617,23600.68699377753,23598.45160473751,23600.075882023488,558
2026-08-28 10:22:00+05:30,23600.075882023488,23602.735502871037,23596.47507983752,23597.279970900196,5368
2026-08-28 10:23:00+05:30,23597.279970900196,23598.068550401105,23594.692975626465,23595.711709412113,1119
2026-08-28 10:24:00+05:30,23595.711709412113,23596.420553178566,23595.03117470583,23596.145426012794,5337
2026-08-28 10:25:00+05:30,23596.145426012794,23596.444350542904,23594.16524357225,23596.34613306699,5845
2026-08-28 10:26:00+05:30,23596.34613306699,23597.26568803597,23593.678813765968,23594.395766831047,1329
2026-08-28 10:27:00+05:30,23594.395766831047,23596.24295600985,23594.334300386505,23594.542388134076,4845
2026-08-28 10:28:00+05:30,23594.542388134076,23595.740016458014,23591.40890519178,23593.29206191976,4369
2026-08-28 10:29:00+05:30,23593.29206191976,23597.239577520693,23593.20841537603,23596.301699219315,3845
2026-08-28 10:30:00+05:30,23596.301699219315,23598.335316044453,23595.903680767184,23596.96290630978,5761
2026-08-28 10:31:00+05:30,23596.96290630978,23598.578906279323,23596.081860334918,23597.275813529923,5138
2026-08-28 10:32:00+05:30,23597.275813529923,23599.375348576523,23594.117574032833,23594.76481669366,5978
2026-08-28 10:33:00+05:30,23594.76481669366,23596.59836452727,23593.369354104354,23594.59955765128,2930
2026-08-28 10:34:00+05:30,23594.59955765128,23597.743695260528,23593.018900391635,23596.01902381473,2167
2026-08-28 10:35:00+05:30,23596.01902381473,23597.322001150325,23593.49745955813,23594.589345368164,5970
2026-08-28 10:36:00+05:30,23594.589345368164,23595.346135570195,23591.69568440532,23593.416287723947,4535
2026-08-28 10:37:00+05:30,23593.416287723947,23595.52155617238,23591.98211902921,23594.50860133765,1719
2026-08-28 10:38:00+05:30,23594.50860133765,23594.717668217087,23592.34546113701,23593.73191318488,4455
2026-08-28 10:39:00+05:30,23593.73191318488,23597.63889886252,23593.52061702187,23596.709410971773,2064
2026-08-28 10:40:00+05:30,23596.709410971773,23596.986191239946,23593.806284194587,23594.596463141137,1375
2026-08-28 10:41:00+05:30,23594.596463141137,23595.453955775047,23594.195832534813,23595.030641406054,5726
2026-08-28 10:42:00+05:30,23595.030641406054,23600.518062894036,23594.945197812427,23599.07047358214,1803
2026-08-28 10:43:00+05:30,23599.07047358214,23603.386314880525,23596.138917429565,23601.368317172695,2501
2026-08-28 10:44:00+05:30,23601.368317172695,23604.174579160674,23600.938908776883,23604.007443652143,2582
2026-08-28 10:45:00+05:30,23604.007443652143,23607.747121193923,23603.123815479186,23607.246787322125,2911
2026-08-28 10:46:00+05:30,23607.246787322125,23609.264714009285,23605.47098816051,23607.735561210786,3232
2026-08-28 10:47:00+05:30,23607.735561210786,23609.297206115236,23606.958227007348,23608.71823526568,2159
2026-08-28 10:48:00+05:30,23608.71823526568,23612.687616495423,23607.507433626655,23612.316231556517,5418
2026-08-28 10:49:00+05:30,23612.316231556517,23614.54734685271,23611.492758573848,23613.92978533078,3302
2026-08-28 10:50:00+05:30,23613.92978533078,23614.06664626634,23611.20288504207,23611.783990825475,1346
2026-08-28 10:51:00+05:30,23611.783990825475,23614.183907861057,23610.690651399822,23611.697971013626,2951
2026-08-28 10:52:00+05:30,23611.697971013626,23615.125642390005,23609.814774503022,23614.72652115672,3899
2026-08-28 10:53:00+05:30,23614.72652115672,23616.748996108752,23611.930969193145,23612.346061867207,3849
2026-08-28 10:54:00+05:30,23612.346061867207,23613.13327966244,23611.27603847369,23611.639952971746,3810
2026-08-28 10:55:00+05:30,23611.639952971746,23614.273449116386,23611.473465761315,23612.20621398085,5598
2026-08-28 10:56:00+05:30,23612.20621398085,23617.46466881153,23611.266048839138,23615.752376168195,2230
2026-08-28 10:57:00+05:30,23615.752376168195,23618.021491037136,23613.923595026634,23615.60819799773,4014
2026-08-28 10:58:00+05:30,23615.60819799773,23616.522786192945,23614.074038079187,23614.612559555055,4980
2026-08-28 10:59:00+05:30,23614.612559555055,23614.76071449746,23612.507497228078,23612.628591924033,1571
2026-08-28 11:00:00+05:30,23612.628591924033,23616.84319316618,23611.391312701322,23615.551494655643,5588
2026-08-28 11:01:00+05:30,23615.551494655643,23617.391517360804,23613.309520534574,23614.552043517928,909
2026-08-28 11:02:00+05:30,23614.552043517928,23616.289675196706,23613.112879019383,23615.580689755476,1697
2026-08-28 11:03:00+05:30,23615.580689755476,23616.768533831724,23614.717663024552,23616.408978250947,4012
2026-08-28 11:04:00+05:30,23616.408978250947,23616.657848032894,23614.2352266298,23615.54865042118,4074
2026-08-28 11:05:00+05:30,23615.54865042118,23616.015371096713,23613.240479353386,23613.768829037923,2663
2026-08-28 11:06:00+05:30,23613.768829037923,23616.340190620267,23613.480211822483,23615.819458856415,2503
2026-08-28 11:07:00+05:30,23615.819458856415,23623.538829900444,23615.269535531308,23622.274977975583,3840
2026-08-28 11:08:00+05:30,23622.274977975583,23624.847067587216,23620.890530229597,23624.824077515008,1635
2026-08-28 11:09:00+05:30,23624.824077515008,23627.87272503615,23623.773478783045,23626.6025930367,3618
2026-08-28 11:10:00+05:30,23626.6025930367,23627.65212699731,23624.007545473603,23625.02397621904,4794
2026-08-28 11:11:00+05:30,23625.02397621904,23627.2111122025,23621.807694295774,23622.74385031398,1950
2026-08-28 11:12:00+05:30,23622.74385031398,23625.589509779,23622.70606741454,23625.160835227627,3102
2026-08-28 11:13:00+05:30,23625.160835227627,23628.47897471385,23624.56944587121,23627.907580936535,2233
2026-08-28 11:14:00+05:30,23627.907580936535,23631.088246774474,23627.20184979732,23630.68249580441,2470
2026-08-28 11:15:00+05:30,23630.68249580441,23635.59773714521,23629.471646578266,23633.645825607506,5176
2026-08-28 11:16:00+05:30,23633.645825607506,23636.182350717485,23631.73987861571,23633.219607224448,932
2026-08-28 11:17:00+05:30,23633.219607224448,23634.159504333165,23630.917341208125,23632.090437826904,4311
2026-08-28 11:18:00+05:30,23632.090437826904,23632.190933271933,23629.1921683955,23629.83368446456,3126
2026-08-28 11:19:00+05:30,23629.83368446456,23632.26592870805,23629.406632963244,23631.67793943733,2090
2026-08-28 11:20:00+05:30,23631.67793943733,23633.627027295322,23630.975100680353,23631.77349619841,789
2026-08-28 11:21:00+05:30,23631.77349619841,23631.914043681645,23628.723092604927,23629.17835567814,1203
2026-08-28 11:22:00+05:30,23629.17835567814,23630.66872381638,23627.210839386422,23630.19694225839,3107
2026-08-28 11:23:00+05:30,23630.19694225839,23634.043914811737,23629.692583001994,23633.51084231652,673
2026-08-28 11:24:00+05:30,23633.51084231652,23634.01414355449,23631.984062320833,23633.90942919019,657
2026-08-28 11:25:00+05:30,23633.90942919019,23635.112209919294,23629.29819958008,23631.65979157189,3073
2026-08-28 11:26:00+05:30,23631.65979157189,23632.429768299557,23631.43316339097,23631.579929795542,4912
2026-08-28 11:27:00+05:30,23631.579929795542,23635.31116814627,23631.53137362734,23633.702521245174,5556
2026-08-28 11:28:00+05:30,23633.702521245174,23637.2904520229,23633.672517540967,23637.079217091545,823
2026-08-28 11:29:00+05:30,23637.079217091545,23638.703542408537,23636.121197957815,23636.498440168023,3482
2026-08-28 11:30:00+05:30,23636.498440168023,23640.43403347561,23636.25108893878,23639.22667705355,4888
2026-08-28 11:31:00+05:30,23639.22667705355,23641.16474800245,23636.802717685532,23636.884895704396,3655
2026-08-28 11:32:00+05:30,23636.884895704396,23637.715772796215,23633.37870193687,23634.172791824545,2362
2026-08-28 11:33:00+05:30,23634.172791824545,23635.858186256504,23632.606359760925,23634.821487673617,3622
2026-08-28 11:34:00+05:30,23634.821487673617,23635.46279350694,23631.600889225272,23633.370438768197,756
2026-08-28 11:35:00+05:30,23633.370438768197,23634.998039453578,23630.899949174032,23633.919449852416,4199
2026-08-28 11:36:00+05:30,23633.919449852416,23634.515145004094,23632.977842963137,23634.00765420785,4500
2026-08-28 11:37:00+05:30,23634.00765420785,23635.00102538814,23633.411368341054,23633.473306050964,669
2026-08-28 11:38:00+05:30,23633.473306050964,23636.48255083315,23633.38346398221,23633.913349504237,4378
2026-08-28 11:39:00+05:30,23633.913349504237,23637.04777451997,23633.782448838294,23636.603781746115,5830
2026-08-28 11:40:00+05:30,23636.603781746115,23637.360375990134,23634.918054024027,23635.348377234084,2119
2026-08-28 11:41:00+05:30,23635.348377234084,23637.39846075581,23635.064448596993,23636.619392354933,5558
2026-08-28 11:42:00+05:30,23636.619392354933,23644.094775410522,23634.764486609107,23643.985781966003,1262
2026-08-28 11:43:00+05:30,23643.985781966003,23645.892956856896,23643.298424199093,23645.456254199853,2095
2026-08-28 11:44:00+05:30,23645.456254199853,23645.89752752234,23643.85166241817,23645.20965669906,4274
2026-08-28 11:45:00+05:30,23645.20965669906,23653.35072594016,23642.409904535118,23652.333643166574,3096
2026-08-28 11:46:00+05:30,23652.333643166574,23652.95190173157,23650.674121116273,23650.737691238406,4679
2026-08-28 11:47:00+05:30,23650.737691238406,23652.271302127156,23649.346828453814,23650.768336733214,562
2026-08-28 11:48:00+05:30,23650.768336733214,23650.983778765658,23648.909208089834,23650.042878366905,4242
2026-08-28 11:49:00+05:30,23650.042878366905,23650.889250799384,23647.04034878076,23647.346123452935,1430
2026-08-28 11:50:00+05:30,23647.346123452935,23647.757782791556,23643.651947489183,23644.1508318924,4770
2026-08-28 11:51:00+05:30,23644.1508318924,23648.010362084326,23644.120925101448,23647.668315095823,5475
2026-08-28 11:52:00+05:30,23647.668315095823,23650.50402029742,23647.202860802015,23649.430196589972,3944
2026-08-28 11:53:00+05:30,23649.430196589972,23649.599207766987,23648.36101048855,23649.53690029891,1887
2026-08-28 11:54:00+05:30,23649.53690029891,23651.114459618057,23645.85283323582,23648.213627543246,4758
2026-08-28 11:55:00+05:30,23648.213627543246,23649.258615300405,23644.58900414092,23645.1512218926,3609
2026-08-28 11:56:00+05:30,23645.1512218926,23646.726168107547,23644.424270497606,23645.995582721953,3975
2026-08-28 11:57:00+05:30,23645.995582721953,23650.122178179212,23644.56377257788,23649.31861605847,597
2026-08-28 11:58:00+05:30,23649.31861605847,23649.64487528725,23648.761142775937,23648.99265778992,5848
2026-08-28 11:59:00+05:30,23648.99265778992,23651.127312035725,23648.94545962682,23650.064103889657,1710
2026-08-28 12:00:00+05:30,23650.064103889657,23652.327270947662,23649.880630492284,23651.549347569344,3902
2026-08-28 12:01:00+05:30,23651.549347569344,23655.067851527863,23651.402775871593,23653.792797386413,2454
2026-08-28 12:02:00+05:30,23653.792797386413,23655.52767812121,23650.840074831816,23651.56265061085,1601
2026-08-28 12:03:00+05:30,23651.56265061085,23652.464134440317,23648.872033333526,23649.107783979103,2134
2026-08-28 12:04:00+05:30,23649.107783979103,23651.432052260403,23648.733108530287,23650.31012440097,1284
2026-08-28 12:05:00+05:30,23650.31012440097,23650.620517054,23647.27675326329,23648.36641050674,5368
2026-08-28 12:06:00+05:30,23648.36641050674,23651.735971654995,23646.89952045801,23651.12024325753,2851
2026-08-28 12:07:00+05:30,23651.12024325753,23653.359885414287,23649.230585321748,23651.510430385963,1426
2026-08-28 12:08:00+05:30,23651.510430385963,23654.2785610887,23649.908129396506,23654.015395532228,1647
2026-08-28 12:09:00+05:30,23654.015395532228,23656.230842052813,23653.471570609596,23654.244749793797,3763
2026-08-28 12:10:00+05:30,23654.244749793797,23658.8609354529,23651.479764316457,23657.77043546422,3161
2026-08-28 12:11:00+05:30,23657.77043546422,23659.055070669958,23657.545952353485,23658.90431804754,5821
2026-08-28 12:12:00+05:30,23658.90431804754,23661.209890568283,23656.813219176558,23660.39794914882,4062
2026-08-28 12:13:00+05:30,23660.39794914882,23661.352397836723,23657.156291091942,23659.214871951237,1931
2026-08-28 12:14:00+05:30,23659.214871951237,23660.25825207595,23656.900066373324,23659.4370761146,2809
2026-08-28 12:15:00+05:30,23659.4370761146,23660.67214902173,23655.99325026909,23657.277643685607,3524
2026-08-28 12:16:00+05:30,23657.277643685607,23657.67101501592,23654.391614453943,23656.57967663828,994
2026-08-28 12:17:00+05:30,23656.57967663828,23660.237435710194,23655.520570715747,23659.807177364873,5875
2026-08-28 12:18:00+05:30,23659.807177364873,23662.141720770884,23658.10709416666,23660.93030594254,2879
2026-08-28 12:19:00+05:30,23660.93030594254,23662.189450309408,23660.26554498376,23660.76911090181,4417
2026-08-28 12:20:00+05:30,23660.76911090181,23662.23313201141,23659.599820886804,23661.968442988447,1009
2026-08-28 12:21:00+05:30,23661.968442988447,23662.813656994855,23659.208134778317,23659.466507529694,5439
2026-08-28 12:22:00+05:30,23659.466507529694,23663.1282238945,23659.37229314609,23662.49696170044,971
2026-08-28 12:23:00+05:30,23662.49696170044,23664.56954885438,23661.570725854235,23664.157085801337,5443
2026-08-28 12:24:00+05:30,23664.157085801337,23664.382034559952,23662.83351920094,23663.541868535864,1477
2026-08-28 12:25:00+05:30,23663.541868535864,23664.09568035477,23662.00972193393,23662.558727302185,5582
2026-08-28 12:26:00+05:30,23662.558727302185,23662.77153577623,23659.008683101423,23660.72651999514,2354
2026-08-28 12:27:00+05:30,23660.72651999514,23661.224283430667,23658.851691147105,23660.626352127754,5267
2026-08-28 12:28:00+05:30,23660.626352127754,23660.73341335379,23658.612556701322,23659.781217218206,2348
2026-08-28 12:29:00+05:30,23659.781217218206,23665.740737149576,23659.41512783165,23663.00254208106,5468
2026-08-28 12:30:00+05:30,23663.00254208106,23666.09664621641,23662.765783424096,23665.392649609,1086
2026-08-28 12:31:00+05:30,23665.392649609,23666.485421133588,23663.13528419638,23665.332515643673,2566
2026-08-28 12:32:00+05:30,23665.332515643673,23666.32566059354,23662.89423765745,23663.866281599076,1811
2026-08-28 12:33:00+05:30,23663.866281599076,23670.809930337153,23662.374545046365,23669.594474382127,5842
2026-08-28 12:34:00+05:30,23669.594474382127,23670.529545254056,23664.03274449657,23665.252576949144,1164
2026-08-28 12:35:00+05:30,23665.252576949144,23669.849606005453,23664.472364710044,23668.720137136806,4296
2026-08-28 12:36:00+05:30,23668.720137136806,23669.6703276974,23666.318194384112,23667.371713513578,5850
2026-08-28 12:37:00+05:30,23667.371713513578,23669.413926562767,23665.513616642536,23666.869732875217,711
2026-08-28 12:38:00+05:30,23666.869732875217,23668.88379375764,23666.300834619156,23667.480081476933,1802
2026-08-28 12:39:00+05:30,23667.480081476933,23667.7576003571,23665.08547381174,23665.640822659298,3563
2026-08-28 12:40:00+05:30,23665.640822659298,23670.13749949249,23664.60448846272,23668.615053414465,2780
2026-08-28 12:41:00+05:30,23668.615053414465,23672.11897269868,23668.04861553595,23670.757251240382,2193
2026-08-28 12:42:00+05:30,23670.757251240382,23673.356568378527,23669.690876876506,23671.221354788024,1397
2026-08-28 12:43:00+05:30,23671.221354788024,23671.581170209327,23668.624374006344,23669.828966598965,5816
2026-08-28 12:44:00+05:30,23669.828966598965,23671.293320290944,23667.130395576947,23667.90164157214,2027
2026-08-28 12:45:00+05:30,23667.90164157214,23668.470253085234,23666.43558109935,23667.620874693523,5896
2026-08-28 12:46:00+05:30,23667.620874693523,23673.901423096133,23666.797286785968,23671.782337083565,4677
2026-08-28 12:47:00+05:30,23671.782337083565,23673.421041062342,23669.221632686007,23670.005204000536,2272
2026-08-28 12:48:00+05:30,23670.005204000536,23671.06416568843,23665.11991653894,23668.935985114163,3779
2026-08-28 12:49:00+05:30,23668.935985114163,23669.34918148832,23666.647149515044,23667.608201105006,3701
2026-08-28 12:50:00+05:30,23667.608201105006,23672.57264566869,23666.884562586776,23671.475134997592,3718
2026-08-28 12:51:00+05:30,23671.475134997592,23672.13782843626,23670.815984492634,23671.36588573,1839
2026-08-28 12:52:00+05:30,23671.36588573,23671.962363989558,23667.249842549652,23668.981866889477,2674
2026-08-28 12:53:00+05:30,23668.981866889477,23670.483901535077,23668.962611383115,23669.14382929194,4350
2026-08-28 12:54:00+05:30,23669.14382929194,23672.22672765908,23668.165607731204,23669.336906198623,3587
2026-08-28 12:55:00+05:30,23669.336906198623,23670.295073901183,23667.891044614906,23669.87635363298,5471
2026-08-28 12:56:00+05:30,23669.87635363298,23670.46496682459,23666.618994922992,23667.81575183562,1579
2026-08-28 12:57:00+05:30,23667.81575183562,23671.39601754464,23666.433569260695,23670.10394622923,5822
2026-08-28 12:58:00+05:30,23670.10394622923,23671.59112453074,23668.420390134597,23671.47646116632,5495
2026-08-28 12:59:00+05:30,23671.47646116632,23672.959937608626,23665.859268364766,23666.69966430637,2035
2026-08-28 13:00:00+05:30,23666.69966430637,23667.647257378107,23666.49677828643,23667.580007788387,2200
2026-08-28 13:01:00+05:30,23667.580007788387,23667.994795434297,23665.448322638018,23665.80874924403,5640
2026-08-28 13:02:00+05:30,23665.80874924403,23666.529795804447,23663.871990346495,23664.889200785503,989
2026-08-28 13:03:00+05:30,23664.889200785503,23666.375144263002,23664.453032091642,23664.69626888942,571
2026-08-28 13:04:00+05:30,23664.69626888942,23665.833164935008,23664.102384720736,23664.991932568217,1291
2026-08-28 13:05:00+05:30,23664.991932568217,23665.21014304042,23662.78237975889,23664.41385606252,1806
2026-08-28 13:06:00+05:30,23664.41385606252,23666.960371710415,23663.959600086087,23666.097213333484,3645
2026-08-28 13:07:00+05:30,23666.097213333484,23668.83019588496,23664.960705724425,23667.905576476285,1419
2026-08-28 13:08:00+05:30,23667.905576476285,23670.343526430897,23666.54717251522,23669.632349028598,5042
2026-08-28 13:09:00+05:30,23669.632349028598,23670.140151018382,23669.067833739664,23669.118490570327,3434
2026-08-28 13:10:00+05:30,23669.118490570327,23670.86417274568,23668.215422153127,23670.397591671648,5794
2026-08-28 13:11:00+05:30,23670.397591671648,23671.430454629794,23669.623240524845,23669.779374000824,3661
2026-08-28 13:12:00+05:30,23669.779374000824,23670.48281967549,23666.958645307677,23667.365831355793,5111
2026-08-28 13:13:00+05:30,23667.365831355793,23668.29514906227,23665.206000393384,23667.526962363965,666
2026-08-28 13:14:00+05:30,23667.526962363965,23669.092194873527,23664.748634557036,23665.137748585184,2673
2026-08-28 13:15:00+05:30,23665.137748585184,23667.940554419893,23664.494128408493,23666.929931558683,2283
2026-08-28 13:16:00+05:30,23666.929931558683,23669.665371262752,23666.613811093244,23668.606433137982,4485
2026-08-28 13:17:00+05:30,23668.606433137982,23669.29998313264,23666.52068090073,23667.766157316993,1669
2026-08-28 13:18:00+05:30,23667.766157316993,23668.50628012512,23667.02215227065,23667.46387623352,2187
2026-08-28 13:19:00+05:30,23667.46387623352,23669.202501283642,23666.47459462242,23666.607638898462,5080
2026-08-28 13:20:00+05:30,23666.607638898462,23667.124859438936,23665.257442026206,23666.425301527932,4993
2026-08-28 13:21:00+05:30,23666.425301527932,23668.5907204171,23665.813430155413,23666.86879069818,2565
2026-08-28 13:22:00+05:30,23666.86879069818,23668.758545972425,23666.339952567563,23668.20194430447,4001
2026-08-28 13:23:00+05:30,23668.20194430447,23670.400215280846,23666.994899148558,23669.420774557308,2774
2026-08-28 13:24:00+05:30,23669.420774557308,23673.157294642162,23667.439847048317,23672.05927043533,1628
2026-08-28 13:25:00+05:30,23672.05927043533,23674.20293091032,23671.444796131636,23674.180505662378,1964
2026-08-28 13:26:00+05:30,23674.180505662378,23674.279399267398,23671.70993201136,23672.14399257665,5036
2026-08-28 13:27:00+05:30,23672.14399257665,23672.672570310206,23670.360597557712,23671.331726123444,4554
2026-08-28 13:28:00+05:30,23671.331726123444,23671.657208380602,23668.91929304908,23669.240409180744,4031
2026-08-28 13:29:00+05:30,23669.240409180744,23669.537057785965,23667.143475722296,23668.771331758835,2161
2026-08-28 13:30:00+05:30,23668.771331758835,23670.689441998227,23668.759309856418,23670.45105888735,2418
2026-08-28 13:31:00+05:30,23670.45105888735,23674.256264162916,23669.601697801794,23673.624212971066,843
2026-08-28 13:32:00+05:30,23673.624212971066,23677.84414261251,23672.49994573492,23676.37330328582,765
2026-08-28 13:33:00+05:30,23676.37330328582,23679.046179837438,23674.83479767031,23678.361320847587,1990
2026-08-28 13:34:00+05:30,23678.361320847587,23680.147252698393,23677.146937062913,23678.995447465455,4376
2026-08-28 13:35:00+05:30,23678.995447465455,23679.347272102605,23678.332548117512,23679.04132606928,2906
2026-08-28 13:36:00+05:30,23679.04132606928,23679.37485931239,23676.484721998553,23678.752307477185,1002
2026-08-28 13:37:00+05:30,23678.752307477185,23681.311272799216,23677.34708231713,23680.68205966872,1502
2026-08-28 13:38:00+05:30,23680.68205966872,23683.864007406297,23677.16256432873,23683.48092528222,5854
2026-08-28 13:39:00+05:30,23683.48092528222,23683.48203465578,23677.890077397853,23679.400664637746,4157
2026-08-28 13:40:00+05:30,23679.400664637746,23679.654094513455,23676.419359433192,23676.712213869563,2940
2026-08-28 13:41:00+05:30,23676.712213869563,23679.179559873723,23676.378157271203,23678.15195730086,1944
2026-08-28 13:42:00+05:30,23678.15195730086,23680.62050013529,23675.951584467548,23678.186654145156,3191
2026-08-28 13:43:00+05:30,23678.186654145156,23678.949929058184,23677.16602798259,23678.791552287024,3206
2026-08-28 13:44:00+05:30,23678.791552287024,23681.822497047986,23677.612376667406,23681.524572826514,590
2026-08-28 13:45:00+05:30,23681.524572826514,23682.79765224616,23680.005184811213,23681.062677876514,1572
2026-08-28 13:46:00+05:30,23681.062677876514,23682.548028732894,23677.438798549152,23678.063059275562,724
2026-08-28 13:47:00+05:30,23678.063059275562,23682.057168419786,23677.45816441939,23682.006242639705,978
2026-08-28 13:48:00+05:30,23682.006242639705,23683.515490450543,23679.97318477826,23682.275797077506,2216
2026-08-28 13:49:00+05:30,23682.275797077506,23690.139149271345,23682.214788826055,23689.285338600785,3696
2026-08-28 13:50:00+05:30,23689.285338600785,23690.714922476214,23684.297932162714,23684.742556093686,2226
2026-08-28 13:51:00+05:30,23684.742556093686,23685.630708177392,23683.550157528985,23684.937121025057,4106
2026-08-28 13:52:00+05:30,23684.937121025057,23687.097997280885,23682.657656144394,23687.065006209978,2398
2026-08-28 13:53:00+05:30,23687.065006209978,23688.364433467148,23686.25544024772,23687.47726713731,3475
2026-08-28 13:54:00+05:30,23687.47726713731,23690.226230191154,23685.25458592042,23687.95935488636,5837
2026-08-28 13:55:00+05:30,23687.95935488636,23689.27043292882,23684.1558212564,23685.782426573063,5971
2026-08-28 13:56:00+05:30,23685.782426573063,23690.313090715048,23681.866449607922,23688.445409151012,5923
2026-08-28 13:57:00+05:30,23688.445409151012,23689.83708429632,23684.983469808394,23685.85433115756,1090
2026-08-28 13:58:00+05:30,23685.85433115756,23686.41805840924,23681.547497608342,23682.584820472748,1626
2026-08-28 13:59:00+05:30,23682.584820472748,23683.634796613984,23679.632531743693,23681.389236642553,1008
2026-08-28 14:00:00+05:30,23681.389236642553,23683.438713923988,23681.10158276332,23681.905416952664,3939
2026-08-28 14:01:00+05:30,23681.905416952664,23686.676332093753,23681.68649548624,23683.41955376297,4431
2026-08-28 14:02:00+05:30,23683.41955376297,23683.578308271393,23679.49439449421,23679.696008120634,588
2026-08-28 14:03:00+05:30,23679.696008120634,23680.65087692026,23676.93560005037,23677.071555022343,5790
2026-08-28 14:04:00+05:30,23677.071555022343,23678.51209490866,23672.427606908805,23674.354041513896,3991
2026-08-28 14:05:00+05:30,23674.354041513896,23677.316893811614,23673.46488497026,23676.43449080185,865
2026-08-28 14:06:00+05:30,23676.43449080185,23677.72973241138,23675.335827773,23675.5785140364,1395
2026-08-28 14:07:00+05:30,23675.5785140364,23676.736113223476,23674.745501360536,23676.311644492227,4739
2026-08-28 14:08:00+05:30,23676.311644492227,23680.355146791717,23675.8151336394,23678.864653277593,1907
2026-08-28 14:09:00+05:30,23678.864653277593,23679.234702582282,23676.797164502223,23678.04930690858,681
2026-08-28 14:10:00+05:30,23678.04930690858,23679.750716991573,23677.429046177524,23679.583293422857,5373
2026-08-28 14:11:00+05:30,23679.583293422857,23686.531561626995,23679.155028334913,23686.348585858148,4573
2026-08-28 14:12:00+05:30,23686.348585858148,23687.406509350636,23682.95008902861,23683.776465693834,3581
2026-08-28 14:13:00+05:30,23683.776465693834,23689.669888111417,23683.043283989697,23688.425093662932,4367
2026-08-28 14:14:00+05:30,23688.425093662932,23688.470349636405,23683.690055627154,23684.58289894755,2968
2026-08-28 14:15:00+05:30,23684.58289894755,23689.34264681386,23684.400101071606,23688.517776898454,1115
2026-08-28 14:16:00+05:30,23688.517776898454,23691.247238943844,23687.369561015883,23690.251995944873,5852
2026-08-28 14:17:00+05:30,23690.251995944873,23691.396763964098,23687.103559701092,23688.951865346713,5838
2026-08-28 14:18:00+05:30,23688.951865346713,23689.820398943997,23688.464872442062,23689.665888552943,5438
2026-08-28 14:19:00+05:30,23689.665888552943,23689.793971483487,23687.17969731826,23688.359670987396,2803
2026-08-28 14:20:00+05:30,23688.359670987396,23689.11757062526,23687.66943153414,23687.898528762104,1210
2026-08-28 14:21:00+05:30,23687.898528762104,23691.963980293873,23686.175759784765,23690.44083496668,5985
2026-08-28 14:22:00+05:30,23690.44083496668,23693.04120175908,23688.809960996517,23692.02777978928,1646
2026-08-28 14:23:00+05:30,23692.02777978928,23692.156008128233,23689.267479312453,23690.525198899537,2240
2026-08-28 14:24:00+05:30,23690.525198899537,23691.53765126966,23690.08247367169,23690.611328512947,4752
2026-08-28 14:25:00+05:30,23690.611328512947,23693.018828674576,23688.645012423698,23692.253727297375,1214
2026-08-28 14:26:00+05:30,23692.253727297375,23693.354313516265,23690.741231475702,23691.769774364922,1781
2026-08-28 14:27:00+05:30,23691.769774364922,23693.647114907115,23690.73235044248,23691.695146797516,5888
2026-08-28 14:28:00+05:30,23691.695146797516,23693.357871929078,23690.448066579764,23690.802551409157,5398
2026-08-28 14:29:00+05:30,23690.802551409157,23690.97495795909,23689.2609149366,23690.85137291388,3997
2026-08-28 14:30:00+05:30,23690.85137291388,23691.81346106962,23690.51813966636,23690.699731652396,2714
2026-08-28 14:31:00+05:30,23690.699731652396,23695.305686201333,23690.351188167624,23694.32907299149,5409
2026-08-28 14:32:00+05:30,23694.32907299149,23696.074341927877,23691.240183895417,23691.711744201584,2573
2026-08-28 14:33:00+05:30,23691.711744201584,23692.86125974944,23691.682609568586,23692.707876622957,3570
2026-08-28 14:34:00+05:30,23692.707876622957,23700.78150238717,23692.60962633297,23698.610334007088,5731
2026-08-28 14:35:00+05:30,23698.610334007088,23700.183022403045,23695.063265913373,23696.697875623497,1312
2026-08-28 14:36:00+05:30,23696.697875623497,23699.55519423304,23693.926009117877,23697.027729046786,3392
2026-08-28 14:37:00+05:30,23697.027729046786,23698.05640052456,23695.656273256787,23696.161203403317,5364
2026-08-28 14:38:00+05:30,23696.161203403317,23696.61990928669,23693.092526325792,23694.19089113804,1761
2026-08-28 14:39:00+05:30,23694.19089113804,23694.41967189472,23691.96900932676,23692.6113960353,5245
2026-08-28 14:40:00+05:30,23692.6113960353,23693.871123862762,23691.435871395268,23693.627282597234,562
2026-08-28 14:41:00+05:30,23693.627282597234,23697.375524023304,23692.470336588005,23696.247703347723,1488
2026-08-28 14:42:00+05:30,23696.247703347723,23697.194527953518,23694.544484432176,23696.51563071832,3600
2026-08-28 14:43:00+05:30,23696.51563071832,23701.175134133042,23695.04021327905,23700.473607860567,4283
2026-08-28 14:44:00+05:30,23700.473607860567,23700.706638507585,23699.239575866908,23699.373661553407,2488
2026-08-28 14:45:00+05:30,23699.373661553407,23700.7781875,23699.30579315603,23700.465685944793,1709
2026-08-28 14:46:00+05:30,23700.465685944793,23700.65456682489,23697.50365151118,23698.601697642684,3067
2026-08-28 14:47:00+05:30,23698.601697642684,23701.68047686047,23698.142489537055,23701.547104028745,2609
2026-08-28 14:48:00+05:30,23701.547104028745,23703.388263437748,23696.79042222755,23697.06936368499,2603
2026-08-28 14:49:00+05:30,23697.06936368499,23697.41044792041,23695.433492441192,23696.732740952837,3762
2026-08-28 14:50:00+05:30,23696.732740952837,23697.713397733754,23696.539879215525,23697.610307696184,1315
2026-08-28 14:51:00+05:30,23697.610307696184,23698.30093854113,23694.836574369205,23695.609829471166,3857
2026-08-28 14:52:00+05:30,23695.609829471166,23698.55657238743,23692.217714121925,23694.422614282772,1508
2026-08-28 14:53:00+05:30,23694.422614282772,23700.101443004292,23692.662412600013,23699.13283939364,4768
2026-08-28 14:54:00+05:30,23699.13283939364,23700.829285167754,23698.598002469254,23699.55385865609,1631
2026-08-28 14:55:00+05:30,23699.55385865609,23700.447188442417,23698.29852208246,23698.619737720044,1821
2026-08-28 14:56:00+05:30,23698.619737720044,23701.28445201856,23697.20397726389,23699.760491277473,3996
2026-08-28 14:57:00+05:30,23699.760491277473,23701.404322179995,23698.002622806194,23700.588650914622,1385
2026-08-28 14:58:00+05:30,23700.588650914622,23701.271772151144,23700.136447216944,23700.989309418586,2306
2026-08-28 14:59:00+05:30,23700.989309418586,23704.591008830346,23698.82638073195,23700.01363322537,3132
2026-08-28 15:00:00+05:30,23700.01363322537,23700.95308724831,23697.486615156053,23698.385259371633,1667
2026-08-28 15:01:00+05:30,23698.385259371633,23699.390774928146,23697.9445489307,23699.189932720095,2927
2026-08-28 15:02:00+05:30,23699.189932720095,23704.231689818298,23698.428001021482,23703.05345772467,1622
2026-08-28 15:03:00+05:30,23703.05345772467,23706.25518120336,23701.835833751804,23704.899224811037,3588
2026-08-28 15:04:00+05:30,23704.899224811037,23706.279345146828,23704.401372039058,23705.921499668562,4553
2026-08-28 15:05:00+05:30,23705.921499668562,23707.008155383945,23702.311309703855,23704.1694669875,5858
2026-08-28 15:06:00+05:30,23704.1694669875,23705.985309026928,23703.481571655288,23705.65522355034,1855
2026-08-28 15:07:00+05:30,23705.65522355034,23708.071148263956,23704.127054182303,23706.915648891423,638
2026-08-28 15:08:00+05:30,23706.915648891423,23711.28271111901,23706.318597504895,23710.067456675053,5084
2026-08-28 15:09:00+05:30,23710.067456675053,23711.99984463187,23709.191639337605,23711.734506375786,1639
2026-08-28 15:10:00+05:30,23711.734506375786,23717.68893676278,23711.394723298534,23715.546488650052,3903
2026-08-28 15:11:00+05:30,23715.546488650052,23719.869625828687,23715.39753957159,23718.986945126002,2650
2026-08-28 15:12:00+05:30,23718.986945126002,23722.280041572816,23713.52407884161,23715.86269173784,1851
2026-08-28 15:13:00+05:30,23715.86269173784,23716.34310982555,23714.753299397187,23715.937675985693,3925
2026-08-28 15:14:00+05:30,23715.937675985693,23716.177203713432,23712.09797807606,23713.77427671007,1425
2026-08-28 15:15:00+05:30,23713.77427671007,23714.132562486277,23711.576122924656,23712.42020772174,4573
2026-08-28 15:16:00+05:30,23712.42020772174,23713.463265882456,23712.10410080534,23713.44653261945,4954
2026-08-28 15:17:00+05:30,23713.44653261945,23714.937262564526,23711.286367087185,23713.15367227512,1785
2026-08-28 15:18:00+05:30,23713.15367227512,23713.78934345608,23711.51621007986,23711.569968317195,3319
2026-08-28 15:19:00+05:30,23711.569968317195,23712.77898003828,23709.92538295335,23711.400673377677,1684
2026-08-28 15:20:00+05:30,23711.400673377677,23717.454551361505,23710.280118822033,23716.680575015373,4628
2026-08-28 15:21:00+05:30,23716.680575015373,23719.1674157556,23714.99256040066,23717.885747069347,2435
2026-08-28 15:22:00+05:30,23717.885747069347,23720.602295465196,23717.220894504575,23720.524381850784,5212
2026-08-28 15:23:00+05:30,23720.524381850784,23721.32276870213,23711.386664503083,23715.210493367827,4682
2026-08-28 15:24:00+05:30,23715.210493367827,23717.768454516103,23713.68661039781,23717.692755647036,3955
2026-08-28 15:25:00+05:30,23717.692755647036,23720.558812698186,23715.85865832824,23720.470429965997,3013
2026-08-28 15:26:00+05:30,23720.470429965997,23725.66032216397,23719.493062986374,23724.04622190022,1592
2026-08-28 15:27:00+05:30,23724.04622190022,23725.93710199116,23723.869436966826,23724.44956504592,4023
2026-08-28 15:28:00+05:30,23724.44956504592,23725.428544273913,23723.64889357269,23724.33078798533,2534
2026-08-28 15:29:00+05:30,23724.33078798533,23728.6933552801,23721.807855094474,23727.70271005475,3456
2026-08-31 09:15:00+05:30,23727.70271005475,23729.404000234375,23723.08703800829,23724.346992208135,1970
2026-08-31 09:16:00+05:30,23724.346992208135,23726.576266888445,23724.07092199109,23724.8847512817,5220
2026-08-31 09:17:00+05:30,23724.8847512817,23726.269907254875,23721.30933150761,23723.021759562864,4066
2026-08-31 09:18:00+05:30,23723.021759562864,23724.610119554003,23722.365347707837,23724.188914615177,957
2026-08-31 09:19:00+05:30,23724.188914615177,23727.83504294633,23723.873071009915,23726.883059780277,4731
2026-08-31 09:20:00+05:30,23726.883059780277,23727.970247941754,23724.953147876084,23725.06965373018,1673
2026-08-31 09:21:00+05:30,23725.06965373018,23727.275638562558,23723.20673673175,23726.449866496154,4065
2026-08-31 09:22:00+05:30,23726.449866496154,23728.652702665582,23726.107153165533,23727.35596167528,1187
2026-08-31 09:23:00+05:30,23727.35596167528,23728.5282903467,23725.368053314687,23725.79271104852,787
2026-08-31 09:24:00+05:30,23725.79271104852,23728.964713094705,23723.91099644838,23728.889340871017,1795
2026-08-31 09:25:00+05:30,23728.889340871017,23729.669540018556,23725.555654299715,23726.010475760995,3156
2026-08-31 09:26:00+05:30,23726.010475760995,23727.138354277293,23724.189565112847,23726.94601434109,5618
2026-08-31 09:27:00+05:30,23726.94601434109,23726.973792738605,23725.766387718173,23726.61368885092,4828
2026-08-31 09:28:00+05:30,23726.61368885092,23726.712912355528,23724.416107968475,23725.72910059935,5877
2026-08-31 09:29:00+05:30,23725.72910059935,23729.164174182395,23725.5005377754,23725.712477611207,5653
2026-08-31 09:30:00+05:30,23725.712477611207,23728.57002879639,23725.145420453213,23726.3529521918,907
2026-08-31 09:31:00+05:30,23726.3529521918,23728.368226510112,23724.92898858604,23727.44390337099,4806
2026-08-31 09:32:00+05:30,23727.44390337099,23728.104588051552,23727.332707408634,23727.795604398794,2382
2026-08-31 09:33:00+05:30,23727.795604398794,23728.322561496672,23727.609701482234,23727.700701072696,2923
2026-08-31 09:34:00+05:30,23727.700701072696,23728.702154797502,23727.331056802712,23728.201231093484,5242
2026-08-31 09:35:00+05:30,23728.201231093484,23730.3340755421,23727.332386974496,23728.57682829568,5292
2026-08-31 09:36:00+05:30,23728.57682829568,23729.252372748113,23725.891618222435,23727.05237371298,3195
2026-08-31 09:37:00+05:30,23727.05237371298,23729.539345993715,23726.020641379106,23727.776905866012,837
2026-08-31 09:38:00+05:30,23727.776905866012,23729.72080036102,23726.474766737716,23729.456475196403,1589
2026-08-31 09:39:00+05:30,23729.456475196403,23729.635805175483,23723.431799624297,23726.064073701564,2972
2026-08-31 09:40:00+05:30,23726.064073701564,23726.578794561567,23725.564812425506,23726.55868610337,3069
2026-08-31 09:41:00+05:30,23726.55868610337,23726.96280579606,23719.889877354773,23720.780610766273,3615
2026-08-31 09:42:00+05:30,23720.780610766273,23722.204055747803,23720.23888788244,23720.524979402453,5810
2026-08-31 09:43:00+05:30,23720.524979402453,23721.54800402207,23719.429150575226,23721.337685355713,1299
2026-08-31 09:44:00+05:30,23721.337685355713,23722.674365203526,23717.962180962142,23719.129804885495,3187
2026-08-31 09:45:00+05:30,23719.129804885495,23719.30710903987,23718.500205893946,23718.84751163656,3269
2026-08-31 09:46:00+05:30,23718.84751163656,23718.970749179214,23716.094141102563,23716.999313499637,1732
2026-08-31 09:47:00+05:30,23716.999313499637,23717.927747313817,23715.2548373578,23716.750276946328,838
2026-08-31 09:48:00+05:30,23716.750276946328,23721.178288342897,23715.71050441958,23720.497753996664,5078
2026-08-31 09:49:00+05:30,23720.497753996664,23721.754183278663,23719.55918374031,23720.269162884077,3776
2026-08-31 09:50:00+05:30,23720.269162884077,23720.838553372258,23718.13968009448,23718.17604902779,2225
2026-08-31 09:51:00+05:30,23718.17604902779,23720.142855464997,23718.041819548598,23718.448723171045,4208
2026-08-31 09:52:00+05:30,23718.448723171045,23720.887008016565,23718.182998911594,23718.57077850706,4877
2026-08-31 09:53:00+05:30,23718.57077850706,23719.062602266855,23716.370655960938,23717.2793290765,1028
2026-08-31 09:54:00+05:30,23717.2793290765,23722.323518436817,23716.293975796933,23722.106429511325,3126
2026-08-31 09:55:00+05:30,23722.106429511325,23726.675403028024,23719.85818401646,23726.540882317975,4067
2026-08-31 09:56:00+05:30,23726.540882317975,23737.21239923811,23724.411971554295,23734.619682651235,1530
2026-08-31 09:57:00+05:30,23734.619682651235,23736.0371913075,23730.925365860465,23732.560273217892,4232
2026-08-31 09:58:00+05:30,23732.560273217892,23734.812467916017,23732.543272824176,23733.928092336282,5139
2026-08-31 09:59:00+05:30,23733.928092336282,23735.31355591743,23733.86482267875,23734.330393730997,2846
2026-08-31 10:00:00+05:30,23734.330393730997,23736.361754140657,23731.30803206298,23732.175259376672,729
2026-08-31 10:01:00+05:30,23732.175259376672,23737.53250412708,23732.06181639411,23735.58361727575,5326
2026-08-31 10:02:00+05:30,23735.58361727575,23736.794658279334,23732.14104766374,23732.194576104197,5230
2026-08-31 10:03:00+05:30,23732.194576104197,23733.48390333678,23730.342142464175,23732.3692428053,3410
2026-08-31 10:04:00+05:30,23732.3692428053,23732.949452494235,23731.969578435583,23732.29434023269,3111
2026-08-31 10:05:00+05:30,23732.29434023269,23735.71686223635,23731.724621258065,23734.367655178852,5407
2026-08-31 10:06:00+05:30,23734.367655178852,23738.488375013778,23733.31650613913,23736.63221389103,1613
2026-08-31 10:07:00+05:30,23736.63221389103,23739.135690321345,23736.0461843688,23737.77641803588,1181
2026-08-31 10:08:00+05:30,23737.77641803588,23740.519162233355,23735.139710192703,23740.031545084814,1361
2026-08-31 10:09:00+05:30,23740.031545084814,23742.27790220149,23736.83183686447,23736.936919182335,3556
2026-08-31 10:10:00+05:30,23736.936919182335,23738.23263997094,23736.822026889447,23737.057991915673,5130
2026-08-31 10:11:00+05:30,23737.057991915673,23738.444315490302,23737.03461586818,23737.395381000817,1820
2026-08-31 10:12:00+05:30,23737.395381000817,23739.479056924738,23737.0329457625,23738.945349394555,3064
2026-08-31 10:13:00+05:30,23738.945349394555,23739.024480620552,23731.16717922868,23732.986240876886,4479
2026-08-31 10:14:00+05:30,23732.986240876886,23739.038776180758,23732.882438806835,23736.825979220266,3676
2026-08-31 10:15:00+05:30,23736.825979220266,23736.99329060413,23736.529199039414,23736.773760806587,5425
2026-08-31 10:16:00+05:30,23736.773760806587,23739.404891745384,23735.04915598873,23737.86457090837,4222
2026-08-31 10:17:00+05:30,23737.86457090837,23741.239879570618,23736.829707384073,23740.637599858455,3681
2026-08-31 10:18:00+05:30,23740.637599858455,23740.816326107462,23738.25745062501,23738.95768552645,4778
2026-08-31 10:19:00+05:30,23738.95768552645,23738.962670723176,23736.520251389822,23737.7237947579,4057
2026-08-31 10:20:00+05:30,23737.7237947579,23742.883656474693,23737.30089934169,23742.608761654083,1427
2026-08-31 10:21:00+05:30,23742.608761654083,23742.691183821124,23741.28758471101,23741.593970164067,4277
2026-08-31 10:22:00+05:30,23741.593970164067,23741.779277519792,23740.337055841002,23740.680274903447,3812
2026-08-31 10:23:00+05:30,23740.680274903447,23740.870008532846,23739.237060396856,23739.980161961583,1512
2026-08-31 10:24:00+05:30,23739.980161961583,23742.84807632133,23735.92310612944,23736.149972247207,593
2026-08-31 10:25:00+05:30,23736.149972247207,23736.778186301337,23733.96259977401,23734.724644082424,516
2026-08-31 10:26:00+05:30,23734.724644082424,23735.877957955923,23730.75367632894,23732.01807077996,5876
2026-08-31 10:27:00+05:30,23732.01807077996,23732.307326428534,23730.683541640225,23731.732032104206,2483
2026-08-31 10:28:00+05:30,23731.732032104206,23733.430892469296,23730.67854255842,23733.20381510222,2616
2026-08-31 10:29:00+05:30,23733.20381510222,23734.82885202001,23732.718712229937,23732.741895292278,1457
2026-08-31 10:30:00+05:30,23732.741895292278,23733.43111983268,23730.99209522445,23733.424776487645,2506
2026-08-31 10:31:00+05:30,23733.424776487645,23734.330323414815,23732.170317866192,23732.691098750805,3505
2026-08-31 10:32:00+05:30,23732.691098750805,23733.413846780353,23729.960726124926,23731.27701082781,4588
2026-08-31 10:33:00+05:30,23731.27701082781,23731.700759448275,23730.21296033491,23731.03029483345,5383
2026-08-31 10:34:00+05:30,23731.03029483345,23733.075763897148,23724.88274991402,23725.32776398708,5385
2026-08-31 10:35:00+05:30,23725.32776398708,23725.66793165644,23721.90895801205,23723.148421509533,1859
2026-08-31 10:36:00+05:30,23723.148421509533,23723.245215948755,23719.00604038967,23719.729968615386,4097
2026-08-31 10:37:00+05:30,23719.729968615386,23720.229439535655,23718.87521731452,23719.57879963119,5890
2026-08-31 10:38:00+05:30,23719.57879963119,23719.872792514983,23715.10755046291,23716.837544338072,3950
2026-08-31 10:39:00+05:30,23716.837544338072,23722.861094201482,23716.0385952861,23722.026751407906,4608
2026-08-31 10:40:00+05:30,23722.026751407906,23722.510693247576,23718.843918328814,23719.559747533556,629
2026-08-31 10:41:00+05:30,23719.559747533556,23723.61302774656,23719.32048936702,23722.10602952019,5792
2026-08-31 10:42:00+05:30,23722.10602952019,23722.370151028907,23720.22614588205,23721.478108178188,4675
2026-08-31 10:43:00+05:30,23721.478108178188,23722.101567464524,23721.1097975293,23721.285770071416,5317
2026-08-31 10:44:00+05:30,23721.285770071416,23721.97177736151,23717.692946503124,23718.826227288457,5388
2026-08-31 10:45:00+05:30,23718.826227288457,23718.861423706552,23716.27436564073,23718.52506826606,2657
2026-08-31 10:46:00+05:30,23718.52506826606,23720.283093158116,23716.653561213912,23719.89908219624,5364
2026-08-31 10:47:00+05:30,23719.89908219624,23721.321871526347,23717.41254368295,23718.135520745214,5687
2026-08-31 10:48:00+05:30,23718.135520745214,23722.28585733235,23718.016642342944,23719.168050532982,5943
2026-08-31 10:49:00+05:30,23719.168050532982,23720.6254958961,23719.114709524903,23719.939348751675,4446
2026-08-31 10:50:00+05:30,23719.939348751675,23722.70039665216,23716.662428103507,23721.151724125575,4563
2026-08-31 10:51:00+05:30,23721.151724125575,23721.807266877815,23721.11719602488,23721.758278734353,3893
2026-08-31 10:52:00+05:30,23721.758278734353,23722.572270848246,23721.154843604574,23722.14965719331,2083
2026-08-31 10:53:00+05:30,23722.14965719331,23723.44728369346,23721.70763300995,23722.325565745803,5321
2026-08-31 10:54:00+05:30,23722.325565745803,23722.82425753864,23717.14681507173,23719.02431425218,3055
2026-08-31 10:55:00+05:30,23719.02431425218,23719.065537386115,23715.63996012918,23715.791780059113,1444
2026-08-31 10:56:00+05:30,23715.791780059113,23716.501731018237,23714.559580921334,23715.650846996446,4755
2026-08-31 10:57:00+05:30,23715.650846996446,23716.777386519814,23714.74413918123,23716.377439104475,625
2026-08-31 10:58:00+05:30,23716.377439104475,23717.19488960437,23713.766837062387,23714.994009209986,2670
2026-08-31 10:59:00+05:30,23714.994009209986,23719.72768767138,23713.54929827046,23717.646202896332,5678
2026-08-31 11:00:00+05:30,23717.646202896332,23719.212546326125,23716.56757216313,23717.526600122997,2096
2026-08-31 11:01:00+05:30,23717.526600122997,23718.176657503333,23715.569781657457,23716.379299516077,5848
2026-08-31 11:02:00+05:30,23716.379299516077,23717.469233243584,23713.003193362925,23714.537344970762,5139
2026-08-31 11:03:00+05:30,23714.537344970762,23719.422915003837,23711.08051065546,23717.233543407645,2731
2026-08-31 11:04:00+05:30,23717.233543407645,23719.892072362054,23717.03302323836,23719.68070479276,674
2026-08-31 11:05:00+05:30,23719.68070479276,23723.537378281333,23719.176474898613,23722.92220475249,4250
2026-08-31 11:06:00+05:30,23722.92220475249,23723.120211259306,23720.39603434434,23721.14751124627,3226
2026-08-31 11:07:00+05:30,23721.14751124627,23721.77073089358,23718.91332662639,23720.724834222427,4986
2026-08-31 11:08:00+05:30,23720.724834222427,23721.110794340268,23716.973852688214,23717.223405059325,3131
2026-08-31 11:09:00+05:30,23717.223405059325,23720.240761936893,23716.568816002164,23719.26530257897,3150
2026-08-31 11:10:00+05:30,23719.26530257897,23719.59274420762,23716.862340955846,23717.823626089506,5028
2026-08-31 11:11:00+05:30,23717.823626089506,23719.010709919574,23716.38822897352,23717.24923252569,2215
2026-08-31 11:12:00+05:30,23717.24923252569,23719.793153861567,23716.281251961947,23719.718248487956,4486
2026-08-31 11:13:00+05:30,23719.718248487956,23721.54095688023,23716.7667222655,23718.44868568428,1146
2026-08-31 11:14:00+05:30,23718.44868568428,23718.95301253101,23716.639467914876,23717.19388307833,4391
2026-08-31 11:15:00+05:30,23717.19388307833,23718.75532417696,23715.130963427448,23718.35841957485,5193
2026-08-31 11:16:00+05:30,23718.35841957485,23720.68520856586,23717.06212493513,23720.109789620117,831
2026-08-31 11:17:00+05:30,23720.109789620117,23722.406834246107,23719.9576945018,23720.549888155256,1238
2026-08-31 11:18:00+05:30,23720.549888155256,23726.268667958004,23719.610066039317,23725.1395249552,4327
2026-08-31 11:19:00+05:30,23725.1395249552,23725.401711198047,23724.025930209136,23724.617244167333,2480
2026-08-31 11:20:00+05:30,23724.617244167333,23726.91435702799,23722.0469419083,23723.246230392146,1326
2026-08-31 11:21:00+05:30,23723.246230392146,23728.543955114725,23721.55296023166,23727.71314605846,5784
2026-08-31 11:22:00+05:30,23727.71314605846,23729.685337654926,23727.42919104716,23728.098413478812,906
2026-08-31 11:23:00+05:30,23728.098413478812,23728.111374795248,23723.252959988575,23725.019530729598,3330
2026-08-31 11:24:00+05:30,23725.019530729598,23726.567049211677,23724.188568168793,23726.144065054123,1958
2026-08-31 11:25:00+05:30,23726.144065054123,23726.846896587973,23724.547487045944,23725.022406462314,4099
2026-08-31 11:26:00+05:30,23725.022406462314,23726.102082055375,23724.357015428326,23725.878605425656,2050
2026-08-31 11:27:00+05:30,23725.878605425656,23729.254757034443,23723.448454869318,23727.618926795098,3539
2026-08-31 11:28:00+05:30,23727.618926795098,23731.521816439377,23725.880718678065,23730.365926393097,1982
2026-08-31 11:29:00+05:30,23730.365926393097,23732.85839259567,23730.36406762001,23732.48569095935,5513
2026-08-31 11:30:00+05:30,23732.48569095935,23733.94060940765,23730.369765955445,23732.13376487661,1810
2026-08-31 11:31:00+05:30,23732.13376487661,23733.491631023226,23731.597550441365,23733.28012544194,3297
2026-08-31 11:32:00+05:30,23733.28012544194,23733.969427950113,23732.36427550597,23732.98037826763,4679
2026-08-31 11:33:00+05:30,23732.98037826763,23734.493673979217,23729.61301419651,23729.807656791316,2751
2026-08-31 11:34:00+05:30,23729.807656791316,23731.00088813329,23725.93444240536,23728.24975312924,2341
2026-08-31 11:35:00+05:30,23728.24975312924,23728.8499487685,23723.99991529512,23725.48409276875,1477
2026-08-31 11:36:00+05:30,23725.48409276875,23726.664254780473,23724.34550174396,23726.186367667946,2187
2026-08-31 11:37:00+05:30,23726.186367667946,23728.35235714254,23726.1131625307,23727.24967838032,3450
2026-08-31 11:38:00+05:30,23727.24967838032,23727.923574434873,23724.152845049255,23724.677836490275,2154
2026-08-31 11:39:00+05:30,23724.677836490275,23725.592094601452,23720.99731902653,23722.141859084408,1051
2026-08-31 11:40:00+05:30,23722.141859084408,23722.620156735804,23719.666403989413,23720.362095602646,1090
2026-08-31 11:41:00+05:30,23720.362095602646,23721.18470358524,23720.13220559732,23720.464544091137,5584
2026-08-31 11:42:00+05:30,23720.464544091137,23720.466349229966,23718.32347686981,23719.1614311271,2975
2026-08-31 11:43:00+05:30,23719.1614311271,23720.11595926102,23719.078019508932,23719.62681508058,3547
2026-08-31 11:44:00+05:30,23719.62681508058,23719.786127057247,23717.082289102113,23718.336668503063,3332
2026-08-31 11:45:00+05:30,23718.336668503063,23718.522818565038,23715.563312644797,23716.910982875597,1453
2026-08-31 11:46:00+05:30,23716.910982875597,23718.916014201215,23716.525162207738,23718.55508445981,3062
2026-08-31 11:47:00+05:30,23718.55508445981,23720.170279641516,23717.309795878857,23720.051528935703,679
2026-08-31 11:48:00+05:30,23720.051528935703,23720.412562302732,23717.819115166516,23717.969651156403,2201
2026-08-31 11:49:00+05:30,23717.969651156403,23721.755658840397,23715.107010043655,23720.08187600771,3174
2026-08-31 11:50:00+05:30,23720.08187600771,23722.16099598389,23719.07974138676,23719.270311089615,3288
2026-08-31 11:51:00+05:30,23719.270311089615,23721.197944245876,23718.27961981977,23719.02323452571,1391
2026-08-31 11:52:00+05:30,23719.02323452571,23721.09356226971,23717.488858879387,23720.01905506383,818
2026-08-31 11:53:00+05:30,23720.01905506383,23721.00090886989,23718.382639573854,23720.344983747596,933
2026-08-31 11:54:00+05:30,23720.344983747596,23722.09522338711,23718.813951717144,23721.311999702295,2595
2026-08-31 11:55:00+05:30,23721.311999702295,23724.88307787656,23719.424749341208,23724.461426863367,4092
2026-08-31 11:56:00+05:30,23724.461426863367,23725.58400905029,23723.749109919067,23724.90735363563,4784
2026-08-31 11:57:00+05:30,23724.90735363563,23724.91309120673,23720.912435128885,23722.07800427362,4098
2026-08-31 11:58:00+05:30,23722.07800427362,23724.045602448205,23720.554403201077,23723.812598997705,4692
2026-08-31 11:59:00+05:30,23723.812598997705,23728.035836699393,23723.761955213402,23726.972254141863,4768
2026-08-31 12:00:00+05:30,23726.972254141863,23727.421801108216,23726.130229436156,23726.485599908978,978
2026-08-31 12:01:00+05:30,23726.485599908978,23729.010036301963,23723.709056922376,23723.91153212538,4090
2026-08-31 12:02:00+05:30,23723.91153212538,23724.181965111515,23723.016602010597,23724.109902359414,1161
2026-08-31 12:03:00+05:30,23724.109902359414,23731.35763141078,23723.039264037237,23729.082676794158,3070
2026-08-31 12:04:00+05:30,23729.082676794158,23729.783614465974,23728.16671845795,23729.135618163877,1049
2026-08-31 12:05:00+05:30,23729.135618163877,23730.124501642313,23725.082611461763,23726.42958222261,1844
2026-08-31 12:06:00+05:30,23726.42958222261,23730.769199219565,23726.06970024043,23729.039316910028,3285
2026-08-31 12:07:00+05:30,23729.039316910028,23730.70544656894,23728.58866779196,23730.406939505327,3461
2026-08-31 12:08:00+05:30,23730.406939505327,23734.529445491517,23729.037566213152,23732.08576610294,1916
2026-08-31 12:09:00+05:30,23732.08576610294,23732.29928620238,23729.09915906654,23729.89534649197,2789
2026-08-31 12:10:00+05:30,23729.89534649197,23731.458057902815,23728.286383389146,23730.48007590472,3357
2026-08-31 12:11:00+05:30,23730.48007590472,23734.272981049067,23729.53537778562,23734.06568745777,3225
2026-08-31 12:12:00+05:30,23734.06568745777,23740.152462488015,23731.091326939335,23738.635258478407,4290
2026-08-31 12:13:00+05:30,23738.635258478407,23741.30573979355,23737.203992469265,23739.5516892541,1884
2026-08-31 12:14:00+05:30,23739.5516892541,23739.708775284886,23737.05587832738,23737.207052078036,5551
2026-08-31 12:15:00+05:30,23737.207052078036,23737.360924046116,23732.38091685414,23734.999928595636,882
2026-08-31 12:16:00+05:30,23734.999928595636,23736.694604776658,23734.149591449645,23735.723304736573,3034
2026-08-31 12:17:00+05:30,23735.723304736573,23737.596574961586,23734.270622831693,23735.543605259376,1536
2026-08-31 12:18:00+05:30,23735.543605259376,23735.637823025103,23734.06581621404,23734.839121966204,994
2026-08-31 12:19:00+05:30,23734.839121966204,23736.768581127893,23733.701949616727,23735.549775043604,1956
2026-08-31 12:20:00+05:30,23735.549775043604,23738.293282427196,23735.487254249918,23737.31978010835,3742
2026-08-31 12:21:00+05:30,23737.31978010835,23739.945186667832,23736.91930625479,23739.463931181694,1653
2026-08-31 12:22:00+05:30,23739.463931181694,23741.48133809025,23738.93516475076,23741.032055902375,4895
2026-08-31 12:23:00+05:30,23741.032055902375,23741.912988100703,23735.78323275158,23737.06990459009,5780
2026-08-31 12:24:00+05:30,23737.06990459009,23738.847926764014,23736.12464451406,23738.504156775274,4101
2026-08-31 12:25:00+05:30,23738.504156775274,23741.021327410814,23737.419473218175,23738.29378045685,4909
2026-08-31 12:26:00+05:30,23738.29378045685,23738.545900367917,23737.255437541004,23737.897416630796,3574
2026-08-31 12:27:00+05:30,23737.897416630796,23741.860050806546,23737.18407799104,23741.072259795976,4746
2026-08-31 12:28:00+05:30,23741.072259795976,23742.465607486687,23739.68680950451,23740.326950294697,543
2026-08-31 12:29:00+05:30,23740.326950294697,23740.419423314637,23737.217119155986,23738.326638577375,5231
2026-08-31 12:30:00+05:30,23738.326638577375,23740.881176435854,23737.75483828964,23739.744473313433,2482
2026-08-31 12:31:00+05:30,23739.744473313433,23742.82024841554,23739.231164215336,23741.584953206762,3637
2026-08-31 12:32:00+05:30,23741.584953206762,23743.151795398055,23739.40428644992,23739.969426221425,5343
2026-08-31 12:33:00+05:30,23739.969426221425,23741.349369686468,23737.521665670265,23738.209114136094,1082
2026-08-31 12:34:00+05:30,23738.209114136094,23739.412608955598,23737.549902519306,23739.13943036878,4594
2026-08-31 12:35:00+05:30,23739.13943036878,23743.511789786407,23738.17676324518,23742.708240035725,3116
2026-08-31 12:36:00+05:30,23742.708240035725,23743.1204848632,23741.448157251503,23742.24429769309,3372
2026-08-31 12:37:00+05:30,23742.24429769309,23744.090507563644,23739.472911864093,23743.15039787055,1614
2026-08-31 12:38:00+05:30,23743.15039787055,23744.171568219732,23742.643639424914,23743.177139726242,5935
2026-08-31 12:39:00+05:30,23743.177139726242,23746.374253277096,23742.924892655254,23745.777132509604,3867
2026-08-31 12:40:00+05:30,23745.777132509604,23747.72849719556,23745.654081297347,23747.173512990943,1063
2026-08-31 12:41:00+05:30,23747.173512990943,23749.700302273184,23744.076132385584,23748.67518752845,3372
2026-08-31 12:42:00+05:30,23748.67518752845,23750.27944151687,23742.41643862281,23744.900214926907,2019
2026-08-31 12:43:00+05:30,23744.900214926907,23746.63993320762,23741.03069434048,23742.88743027215,1252
2026-08-31 12:44:00+05:30,23742.88743027215,23743.457147113106,23740.905204860534,23741.074761566466,3671
2026-08-31 12:45:00+05:30,23741.074761566466,23742.75064245274,23738.16098375434,23739.79583404715,4684
2026-08-31 12:46:00+05:30,23739.79583404715,23743.05013443193,23739.111176748465,23741.16077065695,3925
2026-08-31 12:47:00+05:30,23741.16077065695,23743.230041594492,23739.348111854833,23742.57707838339,2160
2026-08-31 12:48:00+05:30,23742.57707838339,23743.348913411304,23740.908416633945,23742.807729688,763
2026-08-31 12:49:00+05:30,23742.807729688,23743.13784463186,23740.086166451834,23742.513171169783,656
2026-08-31 12:50:00+05:30,23742.513171169783,23747.26402750404,23742.120326681204,23745.166877060325,1970
2026-08-31 12:51:00+05:30,23745.166877060325,23746.3489536525,23742.25276385804,23742.82930215153,1117
2026-08-31 12:52:00+05:30,23742.82930215153,23743.27729934637,23742.524564735042,23742.625676994478,5639
2026-08-31 12:53:00+05:30,23742.625676994478,23744.84750731594,23738.773951179213,23739.015048771445,2656
2026-08-31 12:54:00+05:30,23739.015048771445,23740.504446910618,23736.184516193756,23737.401200881894,3967
2026-08-31 12:55:00+05:30,23737.401200881894,23737.671771153517,23736.458378759176,23737.304782348478,5951
2026-08-31 12:56:00+05:30,23737.304782348478,23738.627594007907,23734.200615599773,23734.71977208434,4015
2026-08-31 12:57:00+05:30,23734.71977208434,23735.57826440653,23730.350391903692,23732.05630040128,5301
2026-08-31 12:58:00+05:30,23732.05630040128,23735.090730475466,23729.953062573957,23732.92802070092,1512
2026-08-31 12:59:00+05:30,23732.92802070092,23734.558254619304,23729.67717304096,23733.929393816125,2390
2026-08-31 13:00:00+05:30,23733.929393816125,23740.12351155174,23733.89485457362,23739.138062078164,3916
2026-08-31 13:01:00+05:30,23739.138062078164,23740.200330662847,23735.334012968615,23737.190511611385,1051
2026-08-31 13:02:00+05:30,23737.190511611385,23739.380802671287,23736.360522225226,23738.647434880473,2266
2026-08-31 13:03:00+05:30,23738.647434880473,23743.670490189932,23737.51065390902,23743.30499187792,5224
2026-08-31 13:04:00+05:30,23743.30499187792,23745.068670318276,23742.99328661432,23744.572797255976,3829
2026-08-31 13:05:00+05:30,23744.572797255976,23747.497428971434,23742.75662219922,23747.034284054007,621
2026-08-31 13:06:00+05:30,23747.034284054007,23747.48528910549,23742.86675823108,23744.536257351396,5470
2026-08-31 13:07:00+05:30,23744.536257351396,23745.070768516693,23741.806062033513,23743.41474898917,4256
2026-08-31 13:08:00+05:30,23743.41474898917,23744.808395559536,23740.70079571665,23740.743253429024,4629
2026-08-31 13:09:00+05:30,23740.743253429024,23742.212695862003,23740.39774847536,23741.717678275465,4632
2026-08-31 13:10:00+05:30,23741.717678275465,23744.365722374703,23741.495626984877,23744.064200325953,5805
2026-08-31 13:11:00+05:30,23744.064200325953,23746.53361016061,23742.686275348427,23744.789996503794,4971
2026-08-31 13:12:00+05:30,23744.789996503794,23745.588647953362,23742.970681991115,23743.252227176505,1930
2026-08-31 13:13:00+05:30,23743.252227176505,23743.629198138617,23742.57719722785,23742.8468652638,3288
2026-08-31 13:14:00+05:30,23742.8468652638,23743.189574035932,23741.434491346834,23742.02501990783,4641
2026-08-31 13:15:00+05:30,23742.02501990783,23743.383836954185,23739.399203707144,23740.45018468151,1904
2026-08-31 13:16:00+05:30,23740.45018468151,23740.64722808737,23739.162896998427,23739.330902245427,3091
2026-08-31 13:17:00+05:30,23739.330902245427,23744.049426694735,23737.97106314482,23743.096722174723,4917
2026-08-31 13:18:00+05:30,23743.096722174723,23746.29022125863,23741.780869687533,23744.283842303616,1583
2026-08-31 13:19:00+05:30,23744.283842303616,23746.605308892485,23742.973445546304,23744.499508099103,4715
2026-08-31 13:20:00+05:30,23744.499508099103,23746.11786653361,23743.35350335845,23743.38894591719,1235
2026-08-31 13:21:00+05:30,23743.38894591719,23744.282891524846,23741.909198918205,23743.21042308524,2320
2026-08-31 13:22:00+05:30,23743.21042308524,23743.40086581703,23741.027093544533,23741.078756551702,1180
2026-08-31 13:23:00+05:30,23741.078756551702,23743.414832051047,23740.74200925301,23742.329040408615,5294
2026-08-31 13:24:00+05:30,23742.329040408615,23746.29095056433,23742.2220653532,23744.710278285413,5564
2026-08-31 13:25:00+05:30,23744.710278285413,23746.21899554019,23736.485678949397,23738.591900740113,4819
2026-08-31 13:26:00+05:30,23738.591900740113,23739.74355290078,23736.203501273958,23737.070390310764,5919
2026-08-31 13:27:00+05:30,23737.070390310764,23739.288563627157,23736.38073058439,23736.779272055795,2409
2026-08-31 13:28:00+05:30,23736.779272055795,23736.82394012618,23734.45099384041,23734.58485055861,4213
2026-08-31 13:29:00+05:30,23734.58485055861,23735.912452093096,23732.271012317284,23735.06204805537,3292
2026-08-31 13:30:00+05:30,23735.06204805537,23736.095687850066,23733.849548290775,23734.294693254073,3793
2026-08-31 13:31:00+05:30,23734.294693254073,23735.581021465154,23731.87785924744,23732.934645884045,5200
2026-08-31 13:32:00+05:30,23732.934645884045,23734.17556863568,23730.46901737746,23733.05253975832,5496
2026-08-31 13:33:00+05:30,23733.05253975832,23733.980410291504,23732.014039225673,23733.920080624564,1361
2026-08-31 13:34:00+05:30,23733.920080624564,23735.941230090837,23733.452583106016,23735.095696743334,5789
2026-08-31 13:35:00+05:30,23735.095696743334,23735.17368348627,23731.384102030905,23733.48337384983,5805
2026-08-31 13:36:00+05:30,23733.48337384983,23735.899273157345,23731.133327576714,23735.51032183665,1081
2026-08-31 13:37:00+05:30,23735.51032183665,23739.621265572106,23735.199832857605,23738.26181553156,985
2026-08-31 13:38:00+05:30,23738.26181553156,23740.54245867535,23735.937358631836,23735.949185225607,912
2026-08-31 13:39:00+05:30,23735.949185225607,23742.512055878404,23735.236606144295,23742.063830347088,4468
2026-08-31 13:40:00+05:30,23742.063830347088,23743.303053478918,23741.94431078594,23742.341021710108,1329
2026-08-31 13:41:00+05:30,23742.341021710108,23743.77168856694,23741.225762622802,23743.29022366286,813
2026-08-31 13:42:00+05:30,23743.29022366286,23748.135164054063,23742.857639884707,23745.60190226681,2440
2026-08-31 13:43:00+05:30,23745.60190226681,23747.306586877155,23742.10025593234,23745.857231682206,1716
2026-08-31 13:44:00+05:30,23745.857231682206,23746.649716224903,23743.86943417017,23744.648226363835,1974
2026-08-31 13:45:00+05:30,23744.648226363835,23745.059266437318,23740.673536963455,23741.02335872044,2832
2026-08-31 13:46:00+05:30,23741.02335872044,23743.6613790913,23739.985021442528,23743.037089612575,1420
2026-08-31 13:47:00+05:30,23743.037089612575,23745.020617589416,23742.360476741283,23742.47100059604,1475
2026-08-31 13:48:00+05:30,23742.47100059604,23744.8256577818,23739.709403260196,23740.366870412723,1654
2026-08-31 13:49:00+05:30,23740.366870412723,23743.231487597168,23740.14667317758,23742.547479578574,5106
2026-08-31 13:50:00+05:30,23742.547479578574,23742.844588737516,23738.659788520432,23738.98904897318,1361
2026-08-31 13:51:00+05:30,23738.98904897318,23740.14139798339,23736.807168348445,23737.87052661537,2151
2026-08-31 13:52:00+05:30,23737.87052661537,23740.06597755651,23737.605771879098,23739.52079979448,5665
2026-08-31 13:53:00+05:30,23739.52079979448,23744.17079594794,23739.25180034679,23740.97831732236,5397
2026-08-31 13:54:00+05:30,23740.97831732236,23742.15064597432,23740.722867941902,23740.925343348423,855
2026-08-31 13:55:00+05:30,23740.925343348423,23748.826457374864,23739.809014499988,23747.294722831874,3081
2026-08-31 13:56:00+05:30,23747.294722831874,23752.0968604403,23747.025340695276,23751.05365806501,5882
2026-08-31 13:57:00+05:30,23751.05365806501,23751.220461035544,23747.48360014154,23747.928563943373,794
2026-08-31 13:58:00+05:30,23747.928563943373,23748.72939096308,23744.33464112549,23745.048468568082,909
2026-08-31 13:59:00+05:30,23745.048468568082,23748.999177232294,23743.46331135972,23748.03616021229,694
2026-08-31 14:00:00+05:30,23748.03616021229,23753.886282441323,23747.8935567572,23752.620440060124,2128
2026-08-31 14:01:00+05:30,23752.620440060124,23755.583646221166,23750.248169901068,23753.244704980803,5302
2026-08-31 14:02:00+05:30,23753.244704980803,23754.887806854316,23751.73875063296,23753.77169151073,5212
2026-08-31 14:03:00+05:30,23753.77169151073,23755.957207038246,23749.624173362296,23750.100459864185,5928
2026-08-31 14:04:00+05:30,23750.100459864185,23751.8490430888,23749.794778174164,23750.388221454807,3687
2026-08-31 14:05:00+05:30,23750.388221454807,23753.700020614302,23748.6355702172,23751.280786805535,2249
2026-08-31 14:06:00+05:30,23751.280786805535,23752.064215363975,23749.149481280736,23751.396816260316,5162
2026-08-31 14:07:00+05:30,23751.396816260316,23757.975629027238,23750.56718332049,23756.24224895957,3899
2026-08-31 14:08:00+05:30,23756.24224895957,23756.751095836138,23752.619910572026,23753.68082474934,4783
2026-08-31 14:09:00+05:30,23753.68082474934,23755.857067732042,23753.572115296774,23755.81156143185,2389
2026-08-31 14:10:00+05:30,23755.81156143185,23757.197948255867,23752.553527651486,23752.982449488256,4545
2026-08-31 14:11:00+05:30,23752.982449488256,23753.802587579983,23749.792717010532,23750.289578648957,5780
2026-08-31 14:12:00+05:30,23750.289578648957,23751.887769068984,23749.330666487025,23750.38875254505,4597
2026-08-31 14:13:00+05:30,23750.38875254505,23751.793017247554,23746.606534925522,23747.30034774113,4556
2026-08-31 14:14:00+05:30,23747.30034774113,23748.067538929587,23744.84272405447,23746.472518487135,2159
2026-08-31 14:15:00+05:30,23746.472518487135,23746.953235571324,23744.412207408735,23745.937063402187,3388
2026-08-31 14:16:00+05:30,23745.937063402187,23747.48999092517,23745.04809310701,23745.053695128856,2183
2026-08-31 14:17:00+05:30,23745.053695128856,23747.91039840507,23743.71326365776,23745.758836546775,2729
2026-08-31 14:18:00+05:30,23745.758836546775,23748.042078439532,23743.974810054788,23746.87453080099,2752
2026-08-31 14:19:00+05:30,23746.87453080099,23748.11844778053,23745.399107596873,23746.839920714614,3476
2026-08-31 14:20:00+05:30,23746.839920714614,23748.059273055274,23743.880915762835,23744.40008714006,3101
2026-08-31 14:21:00+05:30,23744.40008714006,23745.99145178833,23743.94801885397,23744.466432527315,745
2026-08-31 14:22:00+05:30,23744.466432527315,23746.85445689022,23742.690610286994,23742.744864724013,629
2026-08-31 14:23:00+05:30,23742.744864724013,23742.96384425302,23741.788964636482,23742.12594884993,5662
2026-08-31 14:24:00+05:30,23742.12594884993,23742.277791163153,23741.59357830809,23741.98846923939,5410
2026-08-31 14:25:00+05:30,23741.98846923939,23743.122500859023,23741.130274956657,23741.47820314239,2744
2026-08-31 14:26:00+05:30,23741.47820314239,23742.96574670019,23740.47528544462,23742.861361506253,5186
2026-08-31 14:27:00+05:30,23742.861361506253,23744.94697014566,23742.237256011882,23743.71056591812,5485
2026-08-31 14:28:00+05:30,23743.71056591812,23748.39241066734,23743.33010605725,23748.283732062617,5099
2026-08-31 14:29:00+05:30,23748.283732062617,23749.296299992446,23746.204710715923,23746.60057755938,2197
2026-08-31 14:30:00+05:30,23746.60057755938,23746.69019756038,23741.463633728206,23743.947851419536,1101
2026-08-31 14:31:00+05:30,23743.947851419536,23745.023520986688,23743.889556903006,23744.240397977654,1130
2026-08-31 14:32:00+05:30,23744.240397977654,23748.083814393518,23744.09050286995,23746.86827655503,2310
2026-08-31 14:33:00+05:30,23746.86827655503,23748.333012688745,23745.485326151374,23745.863900854914,2566
2026-08-31 14:34:00+05:30,23745.863900854914,23748.935508345534,23744.729488435412,23748.352057770495,4557
2026-08-31 14:35:00+05:30,23748.352057770495,23749.33309755222,23744.448682198792,23745.879166712268,1104
2026-08-31 14:36:00+05:30,23745.879166712268,23745.986954816883,23740.400511501124,23741.928878368544,2823
2026-08-31 14:37:00+05:30,23741.928878368544,23743.560188753745,23741.9181614452,23742.31409580528,5141
2026-08-31 14:38:00+05:30,23742.31409580528,23742.778368177143,23740.15616257506,23740.284042768893,5638
2026-08-31 14:39:00+05:30,23740.284042768893,23741.108333242108,23738.19556868807,23738.204113673357,3356
2026-08-31 14:40:00+05:30,23738.204113673357,23738.66482753084,23735.21115403262,23735.759744318657,5282
2026-08-31 14:41:00+05:30,23735.759744318657,23737.10542942118,23734.584894583106,23736.59484807621,921
2026-08-31 14:42:00+05:30,23736.59484807621,23737.607110462515,23735.88635287883,23737.605806195777,983
2026-08-31 14:43:00+05:30,23737.605806195777,23740.20050664148,23736.488879212797,23739.704761214634,5685
2026-08-31 14:44:00+05:30,23739.704761214634,23741.864648695533,23737.26301701512,23741.084747146244,2708
2026-08-31 14:45:00+05:30,23741.084747146244,23742.72647800677,23738.32106727885,23742.15962820623,5791
2026-08-31 14:46:00+05:30,23742.15962820623,23745.67706289226,23741.606270782104,23743.698280807774,3092
2026-08-31 14:47:00+05:30,23743.698280807774,23745.93131200875,23742.559697319153,23742.877962099516,874
2026-08-31 14:48:00+05:30,23742.877962099516,23743.154658089108,23735.656048221514,23735.88942121885,1727
2026-08-31 14:49:00+05:30,23735.88942121885,23737.337644674262,23732.94592756022,23734.241104317927,3303
2026-08-31 14:50:00+05:30,23734.241104317927,23734.337963074624,23733.00736836977,23733.959643320908,3107
2026-08-31 14:51:00+05:30,23733.959643320908,23736.872435172212,23732.4154543561,23735.141080715854,1310
2026-08-31 14:52:00+05:30,23735.141080715854,23738.375639963662,23734.167527573707,23737.378691859096,1335
2026-08-31 14:53:00+05:30,23737.378691859096,23739.005461541332,23736.69647365867,23737.044738887613,2446
2026-08-31 14:54:00+05:30,23737.044738887613,23739.9492531736,23736.466123863145,23737.62851993483,867
2026-08-31 14:55:00+05:30,23737.62851993483,23737.882423606727,23733.048309206217,23733.053122220077,5568
2026-08-31 14:56:00+05:30,23733.053122220077,23736.01430637931,23729.94366844638,23731.117350048393,2592
2026-08-31 14:57:00+05:30,23731.117350048393,23732.5604845923,23728.981289056293,23731.59476413674,2481
2026-08-31 14:58:00+05:30,23731.59476413674,23731.71452622313,23730.40617923791,23731.39359116529,628
2026-08-31 14:59:00+05:30,23731.39359116529,23732.035530218654,23729.144492476345,23729.43658301892,5474
2026-08-31 15:00:00+05:30,23729.43658301892,23729.92387584029,23727.04493703304,23729.70778247958,1414
2026-08-31 15:01:00+05:30,23729.70778247958,23733.66333689852,23728.350140868617,23731.634887333195,5881
2026-08-31 15:02:00+05:30,23731.634887333195,23732.27504540148,23726.53336744221,23727.81116867052,3269
2026-08-31 15:03:00+05:30,23727.81116867052,23730.191275428602,23725.910772660176,23729.337432162614,3973
2026-08-31 15:04:00+05:30,23729.337432162614,23730.179185165634,23727.69428098323,23729.60142314886,1370
2026-08-31 15:05:00+05:30,23729.60142314886,23731.778519347765,23729.20814411055,23731.39259283276,2669
2026-08-31 15:06:00+05:30,23731.39259283276,23732.77847212995,23727.817027210953,23729.835642602844,3127
2026-08-31 15:07:00+05:30,23729.835642602844,23731.09145570446,23726.995164959557,23727.054741265398,3154
2026-08-31 15:08:00+05:30,23727.054741265398,23731.3382631215,23726.99218804618,23730.689579263188,896
2026-08-31 15:09:00+05:30,23730.689579263188,23731.25624924636,23727.050833921716,23727.926008375358,5242
2026-08-31 15:10:00+05:30,23727.926008375358,23729.608932772673,23721.537783865137,23723.590877470877,4670
2026-08-31 15:11:00+05:30,23723.590877470877,23723.6777367669,23719.728437874513,23721.417251814262,1233
2026-08-31 15:12:00+05:30,23721.417251814262,23723.704199887045,23721.039057383197,23723.117417582223,2860
2026-08-31 15:13:00+05:30,23723.117417582223,23726.07155703022,23722.54210158239,23724.179241950424,4317
2026-08-31 15:14:00+05:30,23724.179241950424,23724.694245068375,23722.689014356616,23722.71393819471,2814
2026-08-31 15:15:00+05:30,23722.71393819471,23724.012593718373,23718.991924795093,23720.184400327347,4041
2026-08-31 15:16:00+05:30,23720.184400327347,23720.36791179869,23717.24471161248,23718.928351346534,1339
2026-08-31 15:17:00+05:30,23718.928351346534,23723.123736575977,23717.25140489417,23721.488582331236,1916
2026-08-31 15:18:00+05:30,23721.488582331236,23722.70085772917,23718.84578137316,23719.681217992733,3012
2026-08-31 15:19:00+05:30,23719.681217992733,23720.270287497435,23716.64017107659,23718.87235856391,3700
2026-08-31 15:20:00+05:30,23718.87235856391,23719.74057590042,23718.408005254878,23719.545370760567,3954
2026-08-31 15:21:00+05:30,23719.545370760567,23720.68291805569,23718.94543473017,23719.159216441538,2880
2026-08-31 15:22:00+05:30,23719.159216441538,23721.589710989854,23717.667761806762,23721.170658830157,1317
2026-08-31 15:23:00+05:30,23721.170658830157,23723.044924898375,23720.883051116343,23722.568721075222,3033
2026-08-31 15:24:00+05:30,23722.568721075222,23722.965308318337,23719.54252647052,23719.822675476353,791
2026-08-31 15:25:00+05:30,23719.822675476353,23720.974296083452,23717.550756278288,23718.09039718123,4343
2026-08-31 15:26:00+05:30,23718.09039718123,23720.01762137306,23717.414786158988,23719.478983263656,1126
2026-08-31 15:27:00+05:30,23719.478983263656,23720.431210815048,23717.683544282172,23718.74308153202,2622
2026-08-31 15:28:00+05:30,23718.74308153202,23718.881235527704,23717.228654354865,23717.51407466831,1182
2026-08-31 15:29:00+05:30,23717.51407466831,23720.17391038327,23714.951318458738,23719.62024151965,1725
2026-09-01 09:15:00+05:30,23719.62024151965,23723.182477170812,23717.864896240102,23717.953447049356,2585
2026-09-01 09:16:00+05:30,23717.953447049356,23718.121490481317,23714.86421969249,23717.42306909861,4957
2026-09-01 09:17:00+05:30,23717.42306909861,23721.687582757146,23715.236616248614,23720.82509605947,3491
2026-09-01 09:18:00+05:30,23720.82509605947,23724.555772941094,23714.057183877572,23714.862886625233,915
2026-09-01 09:19:00+05:30,23714.862886625233,23719.68288871488,23714.296199263412,23716.82885647492,5268
2026-09-01 09:20:00+05:30,23716.82885647492,23718.414701745052,23712.159323146214,23713.525490786305,2920
2026-09-01 09:21:00+05:30,23713.525490786305,23719.211828410014,23712.163930962048,23716.50863015125,4756
2026-09-01 09:22:00+05:30,23716.50863015125,23719.32031892791,23715.950653847543,23719.1815102481,2818
2026-09-01 09:23:00+05:30,23719.1815102481,23719.43003297817,23713.462705480197,23713.69419397048,5014
2026-09-01 09:24:00+05:30,23713.69419397048,23714.20298994543,23713.371948475127,23714.043758140302,2261
2026-09-01 09:25:00+05:30,23714.043758140302,23716.23689925275,23711.76662746179,23714.939979668736,1883
2026-09-01 09:26:00+05:30,23714.939979668736,23718.06360839927,23713.614735397852,23717.494764025603,2865
2026-09-01 09:27:00+05:30,23717.494764025603,23720.75443509894,23716.34794945946,23719.963394977232,4979
2026-09-01 09:28:00+05:30,23719.963394977232,23723.725348941927,23719.78444105036,23721.141134424022,1450
2026-09-01 09:29:00+05:30,23721.141134424022,23726.221495706603,23720.73121263857,23725.066386573486,756
2026-09-01 09:30:00+05:30,23725.066386573486,23728.432100516136,23721.185934819245,23723.406922111564,1074
2026-09-01 09:31:00+05:30,23723.406922111564,23724.654536768172,23720.665092874187,23721.117362586112,5868
2026-09-01 09:32:00+05:30,23721.117362586112,23721.84215340928,23719.28909305047,23719.491864554384,4815
2026-09-01 09:33:00+05:30,23719.491864554384,23719.82728021242,23717.885670137624,23718.845721518985,4368
2026-09-01 09:34:00+05:30,23718.845721518985,23723.11014642255,23717.532153463235,23721.11222752411,734
2026-09-01 09:35:00+05:30,23721.11222752411,23722.32138292047,23720.188016857308,23721.692804678823,2463
2026-09-01 09:36:00+05:30,23721.692804678823,23722.288413572736,23721.295510465334,23722.210514343955,5966
2026-09-01 09:37:00+05:30,23722.210514343955,23724.413072710486,23721.08994622268,23723.654871594095,5639
2026-09-01 09:38:00+05:30,23723.654871594095,23725.745254854337,23722.97566188577,23723.21575605048,953
2026-09-01 09:39:00+05:30,23723.21575605048,23723.77622900726,23720.492877450582,23721.187667167294,2836
2026-09-01 09:40:00+05:30,23721.187667167294,23721.95878789086,23720.318313550186,23721.27518368334,977
2026-09-01 09:41:00+05:30,23721.27518368334,23721.649083497538,23717.1946134023,23718.062299055346,5874
2026-09-01 09:42:00+05:30,23718.062299055346,23720.93524256648,23717.24504408609,23720.807076574594,710
2026-09-01 09:43:00+05:30,23720.807076574594,23724.12456015621,23720.44046407454,23722.626959366444,3714
2026-09-01 09:44:00+05:30,23722.626959366444,23724.291983706342,23721.757559485184,23723.805144813625,1885
2026-09-01 09:45:00+05:30,23723.805144813625,23723.916683255575,23720.438237643128,23720.523529175487,3436
2026-09-01 09:46:00+05:30,23720.523529175487,23721.32077504512,23718.904858374768,23720.22738791604,1678
2026-09-01 09:47:00+05:30,23720.22738791604,23722.81931967534,23719.48369548771,23722.57705787223,3693
2026-09-01 09:48:00+05:30,23722.57705787223,23723.293668947033,23720.664846673397,23721.616935878526,4302
2026-09-01 09:49:00+05:30,23721.616935878526,23722.717574352428,23720.480318772912,23721.469565515094,2944
2026-09-01 09:50:00+05:30,23721.469565515094,23721.67822732926,23718.650618075204,23720.533055507745,3418
2026-09-01 09:51:00+05:30,23720.533055507745,23721.200850229907,23718.123450879408,23719.33271647417,2015
2026-09-01 09:52:00+05:30,23719.33271647417,23719.613975830718,23718.671459472145,23719.5837750332,3304
2026-09-01 09:53:00+05:30,23719.5837750332,23720.233253967082,23717.555202698855,23717.858199271326,2769
2026-09-01 09:54:00+05:30,23717.858199271326,23718.06180967897,23715.41156631892,23717.97344548789,5590
2026-09-01 09:55:00+05:30,23717.97344548789,23723.32583202375,23717.17166818516,23720.943235128198,2835
2026-09-01 09:56:00+05:30,23720.943235128198,23721.880978066554,23720.02470991405,23720.0289461915,524
2026-09-01 09:57:00+05:30,23720.0289461915,23720.235232138468,23718.34024706332,23720.23503504188,2503
2026-09-01 09:58:00+05:30,23720.23503504188,23720.60526459843,23714.56117894583,23715.69760613592,2588
2026-09-01 09:59:00+05:30,23715.69760613592,23716.913392353257,23714.1496459572,23716.00216180378,3191
2026-09-01 10:00:00+05:30,23716.00216180378,23716.872707541996,23715.361300231703,23716.167101690717,1551
2026-09-01 10:01:00+05:30,23716.167101690717,23717.104209944202,23715.545083674962,23715.70243940169,1485
2026-09-01 10:02:00+05:30,23715.70243940169,23717.407352088983,23714.76951009526,23717.209682454984,3505
2026-09-01 10:03:00+05:30,23717.209682454984,23717.915254225805,23715.000727271112,23715.450545464882,4499
2026-09-01 10:04:00+05:30,23715.450545464882,23718.764969851476,23714.43490598561,23718.266868967552,4173
2026-09-01 10:05:00+05:30,23718.266868967552,23719.171691997435,23710.313399200728,23712.58336630895,1672
2026-09-01 10:06:00+05:30,23712.58336630895,23713.270716872248,23710.03431547847,23711.2849011014,4530
2026-09-01 10:07:00+05:30,23711.2849011014,23717.413017596005,23710.59213205245,23714.080097259786,5769
2026-09-01 10:08:00+05:30,23714.080097259786,23714.351897315206,23709.712495378695,23712.424795553336,4707
2026-09-01 10:09:00+05:30,23712.424795553336,23717.461435041554,23711.64319943846,23716.678526542586,2701
2026-09-01 10:10:00+05:30,23716.678526542586,23717.280647559954,23716.38050338398,23716.992445422,5551
2026-09-01 10:11:00+05:30,23716.992445422,23718.491213461533,23714.737456772826,23717.87801288072,1325
2026-09-01 10:12:00+05:30,23717.87801288072,23722.670562041058,23717.64854432281,23721.141922250565,2487
2026-09-01 10:13:00+05:30,23721.141922250565,23721.176758036854,23715.167609739194,23716.63029558121,2518
2026-09-01 10:14:00+05:30,23716.63029558121,23717.841155179416,23715.001034545065,23715.70084301409,1799
2026-09-01 10:15:00+05:30,23715.70084301409,23719.327231498828,23714.455960159437,23718.65746617581,4444
2026-09-01 10:16:00+05:30,23718.65746617581,23719.593348634717,23717.208135841243,23718.052674899074,1256
2026-09-01 10:17:00+05:30,23718.052674899074,23722.52836172396,23716.726803878395,23720.616364042216,500
2026-09-01 10:18:00+05:30,23720.616364042216,23723.41104266377,23717.151333887723,23718.12540539066,2698
2026-09-01 10:19:00+05:30,23718.12540539066,23718.438142520507,23716.502068974944,23717.33063506933,2900
2026-09-01 10:20:00+05:30,23717.33063506933,23718.29193010517,23716.556438327327,23717.13838531486,2128
2026-09-01 10:21:00+05:30,23717.13838531486,23721.355705057806,23715.40154266173,23721.01339576112,2180
2026-09-01 10:22:00+05:30,23721.01339576112,23722.431206692156,23720.472667766884,23720.74538981594,753
2026-09-01 10:23:00+05:30,23720.74538981594,23724.078129247457,23719.410646388165,23722.389364200422,5711
2026-09-01 10:24:00+05:30,23722.389364200422,23724.18138885735,23720.213817354666,23724.17474025017,3785
2026-09-01 10:25:00+05:30,23724.17474025017,23727.552295318565,23723.85662691265,23726.602144840985,4322
2026-09-01 10:26:00+05:30,23726.602144840985,23727.167094488457,23726.3917676873,23726.658959773515,1745
2026-09-01 10:27:00+05:30,23726.658959773515,23729.11091405854,23725.99308325289,23727.395948745274,4127
2026-09-01 10:28:00+05:30,23727.395948745274,23728.970157625885,23726.310481440367,23728.871427309874,2608
2026-09-01 10:29:00+05:30,23728.871427309874,23729.6188896375,23727.424392609064,23728.95816715581,4991
2026-09-01 10:30:00+05:30,23728.95816715581,23731.271163952595,23727.815357694384,23731.01842492063,2992
2026-09-01 10:31:00+05:30,23731.01842492063,23731.72873009218,23727.95468368128,23727.9978337213,5402
2026-09-01 10:32:00+05:30,23727.9978337213,23730.299909857455,23724.139442700434,23725.11614486379,5699
2026-09-01 10:33:00+05:30,23725.11614486379,23726.709731063947,23721.72863901525,23722.800324466727,4797
2026-09-01 10:34:00+05:30,23722.800324466727,23724.28129644055,23720.993771270812,23723.91046130018,2741
2026-09-01 10:35:00+05:30,23723.91046130018,23726.85482651744,23721.64179579585,23725.51976387253,4862
2026-09-01 10:36:00+05:30,23725.51976387253,23726.21621072334,23722.285243468206,23723.79069505914,5056
2026-09-01 10:37:00+05:30,23723.79069505914,23726.81604250948,23723.703288300076,23726.34594207249,5050
2026-09-01 10:38:00+05:30,23726.34594207249,23726.75334203142,23723.340539808894,23724.681672185132,906
2026-09-01 10:39:00+05:30,23724.681672185132,23725.491191644378,23724.53233092723,23725.43218158885,1155
2026-09-01 10:40:00+05:30,23725.43218158885,23727.20905873285,23725.31520957227,23726.876798500318,2719
2026-09-01 10:41:00+05:30,23726.876798500318,23728.64857249859,23726.481791740644,23728.174139452138,1175
2026-09-01 10:42:00+05:30,23728.174139452138,23728.870886659617,23727.713751151874,23728.41311787566,3074
2026-09-01 10:43:00+05:30,23728.41311787566,23729.071557631934,23727.487238603255,23728.951818831745,1761
2026-09-01 10:44:00+05:30,23728.951818831745,23730.08914728522,23725.716412851114,23726.413461093875,3674
2026-09-01 10:45:00+05:30,23726.413461093875,23727.210024757245,23724.91600026147,23724.922367498104,3743
2026-09-01 10:46:00+05:30,23724.922367498104,23727.552233075454,23719.873352100076,23720.962227277843,1457
2026-09-01 10:47:00+05:30,23720.962227277843,23725.783578909537,23720.61690544034,23724.11527703276,521
2026-09-01 10:48:00+05:30,23724.11527703276,23727.085802745372,23722.957778959957,23726.048175268643,3837
2026-09-01 10:49:00+05:30,23726.048175268643,23726.130451335164,23723.54076793569,23724.880627635088,4433
2026-09-01 10:50:00+05:30,23724.880627635088,23727.654173042167,23723.240578724515,23727.07216911361,1613
2026-09-01 10:51:00+05:30,23727.07216911361,23727.349810136242,23726.134849847116,23727.18563339404,5487
2026-09-01 10:52:00+05:30,23727.18563339404,23727.385282549858,23726.67582414764,23726.786787414174,5816
2026-09-01 10:53:00+05:30,23726.786787414174,23727.06054402099,23725.857954396914,23725.886749312576,2234
2026-09-01 10:54:00+05:30,23725.886749312576,23726.90838221945,23722.048036999073,23724.234470593772,4515
2026-09-01 10:55:00+05:30,23724.234470593772,23725.05493396027,23722.359415057857,23722.939840166764,1211
2026-09-01 10:56:00+05:30,23722.939840166764,23726.751343884793,23722.81588407505,23726.56223136777,1166
2026-09-01 10:57:00+05:30,23726.56223136777,23727.24896106396,23726.12194683791,23726.638729271268,2000
2026-09-01 10:58:00+05:30,23726.638729271268,23728.742784698432,23724.662081369726,23727.491558987113,5001
2026-09-01 10:59:00+05:30,23727.491558987113,23727.670675218542,23726.146828824974,23726.96148565768,3378
2026-09-01 11:00:00+05:30,23726.96148565768,23730.42089609702,23724.496099791148,23727.88061337862,3837
2026-09-01 11:01:00+05:30,23727.88061337862,23729.409188649566,23727.836801932623,23728.471064647307,3307
2026-09-01 11:02:00+05:30,23728.471064647307,23729.524776366103,23726.304416618597,23727.764336185413,1520
2026-09-01 11:03:00+05:30,23727.764336185413,23729.266998983716,23726.537350584305,23728.934624426583,2032
2026-09-01 11:04:00+05:30,23728.934624426583,23730.767394073253,23728.20543359042,23728.829018480763,1036
2026-09-01 11:05:00+05:30,23728.829018480763,23730.775247339618,23727.551836107996,23730.00336497744,4149
2026-09-01 11:06:00+05:30,23730.00336497744,23730.945911077357,23729.524612702495,23730.467121718317,1361
2026-09-01 11:07:00+05:30,23730.467121718317,23730.623156514597,23729.456230962507,23730.381062385248,3510
2026-09-01 11:08:00+05:30,23730.381062385248,23732.327306649244,23728.2273535436,23730.88813895456,4082
2026-09-01 11:09:00+05:30,23730.88813895456,23731.880202934884,23725.708078633987,23727.748288864314,892
2026-09-01 11:10:00+05:30,23727.748288864314,23732.871014236098,23727.27913848434,23731.479222985763,4729
2026-09-01 11:11:00+05:30,23731.479222985763,23732.387194137005,23731.276093552013,23731.397180009404,3278
2026-09-01 11:12:00+05:30,23731.397180009404,23733.14830267047,23730.77320182194,23730.985597119496,1233
2026-09-01 11:13:00+05:30,23730.985597119496,23732.95769078349,23729.579619919085,23732.768369193123,4631
2026-09-01 11:14:00+05:30,23732.768369193123,23733.862238693528,23730.99904179939,23733.101756235108,2608
2026-09-01 11:15:00+05:30,23733.101756235108,23733.857529137244,23728.348501755096,23730.29665420509,4611
2026-09-01 11:16:00+05:30,23730.29665420509,23732.926780775375,23728.487791976873,23732.36845007908,2237
2026-09-01 11:17:00+05:30,23732.36845007908,23735.103200717935,23731.811541588744,23732.792695880544,4023
2026-09-01 11:18:00+05:30,23732.792695880544,23734.082543963366,23729.72616456819,23730.15192223762,4890
2026-09-01 11:19:00+05:30,23730.15192223762,23730.708774792573,23727.685854925767,23727.833259029787,4864
2026-09-01 11:20:00+05:30,23727.833259029787,23728.843630926818,23724.28104359528,23726.49596348315,2532
2026-09-01 11:21:00+05:30,23726.49596348315,23726.543907604864,23724.641041360366,23725.162643058247,2270
2026-09-01 11:22:00+05:30,23725.162643058247,23727.311736972555,23722.881849418827,23724.114398764275,1238
2026-09-01 11:23:00+05:30,23724.114398764275,23725.176168392965,23723.98888898258,23725.154363939422,2470
2026-09-01 11:24:00+05:30,23725.154363939422,23725.99882732823,23720.804391372003,23722.70906584217,4892
2026-09-01 11:25:00+05:30,23722.70906584217,23723.168748866174,23719.057108855122,23719.46682789441,4951
2026-09-01 11:26:00+05:30,23719.46682789441,23719.889453684507,23715.28209646882,23716.411651578932,5869
2026-09-01 11:27:00+05:30,23716.411651578932,23716.95515085211,23713.4334414667,23713.51788578443,4096
2026-09-01 11:28:00+05:30,23713.51788578443,23715.122954321454,23709.22944123626,23710.007332474328,2885
2026-09-01 11:29:00+05:30,23710.007332474328,23711.77332419301,23708.059772641107,23709.146671069706,5075
2026-09-01 11:30:00+05:30,23709.146671069706,23709.299365034953,23706.583362700225,23707.073414929797,5431
2026-09-01 11:31:00+05:30,23707.073414929797,23708.618894744843,23703.745942736008,23708.25795757128,3244
2026-09-01 11:32:00+05:30,23708.25795757128,23708.8346399212,23706.47829706063,23708.17180201061,4609
2026-09-01 11:33:00+05:30,23708.17180201061,23708.57831261052,23704.50137763854,23705.152109887327,1156
2026-09-01 11:34:00+05:30,23705.152109887327,23706.032013497937,23704.231665329156,23704.242925432958,5417
2026-09-01 11:35:00+05:30,23704.242925432958,23706.04217986471,23704.171279089445,23704.47386002946,1582
2026-09-01 11:36:00+05:30,23704.47386002946,23706.392835834686,23702.935479400756,23705.15718661583,5151
2026-09-01 11:37:00+05:30,23705.15718661583,23705.728299875962,23700.215378709112,23701.799334123047,835
2026-09-01 11:38:00+05:30,23701.799334123047,23703.05543995653,23700.107647808192,23703.010305396267,4927
2026-09-01 11:39:00+05:30,23703.010305396267,23703.14072653573,23699.954361365646,23702.339114458315,4958
2026-09-01 11:40:00+05:30,23702.339114458315,23702.838621866256,23700.761235816088,23701.224355591556,5078
2026-09-01 11:41:00+05:30,23701.224355591556,23701.380955229208,23699.32560979228,23699.34147176971,3293
2026-09-01 11:42:00+05:30,23699.34147176971,23704.241455217794,23698.1346634957,23703.468420518566,3909
2026-09-01 11:43:00+05:30,23703.468420518566,23704.271418740052,23700.662385931166,23701.56799240954,2782
2026-09-01 11:44:00+05:30,23701.56799240954,23702.598472575344,23701.46305004657,23701.64387508128,5399
2026-09-01 11:45:00+05:30,23701.64387508128,23703.238648124254,23699.619856944173,23701.49016264847,2214
2026-09-01 11:46:00+05:30,23701.49016264847,23701.943670025477,23701.2043411534,23701.283064294796,935
2026-09-01 11:47:00+05:30,23701.283064294796,23701.552390886358,23698.210399606945,23699.897768934894,4415
2026-09-01 11:48:00+05:30,23699.897768934894,23701.003142415833,23699.48626305499,23700.000063525982,4128
2026-09-01 11:49:00+05:30,23700.000063525982,23702.795697042868,23699.9480446564,23701.89570654786,4632
2026-09-01 11:50:00+05:30,23701.89570654786,23702.693593925735,23699.635627309537,23700.08989643143,1110
2026-09-01 11:51:00+05:30,23700.08989643143,23704.505341726006,23699.277498652526,23704.38550401681,1176
2026-09-01 11:52:00+05:30,23704.38550401681,23706.070038864258,23703.088729724368,23705.694675089417,4354
2026-09-01 11:53:00+05:30,23705.694675089417,23708.68167367129,23705.497411342087,23706.87515698268,1815
2026-09-01 11:54:00+05:30,23706.87515698268,23708.204949253923,23704.566174368374,23706.5295780769,3767
2026-09-01 11:55:00+05:30,23706.5295780769,23707.435206240978,23705.772316321683,23706.65116729511,4941
2026-09-01 11:56:00+05:30,23706.65116729511,23707.403686496426,23705.701499521183,23707.305722858968,3470
2026-09-01 11:57:00+05:30,23707.305722858968,23708.828450115685,23706.140190873804,23708.642671897098,2920
2026-09-01 11:58:00+05:30,23708.642671897098,23711.938637594565,23708.471164262464,23710.64228451119,3551
2026-09-01 11:59:00+05:30,23710.64228451119,23711.333529995132,23708.10877078809,23709.86541582781,5657
2026-09-01 12:00:00+05:30,23709.86541582781,23713.347047843356,23708.251192709715,23712.73860001897,1500
2026-09-01 12:01:00+05:30,23712.73860001897,23713.430627185717,23711.536819474306,23713.20637089837,3756
2026-09-01 12:02:00+05:30,23713.20637089837,23717.58711587839,23713.163794510943,23717.12298787715,1100
2026-09-01 12:03:00+05:30,23717.12298787715,23717.71918367176,23714.49625581287,23715.75925095487,771
2026-09-01 12:04:00+05:30,23715.75925095487,23719.488880077603,23715.32786939906,23718.021792633674,4332
2026-09-01 12:05:00+05:30,23718.021792633674,23718.202589430708,23716.22848563413,23717.52666096451,4862
2026-09-01 12:06:00+05:30,23717.52666096451,23717.747116202707,23717.463249018325,23717.489111920564,2626
2026-09-01 12:07:00+05:30,23717.489111920564,23718.5735480662,23711.343010772754,23714.173270679734,5730
2026-09-01 12:08:00+05:30,23714.173270679734,23714.334076690047,23713.79657235208,23714.128339964715,5015
2026-09-01 12:09:00+05:30,23714.128339964715,23715.732189295963,23713.93067557624,23715.525554466665,1128
2026-09-01 12:10:00+05:30,23715.525554466665,23718.334586056957,23713.46052976015,23717.237170577257,2812
2026-09-01 12:11:00+05:30,23717.237170577257,23718.611092670315,23715.9874868642,23716.65946953803,4048
2026-09-01 12:12:00+05:30,23716.65946953803,23717.88474632444,23715.825764737354,23715.826672652347,3861
2026-09-01 12:13:00+05:30,23715.826672652347,23718.951785218884,23713.98787090141,23717.46042356136,3211
2026-09-01 12:14:00+05:30,23717.46042356136,23718.894202199503,23716.556801450002,23718.465520243255,4494
2026-09-01 12:15:00+05:30,23718.465520243255,23724.228133645196,23717.619304398177,23723.38577541417,1928
2026-09-01 12:16:00+05:30,23723.38577541417,23723.605571543776,23720.239972270745,23721.655574749122,2682
2026-09-01 12:17:00+05:30,23721.655574749122,23727.28131207817,23721.54912191148,23724.051012964886,3271
2026-09-01 12:18:00+05:30,23724.051012964886,23724.09895910911,23720.991153304898,23721.474851349398,5906
2026-09-01 12:19:00+05:30,23721.474851349398,23723.16182737575,23720.725855325963,23722.89988050625,3451
2026-09-01 12:20:00+05:30,23722.89988050625,23723.314475707535,23719.854745913213,23720.06057582989,4997
2026-09-01 12:21:00+05:30,23720.06057582989,23721.138745541215,23719.83167880301,23721.082653617486,5487
2026-09-01 12:22:00+05:30,23721.082653617486,23721.481219746078,23718.975366309904,23719.488714814648,2050
2026-09-01 12:23:00+05:30,23719.488714814648,23721.566176104414,23718.155739161317,23718.392820451627,1293
2026-09-01 12:24:00+05:30,23718.392820451627,23720.70202670482,23717.931990009358,23719.400360589323,5782
2026-09-01 12:25:00+05:30,23719.400360589323,23720.049612896735,23716.48131619768,23718.586062293125,3482
2026-09-01 12:26:00+05:30,23718.586062293125,23720.744831648943,23715.61632162224,23716.982406819378,3899
2026-09-01 12:27:00+05:30,23716.982406819378,23718.6700531716,23713.53887809994,23714.294703422867,3400
2026-09-01 12:28:00+05:30,23714.294703422867,23715.40432405017,23709.438634144135,23710.22700398098,2134
2026-09-01 12:29:00+05:30,23710.22700398098,23712.002267086747,23710.100841306357,23711.72546877857,4655
2026-09-01 12:30:00+05:30,23711.72546877857,23713.62080566719,23707.890915381784,23708.643314695215,5258
2026-09-01 12:31:00+05:30,23708.643314695215,23710.6027162674,23703.2578388386,23704.955384806668,5026
2026-09-01 12:32:00+05:30,23704.955384806668,23707.11657408513,23704.699693538438,23706.488623138197,1012
2026-09-01 12:33:00+05:30,23706.488623138197,23708.289842121354,23706.287815134674,23707.884233869143,1304
2026-09-01 12:34:00+05:30,23707.884233869143,23708.629589961296,23706.276734056166,23706.830360139178,5453
2026-09-01 12:35:00+05:30,23706.830360139178,23711.046232388948,23706.692306478424,23710.27457960542,5931
2026-09-01 12:36:00+05:30,23710.27457960542,23711.468681288883,23707.566071432673,23709.233182243526,2927
2026-09-01 12:37:00+05:30,23709.233182243526,23714.469905519964,23708.992113188837,23711.913069158072,5167
2026-09-01 12:38:00+05:30,23711.913069158072,23712.21461900999,23710.23191390933,23710.614292943435,1983
2026-09-01 12:39:00+05:30,23710.614292943435,23711.344373318396,23706.686579432517,23706.763184628624,1756
2026-09-01 12:40:00+05:30,23706.763184628624,23707.458558008053,23705.63538558172,23706.307584673563,5877
2026-09-01 12:41:00+05:30,23706.307584673563,23707.731723138604,23703.637012109124,23705.365140954756,2431
2026-09-01 12:42:00+05:30,23705.365140954756,23706.3937904975,23701.83786822799,23702.07437076555,2704
2026-09-01 12:43:00+05:30,23702.07437076555,23703.8756678099,23701.507524136683,23702.951664824246,1223
2026-09-01 12:44:00+05:30,23702.951664824246,23705.130412023565,23702.44436933052,23704.662220091497,2707
2026-09-01 12:45:00+05:30,23704.662220091497,23708.13257911509,23704.32988789799,23706.193593889875,5146
2026-09-01 12:46:00+05:30,23706.193593889875,23710.296505557144,23705.693026505567,23708.74279427084,2017
2026-09-01 12:47:00+05:30,23708.74279427084,23711.302446026984,23705.009526161622,23706.105684293296,5489
2026-09-01 12:48:00+05:30,23706.105684293296,23708.01609017164,23703.5507613806,23705.301953080154,4470
2026-09-01 12:49:00+05:30,23705.301953080154,23706.23962481032,23703.535351907747,23706.040018862685,1116
2026-09-01 12:50:00+05:30,23706.040018862685,23709.481220607973,23705.2943674873,23709.300323339063,5150
2026-09-01 12:51:00+05:30,23709.300323339063,23709.808169237236,23706.26393369894,23706.346998970905,1566
2026-09-01 12:52:00+05:30,23706.346998970905,23709.425504078794,23706.139827023893,23707.579500526586,1552
2026-09-01 12:53:00+05:30,23707.579500526586,23708.871119100455,23703.050951338708,23704.73096979902,5141
2026-09-01 12:54:00+05:30,23704.73096979902,23705.06491309687,23703.98369616645,23704.756033327045,5482
2026-09-01 12:55:00+05:30,23704.756033327045,23707.81542045855,23704.185956521967,23706.89511052782,531
2026-09-01 12:56:00+05:30,23706.89511052782,23708.6639297451,23704.960186219192,23707.250177847796,1675
2026-09-01 12:57:00+05:30,23707.250177847796,23711.654410522715,23705.864189870783,23710.97628389868,750
2026-09-01 12:58:00+05:30,23710.97628389868,23714.149132623523,23710.477202676306,23713.952970883372,1292
2026-09-01 12:59:00+05:30,23713.952970883372,23714.84759076071,23710.254745887058,23712.56165446003,1532
2026-09-01 13:00:00+05:30,23712.56165446003,23715.212867488433,23709.167685418855,23710.731879500338,1017
2026-09-01 13:01:00+05:30,23710.731879500338,23711.71331806224,23708.55681286642,23708.659868404917,2724
2026-09-01 13:02:00+05:30,23708.659868404917,23708.78940274398,23704.100061641988,23705.686103329448,670
2026-09-01 13:03:00+05:30,23705.686103329448,23705.974550889037,23702.92190518723,23704.607312508593,2764
2026-09-01 13:04:00+05:30,23704.607312508593,23706.113675740227,23700.59302240905,23701.895151178305,993
2026-09-01 13:05:00+05:30,23701.895151178305,23702.455579754424,23700.077304183316,23700.724604539682,1034
2026-09-01 13:06:00+05:30,23700.724604539682,23702.7271221072,23699.548292714342,23700.023465583672,5894
2026-09-01 13:07:00+05:30,23700.023465583672,23700.194681878973,23697.78360079798,23698.472111984032,3800
2026-09-01 13:08:00+05:30,23698.472111984032,23700.338277509192,23697.970272625964,23700.079247516107,5117
2026-09-01 13:09:00+05:30,23700.079247516107,23700.131018454886,23697.39902706977,23698.41248030671,4513
2026-09-01 13:10:00+05:30,23698.41248030671,23702.54601039458,23697.63114720197,23701.679340985127,3148
2026-09-01 13:11:00+05:30,23701.679340985127,23704.96378519368,23700.70783308186,23704.401595934367,1005
2026-09-01 13:12:00+05:30,23704.401595934367,23706.187718041027,23703.233970065674,23706.017336518453,2595
2026-09-01 13:13:00+05:30,23706.017336518453,23706.653388237864,23705.592981846603,23706.17806512868,971
2026-09-01 13:14:00+05:30,23706.17806512868,23706.495764985862,23705.349823303433,23705.580312045247,2067
2026-09-01 13:15:00+05:30,23705.580312045247,23709.384267369944,23705.37714418166,23707.693004484703,908
2026-09-01 13:16:00+05:30,23707.693004484703,23709.110901027907,23705.699825056203,23708.164484691024,5164
2026-09-01 13:17:00+05:30,23708.164484691024,23708.463836965475,23704.4996822536,23707.115038011365,4502
2026-09-01 13:18:00+05:30,23707.115038011365,23708.597678382645,23702.845181305587,23704.28579246304,2053
2026-09-01 13:19:00+05:30,23704.28579246304,23706.589155443715,23701.615467564665,23702.886930681918,4418
2026-09-01 13:20:00+05:30,23702.886930681918,23705.84524793937,23700.527778045598,23702.35161218474,4154
2026-09-01 13:21:00+05:30,23702.35161218474,23704.42201420715,23699.778253416378,23701.55315094815,1309
2026-09-01 13:22:00+05:30,23701.55315094815,23703.423406017304,23701.371682243345,23702.792385578636,5094
2026-09-01 13:23:00+05:30,23702.792385578636,23704.943028889844,23699.43648014383,23700.34800710186,4447
2026-09-01 13:24:00+05:30,23700.34800710186,23700.483909687446,23698.95222178826,23700.025572141327,1564
2026-09-01 13:25:00+05:30,23700.025572141327,23700.14720184854,23698.712279707066,23699.68565411372,5260
2026-09-01 13:26:00+05:30,23699.68565411372,23701.869557521215,23699.36373211894,23700.89701585662,1962
2026-09-01 13:27:00+05:30,23700.89701585662,23701.31361987513,23696.504150818357,23697.315249906256,5812
2026-09-01 13:28:00+05:30,23697.315249906256,23697.48406232347,23694.89548646168,23697.40329675663,1278
2026-09-01 13:29:00+05:30,23697.40329675663,23698.689047629334,23694.608973739323,23694.9605810712,957
2026-09-01 13:30:00+05:30,23694.9605810712,23699.47797495766,23694.52341855649,23697.959024243206,1748
2026-09-01 13:31:00+05:30,23697.959024243206,23700.280855821376,23696.116805436475,23699.81201997194,3260
2026-09-01 13:32:00+05:30,23699.81201997194,23701.717944280972,23697.152417964706,23697.195279636726,3725
2026-09-01 13:33:00+05:30,23697.195279636726,23698.294529410832,23692.926887619316,23693.319700683798,2487
2026-09-01 13:34:00+05:30,23693.319700683798,23694.496890735398,23693.035034265966,23693.68596214529,2088
2026-09-01 13:35:00+05:30,23693.68596214529,23697.16495121691,23692.697138526266,23695.82658013779,637
2026-09-01 13:36:00+05:30,23695.82658013779,23696.12171083178,23694.44775369254,23694.89348342931,1989
2026-09-01 13:37:00+05:30,23694.89348342931,23700.787007083025,23694.23326387084,23698.746744654323,4489
2026-09-01 13:38:00+05:30,23698.746744654323,23702.3060736625,23695.891399107808,23701.055266217085,1620
2026-09-01 13:39:00+05:30,23701.055266217085,23701.94491890315,23699.76057272774,23700.438360589585,633
2026-09-01 13:40:00+05:30,23700.438360589585,23701.796641898858,23697.774703289724,23699.05146446841,1693
2026-09-01 13:41:00+05:30,23699.05146446841,23700.67369663335,23694.173720731113,23695.08834105232,5752
2026-09-01 13:42:00+05:30,23695.08834105232,23697.6669727683,23694.032609376707,23696.331100695395,3894
2026-09-01 13:43:00+05:30,23696.331100695395,23699.110344852597,23696.248632376035,23698.28328415093,3703
2026-09-01 13:44:00+05:30,23698.28328415093,23700.372797389347,23697.919654028734,23698.153489155357,2996
2026-09-01 13:45:00+05:30,23698.153489155357,23698.915906044316,23697.878275570158,23697.923191606205,694
2026-09-01 13:46:00+05:30,23697.923191606205,23699.994794807328,23692.841829179404,23695.51576148554,1791
2026-09-01 13:47:00+05:30,23695.51576148554,23697.923458482397,23692.197797806624,23695.74970547915,1843
2026-09-01 13:48:00+05:30,23695.74970547915,23698.8065743097,23691.07783527251,23691.454649284875,3311
2026-09-01 13:49:00+05:30,23691.454649284875,23693.81429731066,23689.792107013112,23691.097984848715,1735
2026-09-01 13:50:00+05:30,23691.097984848715,23691.613479850963,23689.21881213959,23690.482719276217,4126
2026-09-01 13:51:00+05:30,23690.482719276217,23691.85806644961,23689.518352937004,23690.395792021664,856
2026-09-01 13:52:00+05:30,23690.395792021664,23691.82585552772,23685.77280283835,23687.605684501188,5744
2026-09-01 13:53:00+05:30,23687.605684501188,23689.371151364812,23686.327649978455,23686.841783992106,1754
2026-09-01 13:54:00+05:30,23686.841783992106,23686.91405897496,23683.570055009055,23684.77220305316,4685
2026-09-01 13:55:00+05:30,23684.77220305316,23688.00509747712,23684.306836569376,23685.92297546622,794
2026-09-01 13:56:00+05:30,23685.92297546622,23688.108376190638,23682.397577994114,23686.385553511354,4239
2026-09-01 13:57:00+05:30,23686.385553511354,23689.343150568402,23683.653616299096,23688.399351991327,2800
2026-09-01 13:58:00+05:30,23688.399351991327,23689.437488888478,23686.356174875636,23689.125736087928,766
2026-09-01 13:59:00+05:30,23689.125736087928,23689.25967861739,23685.95332019591,23687.44971011393,4218
2026-09-01 14:00:00+05:30,23687.44971011393,23689.462288052673,23686.58808931676,23687.52446012747,4872
2026-09-01 14:01:00+05:30,23687.52446012747,23688.48167125987,23686.55648419467,23687.616122718126,4725
2026-09-01 14:02:00+05:30,23687.616122718126,23690.707067950876,23686.942487845143,23689.002141340727,2742
2026-09-01 14:03:00+05:30,23689.002141340727,23693.74537475372,23687.23836411517,23692.802449372877,2891
2026-09-01 14:04:00+05:30,23692.802449372877,23694.177633820804,23689.564637353502,23694.13115957261,4669
2026-09-01 14:05:00+05:30,23694.13115957261,23699.042335697024,23693.21090114804,23696.49786366994,5200
2026-09-01 14:06:00+05:30,23696.49786366994,23700.160716877534,23696.384689196522,23699.264765219854,5564
2026-09-01 14:07:00+05:30,23699.264765219854,23699.8056229098,23696.462605503144,23697.089523840477,3827
2026-09-01 14:08:00+05:30,23697.089523840477,23699.888477044813,23696.04755816476,23699.672293390828,1612
2026-09-01 14:09:00+05:30,23699.672293390828,23700.192306086734,23695.745276780148,23696.155460930877,3329
2026-09-01 14:10:00+05:30,23696.155460930877,23698.082686734542,23690.15889127972,23693.555508623504,1246
2026-09-01 14:11:00+05:30,23693.555508623504,23695.77137810116,23689.4549808997,23690.190199513814,875
2026-09-01 14:12:00+05:30,23690.190199513814,23692.38603400925,23688.48377507564,23691.985450126384,4072
2026-09-01 14:13:00+05:30,23691.985450126384,23695.393232794668,23691.901715542484,23693.79982531833,5499
2026-09-01 14:14:00+05:30,23693.79982531833,23694.068266111284,23690.587645067506,23692.061026169922,1835
2026-09-01 14:15:00+05:30,23692.061026169922,23697.186881924776,23691.03213482239,23694.748133349774,4216
2026-09-01 14:16:00+05:30,23694.748133349774,23695.407641373014,23693.433081487456,23693.52516352935,3409
2026-09-01 14:17:00+05:30,23693.52516352935,23696.079301406146,23690.29483620687,23691.178695767845,3101
2026-09-01 14:18:00+05:30,23691.178695767845,23691.899975169374,23690.412962681006,23691.721009679914,2450
2026-09-01 14:19:00+05:30,23691.721009679914,23691.843305587274,23688.416462129575,23689.757273594754,1083
2026-09-01 14:20:00+05:30,23689.757273594754,23694.50839191502,23689.001180513715,23693.49601704258,720
2026-09-01 14:21:00+05:30,23693.49601704258,23697.122578966955,23693.353707596663,23696.53687874769,615
2026-09-01 14:22:00+05:30,23696.53687874769,23700.5803743503,23694.976930132525,23698.724225294827,1021
2026-09-01 14:23:00+05:30,23698.724225294827,23701.892855423044,23695.906471709888,23700.35479386503,2179
2026-09-01 14:24:00+05:30,23700.35479386503,23702.916957584363,23699.08035760912,23701.467085236527,3551
2026-09-01 14:25:00+05:30,23701.467085236527,23701.850613768565,23699.065275996858,23699.38001492049,5778
2026-09-01 14:26:00+05:30,23699.38001492049,23699.98182081732,23698.83747586523,23699.851926146668,5886
2026-09-01 14:27:00+05:30,23699.851926146668,23700.994784220988,23694.130045968697,23697.051555713617,619
2026-09-01 14:28:00+05:30,23697.051555713617,23698.51958119988,23696.72535891926,23698.079332333928,3267
2026-09-01 14:29:00+05:30,23698.079332333928,23698.29281567354,23695.320576713613,23696.661588239866,4504
2026-09-01 14:30:00+05:30,23696.661588239866,23699.852408543517,23695.15142755727,23699.343988522836,5863
2026-09-01 14:31:00+05:30,23699.343988522836,23699.474698473547,23695.73067444044,23696.071166062215,1405
2026-09-01 14:32:00+05:30,23696.071166062215,23698.010249164083,23694.990287127475,23696.64709288248,5086
2026-09-01 14:33:00+05:30,23696.64709288248,23697.850418361617,23692.00815015594,23693.262584883105,2855
2026-09-01 14:34:00+05:30,23693.262584883105,23694.52040495544,23693.201101695224,23693.650611297762,5447
2026-09-01 14:35:00+05:30,23693.650611297762,23694.338695994153,23693.464687395175,23693.91764132297,5333
2026-09-01 14:36:00+05:30,23693.91764132297,23698.17081588822,23693.804030531155,23696.38691774117,1370
2026-09-01 14:37:00+05:30,23696.38691774117,23696.470046707163,23690.542681506384,23691.027329423196,5076
2026-09-01 14:38:00+05:30,23691.027329423196,23691.150941882086,23687.42495710546,23688.2944087754,1692
2026-09-01 14:39:00+05:30,23688.2944087754,23690.27960053334,23687.90333493852,23688.594910733853,3143
2026-09-01 14:40:00+05:30,23688.594910733853,23689.80771657932,23688.518529916175,23688.64698564465,1552
2026-09-01 14:41:00+05:30,23688.64698564465,23691.02559110257,23688.2695536994,23689.65054026932,1290
2026-09-01 14:42:00+05:30,23689.65054026932,23691.113110014332,23688.45960960075,23690.849908648568,678
2026-09-01 14:43:00+05:30,23690.849908648568,23693.79312425067,23689.3674461999,23692.66045841565,3154
2026-09-01 14:44:00+05:30,23692.66045841565,23694.225486457926,23692.30260042778,23693.710412158984,3840
2026-09-01 14:45:00+05:30,23693.710412158984,23694.674923829545,23692.10955663799,23694.277639185595,4201
2026-09-01 14:46:00+05:30,23694.277639185595,23695.810815682093,23690.864450104196,23691.018916706784,3216
2026-09-01 14:47:00+05:30,23691.018916706784,23692.507901427638,23690.27837610793,23692.29862016926,1246
2026-09-01 14:48:00+05:30,23692.29862016926,23694.55767138022,23691.492808392548,23694.13445931274,1329
2026-09-01 14:49:00+05:30,23694.13445931274,23696.429719752694,23693.461795527266,23695.606162369066,3160
2026-09-01 14:50:00+05:30,23695.606162369066,23695.682404368577,23693.134568970447,23695.15190580969,1221
2026-09-01 14:51:00+05:30,23695.15190580969,23696.529063852686,23692.677540823446,23692.88323243491,4713
2026-09-01 14:52:00+05:30,23692.88323243491,23696.58641437573,23692.42117986254,23696.39533494008,1258
2026-09-01 14:53:00+05:30,23696.39533494008,23697.173542425957,23695.74333985854,23696.34591675147,1613
2026-09-01 14:54:00+05:30,23696.34591675147,23697.529190814654,23694.039429133827,23696.278519677264,5471
2026-09-01 14:55:00+05:30,23696.278519677264,23697.345581559464,23692.13809850061,23692.59869366652,3795
2026-09-01 14:56:00+05:30,23692.59869366652,23695.600346813244,23692.514475130734,23694.97300886914,2735
2026-09-01 14:57:00+05:30,23694.97300886914,23698.38783049997,23693.668867880973,23697.8515962029,2485
2026-09-01 14:58:00+05:30,23697.8515962029,23699.918776338003,23695.80848164575,23697.015133771427,5931
2026-09-01 14:59:00+05:30,23697.015133771427,23698.956564435182,23696.421415620393,23696.77516490571,3063
2026-09-01 15:00:00+05:30,23696.77516490571,23697.508932995,23696.30283167323,23697.080585855245,1612
2026-09-01 15:01:00+05:30,23697.080585855245,23700.852978948093,23694.360917278347,23698.94691355536,1042
2026-09-01 15:02:00+05:30,23698.94691355536,23704.08070698829,23698.935057221777,23703.878656248686,3303
2026-09-01 15:03:00+05:30,23703.878656248686,23707.51848013474,23701.980210243688,23707.453944115972,3393
2026-09-01 15:04:00+05:30,23707.453944115972,23708.324675362415,23707.173537130657,23708.0356547687,943
2026-09-01 15:05:00+05:30,23708.0356547687,23709.010522923403,23702.708621225185,23704.381448865886,932
2026-09-01 15:06:00+05:30,23704.381448865886,23704.56479420734,23701.3017479644,23701.838498478923,3401
2026-09-01 15:07:00+05:30,23701.838498478923,23705.509091888835,23700.507304538427,23703.880337635575,3652
2026-09-01 15:08:00+05:30,23703.880337635575,23704.595177772924,23701.04822370248,23702.543020874557,3119
2026-09-01 15:09:00+05:30,23702.543020874557,23706.753409297406,23701.426917998324,23705.048209427336,5154
2026-09-01 15:10:00+05:30,23705.048209427336,23707.704935354814,23704.762396071765,23706.603297777267,3057
2026-09-01 15:11:00+05:30,23706.603297777267,23709.30454498864,23704.308797499205,23706.39710967532,2884
2026-09-01 15:12:00+05:30,23706.39710967532,23708.873858529132,23706.388395124257,23708.03663922074,1409
2026-09-01 15:13:00+05:30,23708.03663922074,23708.452557363707,23703.022346884183,23705.348096081416,1994
2026-09-01 15:14:00+05:30,23705.348096081416,23706.04616712264,23702.47192488884,23704.814482507645,3363
2026-09-01 15:15:00+05:30,23704.814482507645,23710.836248237905,23703.82267102761,23709.276779764306,1727
2026-09-01 15:16:00+05:30,23709.276779764306,23712.069069905432,23708.05313856945,23709.994439488448,5291
2026-09-01 15:17:00+05:30,23709.994439488448,23711.431692275604,23706.656540653606,23707.924496823747,2226
2026-09-01 15:18:00+05:30,23707.924496823747,23710.31667243594,23707.62034325495,23708.520612452405,5488
2026-09-01 15:19:00+05:30,23708.520612452405,23709.53617361769,23707.638549425825,23708.92853646173,4967
2026-09-01 15:20:00+05:30,23708.92853646173,23709.817741232393,23708.12899657176,23708.4063143495,1479
2026-09-01 15:21:00+05:30,23708.4063143495,23709.816476386564,23706.005471771547,23707.73930132836,3336
2026-09-01 15:22:00+05:30,23707.73930132836,23709.913237691722,23701.542019108438,23702.93474853448,1115
2026-09-01 15:23:00+05:30,23702.93474853448,23703.710236452313,23699.739141072514,23700.31973282986,5329
2026-09-01 15:24:00+05:30,23700.31973282986,23701.446711975146,23700.000369035177,23701.42468088073,2262
2026-09-01 15:25:00+05:30,23701.42468088073,23702.202496601498,23700.54503308645,23702.18876580793,4425
2026-09-01 15:26:00+05:30,23702.18876580793,23703.262516175524,23700.398844401163,23702.600893663446,3883
2026-09-01 15:27:00+05:30,23702.600893663446,23703.70961174579,23701.222846006476,23701.86703225079,2016
2026-09-01 15:28:00+05:30,23701.86703225079,23708.267815419436,23701.142351383314,23706.929224185955,1503
2026-09-01 15:29:00+05:30,23706.929224185955,23709.94206637364,23705.967104735064,23709.14818923909,3163
